project,version,source_file,name,wmc,dit,noc,cbo,rfc,lcom,ca,ce,npm,lcom3,loc,dam,moa,mfa,cam,ic,cbm,amc,max_cc,avg_cc,bug
lucene,2.0,lucene-2.0.csv,org.apache.lucene.analysis.WhitespaceAnalyzer,2,2,0,3,4,1,0,3,2,2.0,10,0.0,0,0.666666667,0.666666667,0,0,4.0,1,0.5,0
lucene,2.0,lucene-2.0.csv,org.apache.lucene.search.QueryTermVector,10,1,0,4,37,0,0,4,9,0.388888889,278,1.0,0,0.0,0.34,0,0,26.6,5,1.6,0
lucene,2.0,lucene-2.0.csv,org.apache.lucene.analysis.PorterStemmer,27,1,0,1,43,13,1,0,13,0.600961538,1174,1.0,0,0.0,0.25308642,0,0,42.18518519,26,5.7407,0
lucene,2.0,lucene-2.0.csv,org.apache.lucene.index.TermPositions,1,1,0,21,1,0,20,1,1,2.0,1,0.0,0,0.0,1.0,0,0,0.0,1,1.0,3
lucene,2.0,lucene-2.0.csv,org.apache.lucene.analysis.TokenStream,3,1,2,19,4,3,18,1,3,2.0,7,0.0,0,0.0,1.0,0,0,1.333333333,1,0.6667,1
lucene,2.0,lucene-2.0.csv,org.apache.lucene.search.ExactPhraseScorer,2,3,0,8,8,1,2,6,0,2.0,61,0.0,0,0.952380952,0.583333333,1,1,29.5,1,0.5,1
lucene,2.0,lucene-2.0.csv,org.apache.lucene.search.RangeFilter,7,2,0,6,30,1,1,5,7,0.0,373,1.0,0,0.142857143,0.314285714,1,1,51.57142857,12,3.5714,0
lucene,2.0,lucene-2.0.csv,org.apache.lucene.index.SegmentInfo,1,1,0,5,2,0,4,1,1,2.0,16,0.0,1,0.0,1.0,0,0,12.0,0,0.0,6
lucene,2.0,lucene-2.0.csv,org.apache.lucene.store.BufferedIndexInput,9,2,3,4,14,0,3,1,6,0.575,204,0.8,0,0.619047619,0.416666667,1,4,21.11111111,2,1.0,3
lucene,2.0,lucene-2.0.csv,org.apache.lucene.index.TermInfosWriter,6,1,0,8,29,0,2,6,0,0.436363636,383,0.727272727,5,0.0,0.479166667,0,0,61.0,1,0.6667,2
lucene,2.0,lucene-2.0.csv,org.apache.lucene.search.MultiSearcher,15,2,1,19,50,0,2,18,13,0.476190476,557,1.0,1,0.611111111,0.251851852,1,5,35.93333333,6,1.2667,3
lucene,2.0,lucene-2.0.csv,org.apache.lucene.analysis.standard.ParseException,5,4,0,2,18,0,1,1,4,0.55,380,0.4,1,0.866666667,0.4,1,1,74.0,14,4.8,1
lucene,2.0,lucene-2.0.csv,org.apache.lucene.search.MultiPhraseQuery,17,2,0,12,55,12,3,10,13,0.625,404,1.0,0,0.428571429,0.158823529,2,4,22.52941176,7,2.0588,1
lucene,2.0,lucene-2.0.csv,org.apache.lucene.store.IndexOutput,14,1,1,18,17,91,18,0,14,2.0,189,0.0,0,0.0,0.297619048,0,0,12.5,1,0.9286,1
lucene,2.0,lucene-2.0.csv,org.apache.lucene.search.HitQueue,2,2,0,6,4,1,4,2,0,2.0,39,0.0,0,0.916666667,0.666666667,1,3,18.5,4,2.0,0
lucene,2.0,lucene-2.0.csv,org.apache.lucene.search.NonMatchingScorer,6,2,0,4,10,15,1,3,6,2.0,31,0.0,0,0.615384615,0.666666667,1,3,4.166666667,1,0.8333,0
lucene,2.0,lucene-2.0.csv,org.apache.lucene.search.TopFieldDocs,1,2,0,14,2,0,11,3,0,2.0,11,0.0,1,1.0,1.0,0,0,9.0,0,0.0,0
lucene,2.0,lucene-2.0.csv,org.apache.lucene.search.spans.SpanNearQuery,12,3,0,7,46,0,1,7,12,0.613636364,343,1.0,0,0.592592593,0.208333333,2,2,27.25,7,1.75,1
lucene,2.0,lucene-2.0.csv,org.apache.lucene.document.Document,14,1,0,23,35,0,22,1,14,0.5,341,0.5,0,0.0,0.428571429,0,0,23.21428571,5,2.5714,1
lucene,2.0,lucene-2.0.csv,org.apache.lucene.analysis.standard.StandardTokenizerConstants,1,1,0,3,1,0,3,0,0,2.0,87,0.0,0,0.0,0.0,0,0,68.0,0,0.0,0
lucene,2.0,lucene-2.0.csv,org.apache.lucene.queryParser.QueryParserTokenManager,36,1,0,5,52,282,1,4,7,0.720300752,2855,0.210526316,1,0.0,0.405714286,0,0,77.77777778,102,7.0556,4
lucene,2.0,lucene-2.0.csv,org.apache.lucene.search.SloppyPhraseScorer,2,3,0,8,11,0,2,6,0,0.0,106,1.0,0,0.952380952,0.571428571,1,1,51.5,1,0.5,1
lucene,2.0,lucene-2.0.csv,org.apache.lucene.index.TermEnum,6,1,5,25,8,15,24,1,6,2.0,21,0.0,0,0.0,0.583333333,0,0,2.5,1,0.8333,0
lucene,2.0,lucene-2.0.csv,org.apache.lucene.search.MultiSearcherThread,6,2,0,12,12,1,1,11,6,0.64,173,1.0,6,0.921568627,0.35,0,0,26.16666667,6,1.5,0
lucene,2.0,lucene-2.0.csv,org.apache.lucene.index.TermVectorsWriter,15,1,0,13,54,41,2,11,10,0.804761905,675,0.533333333,5,0.0,0.237037037,0,0,43.0,3,1.2,0
lucene,2.0,lucene-2.0.csv,org.apache.lucene.index.FieldsReader,5,1,0,10,36,2,1,9,0,0.625,319,1.0,3,0.0,0.333333333,0,0,62.0,1,0.8,9
lucene,2.0,lucene-2.0.csv,org.apache.lucene.store.FSIndexInput,8,3,0,3,19,12,2,2,4,0.666666667,125,0.666666667,1,0.75,0.3,2,8,14.25,1,0.875,0
lucene,2.0,lucene-2.0.csv,org.apache.lucene.search.Query,13,1,13,45,39,72,42,7,12,0.833333333,249,1.0,0,0.0,0.230769231,0,0,18.07692308,9,1.8462,0
lucene,2.0,lucene-2.0.csv,org.apache.lucene.search.RangeQuery,9,2,0,9,32,0,1,8,9,0.291666667,340,1.0,2,0.6,0.259259259,2,3,36.44444444,11,3.0,0
lucene,2.0,lucene-2.0.csv,org.apache.lucene.search.PrefixQuery,6,2,0,9,28,0,1,8,6,0.0,147,1.0,1,0.705882353,0.333333333,2,3,23.33333333,4,1.5,0
lucene,2.0,lucene-2.0.csv,org.apache.lucene.analysis.standard.StandardTokenizer,15,3,0,9,29,15,1,8,11,0.6,523,0.7,3,0.214285714,0.285714286,1,1,33.2,10,1.7333,0
lucene,2.0,lucene-2.0.csv,org.apache.lucene.search.TopDocs,3,1,1,14,4,0,13,1,2,0.666666667,25,0.333333333,1,0.0,0.583333333,0,0,6.333333333,1,0.6667,0
lucene,2.0,lucene-2.0.csv,org.apache.lucene.analysis.Tokenizer,3,2,3,4,5,1,3,1,1,0.5,17,1.0,0,0.666666667,0.666666667,0,0,4.333333333,1,0.3333,0
lucene,2.0,lucene-2.0.csv,org.apache.lucene.LucenePackage,3,1,0,0,8,3,0,0,1,1.0,27,0.0,0,0.0,0.333333333,0,0,7.666666667,2,1.0,0
lucene,2.0,lucene-2.0.csv,org.apache.lucene.util.BitVector,9,1,0,5,18,0,2,3,8,0.5,1224,1.0,0,0.0,0.5,0,0,134.5555556,3,1.0,2
lucene,2.0,lucene-2.0.csv,org.apache.lucene.util.Parameter,6,1,5,5,18,5,5,0,1,0.6,88,0.5,0,0.0,0.7,0,0,13.33333333,1,0.5,0
lucene,2.0,lucene-2.0.csv,org.apache.lucene.store.RAMDirectory,16,2,0,10,41,10,2,9,15,0.133333333,257,0.0,0,0.5,0.375,0,0,15.0,2,0.875,12
lucene,2.0,lucene-2.0.csv,org.apache.lucene.search.spans.SpanQuery,5,2,5,15,7,10,10,6,4,2.0,14,0.0,0,0.75,0.466666667,1,1,1.8,1,0.8,0
lucene,2.0,lucene-2.0.csv,org.apache.lucene.index.MultipleTermPositions,10,1,0,8,33,25,1,7,10,0.722222222,178,1.0,2,0.0,0.228571429,0,0,16.4,1,0.9,2
lucene,2.0,lucene-2.0.csv,org.apache.lucene.index.MultiTermEnum,5,2,0,6,20,0,1,5,5,0.5,141,1.0,2,0.555555556,0.4,1,2,26.6,1,0.8,0
lucene,2.0,lucene-2.0.csv,org.apache.lucene.queryParser.QueryParser,52,1,1,30,129,888,1,29,32,0.873873874,2830,0.648648649,11,0.0,0.132730015,0,0,52.71153846,23,2.6731,7
lucene,2.0,lucene-2.0.csv,org.apache.lucene.analysis.SimpleAnalyzer,2,2,0,4,4,1,1,3,2,2.0,10,0.0,0,0.666666667,0.666666667,0,0,4.0,1,0.5,0
lucene,2.0,lucene-2.0.csv,org.apache.lucene.search.FieldDocSortedHitQueue,5,2,0,6,21,0,3,3,0,0.375,274,0.0,1,0.733333333,0.5,1,3,53.4,18,5.0,0
lucene,2.0,lucene-2.0.csv,org.apache.lucene.search.HitCollector,2,1,6,21,3,1,21,0,2,2.0,5,0.0,0,0.0,0.666666667,0,0,1.5,1,0.5,0
lucene,2.0,lucene-2.0.csv,org.apache.lucene.analysis.WhitespaceTokenizer,2,4,0,2,4,1,1,1,1,2.0,13,0.0,0,0.857142857,0.666666667,1,1,5.5,2,1.0,0
lucene,2.0,lucene-2.0.csv,org.apache.lucene.search.spans.SpanNotQuery,13,3,0,6,31,0,1,6,11,0.375,218,1.0,2,0.571428571,0.208791209,2,2,15.61538462,6,1.3077,0
lucene,2.0,lucene-2.0.csv,org.apache.lucene.analysis.standard.StandardFilter,3,3,0,5,17,1,1,4,2,0.5,98,1.0,0,0.75,0.75,0,0,31.0,1,0.3333,0
lucene,2.0,lucene-2.0.csv,org.apache.lucene.search.TermQuery,8,2,0,14,22,0,9,6,6,0.142857143,100,1.0,1,0.631578947,0.232142857,2,2,11.375,4,1.375,1
lucene,2.0,lucene-2.0.csv,org.apache.lucene.analysis.CharTokenizer,4,3,2,4,8,4,2,2,2,0.857142857,122,1.0,0,0.5,0.583333333,0,0,27.75,1,0.75,0
lucene,2.0,lucene-2.0.csv,org.apache.lucene.document.DateTools,8,1,0,1,29,16,0,1,6,0.142857143,330,1.0,0,0.0,0.314285714,0,0,40.125,8,2.5,0
lucene,2.0,lucene-2.0.csv,org.apache.lucene.search.ScoreDocComparator,4,1,0,11,6,6,10,3,3,1.0,15,0.0,2,0.0,0.833333333,0,0,2.25,1,0.75,0
lucene,2.0,lucene-2.0.csv,org.apache.lucene.store.Directory,12,1,3,35,13,66,32,3,12,2.0,15,0.0,0,0.0,0.875,0,0,0.25,1,0.9167,6
lucene,2.0,lucene-2.0.csv,org.apache.lucene.search.spans.SpanOrQuery,11,3,0,8,42,0,3,6,10,0.45,285,1.0,0,0.615384615,0.220779221,2,2,24.72727273,7,1.7273,1
lucene,2.0,lucene-2.0.csv,org.apache.lucene.search.WildcardQuery,3,3,0,6,7,3,1,5,2,2.0,23,0.0,0,0.9,0.5,1,1,6.666666667,2,1.0,1
lucene,2.0,lucene-2.0.csv,org.apache.lucene.index.SegmentTermVector,8,1,1,3,15,0,2,1,7,0.571428571,133,1.0,0,0.0,0.35,0,0,15.25,4,1.75,0
lucene,2.0,lucene-2.0.csv,org.apache.lucene.document.DateField,8,1,0,1,25,22,1,0,6,0.428571429,126,1.0,0,0.0,0.178571429,0,0,14.625,5,1.375,0
lucene,2.0,lucene-2.0.csv,org.apache.lucene.search.FieldDoc,2,2,0,4,3,1,3,1,2,1.0,16,0.0,0,0.0,0.875,0,0,6.5,0,0.0,0
lucene,2.0,lucene-2.0.csv,org.apache.lucene.queryParser.TokenMgrError,6,3,0,2,19,15,2,0,4,1.12,184,0.0,0,0.8125,0.5,1,1,28.83333333,14,2.8333,0
lucene,2.0,lucene-2.0.csv,org.apache.lucene.index.SegmentMerger,18,1,0,21,93,0,1,21,0,0.701960784,1039,1.0,8,0.0,0.188888889,0,0,55.88888889,1,0.8889,8
lucene,2.0,lucene-2.0.csv,org.apache.lucene.index.MultiTermDocs,11,1,1,6,20,15,2,4,9,0.514285714,231,1.0,4,0.0,0.246753247,0,0,19.36363636,1,0.9091,0
lucene,2.0,lucene-2.0.csv,org.apache.lucene.search.SortComparatorSource,1,1,0,5,1,0,3,2,1,2.0,1,0.0,0,0.0,1.0,0,0,0.0,1,1.0,0
lucene,2.0,lucene-2.0.csv,org.apache.lucene.search.ReqOptSumScorer,6,2,0,4,15,0,1,3,6,0.466666667,113,1.0,2,0.615384615,0.5,1,3,17.33333333,1,0.8333,0
lucene,2.0,lucene-2.0.csv,org.apache.lucene.search.DisjunctionMaxScorer,11,2,0,4,25,0,1,3,7,0.65,434,1.0,0,0.444444444,0.287878788,1,3,38.09090909,6,1.5455,2
lucene,2.0,lucene-2.0.csv,org.apache.lucene.document.NumberTools,4,1,0,0,18,0,0,0,3,1.166666667,130,0.5,0,0.0,0.333333333,0,0,30.0,6,2.5,0
lucene,2.0,lucene-2.0.csv,org.apache.lucene.search.SimilarityDelegator,7,2,1,2,14,0,1,1,7,0.0,47,1.0,1,0.7,0.428571429,1,2,5.571428571,1,0.8571,0
lucene,2.0,lucene-2.0.csv,org.apache.lucene.analysis.standard.Token,3,1,0,3,4,3,3,0,3,1.4375,23,0.0,2,0.0,0.5,0,0,4.0,2,1.0,0
lucene,2.0,lucene-2.0.csv,org.apache.lucene.search.CachingWrapperFilter,5,2,0,2,16,0,0,2,5,0.5,102,1.0,1,0.2,0.4,1,1,19.0,2,1.0,3
lucene,2.0,lucene-2.0.csv,org.apache.lucene.index.TermPositionVector,2,1,0,4,2,1,2,2,2,2.0,2,0.0,0,0.0,1.0,0,0,0.0,1,1.0,0
lucene,2.0,lucene-2.0.csv,org.apache.lucene.store.RAMFile,1,1,0,3,4,0,3,0,0,2.0,15,0.0,0,0.0,1.0,0,0,11.0,0,0.0,1
lucene,2.0,lucene-2.0.csv,org.apache.lucene.analysis.StopFilter,7,3,0,5,13,15,2,3,7,0.333333333,106,1.0,0,0.5,0.514285714,0,0,13.85714286,3,0.7143,0
lucene,2.0,lucene-2.0.csv,org.apache.lucene.index.Posting,1,1,0,3,2,0,1,2,0,2.0,38,0.0,2,0.0,1.0,0,0,33.0,0,0.0,0
lucene,2.0,lucene-2.0.csv,org.apache.lucene.index.IndexWriter,48,1,0,21,119,742,8,20,32,0.89106383,1211,0.64,6,0.0,0.115277778,0,0,23.70833333,2,0.9792,22
lucene,2.0,lucene-2.0.csv,org.apache.lucene.index.TermInfosReader,16,1,0,8,34,62,2,6,3,0.686666667,461,1.0,6,0.0,0.28125,0,0,27.1875,4,1.1875,4
lucene,2.0,lucene-2.0.csv,org.apache.lucene.search.RemoteSearchable_Stub,13,3,0,11,23,58,0,11,11,0.960526316,656,0.578947368,0,0.476190476,0.21969697,0,0,48.0,1,0.8462,0
lucene,2.0,lucene-2.0.csv,org.apache.lucene.search.PhraseScorer,13,2,2,9,34,0,2,7,6,0.675925926,342,1.0,4,0.4,0.21978022,1,3,24.61538462,3,1.1538,1
lucene,2.0,lucene-2.0.csv,org.apache.lucene.analysis.standard.StandardAnalyzer,7,2,0,8,15,0,0,8,6,0.5,67,0.5,0,0.666666667,0.333333333,0,0,8.285714286,1,0.1429,0
lucene,2.0,lucene-2.0.csv,org.apache.lucene.store.RAMOutputStream,8,3,0,5,21,4,2,3,7,0.357142857,188,1.0,1,0.777777778,0.270833333,1,2,22.25,5,1.25,4
lucene,2.0,lucene-2.0.csv,org.apache.lucene.search.spans.Spans,5,1,0,15,5,10,15,0,5,2.0,5,0.0,0,0.0,0.6,0,0,0.0,1,1.0,0
lucene,2.0,lucene-2.0.csv,org.apache.lucene.index.FieldInfo,1,1,0,6,2,0,6,0,0,2.0,32,0.0,0,0.0,1.0,0,0,24.0,0,0.0,1
lucene,2.0,lucene-2.0.csv,org.apache.lucene.search.HitIterator,5,1,0,2,10,0,1,2,4,0.375,60,1.0,1,0.0,0.6,0,0,10.6,2,1.2,0
lucene,2.0,lucene-2.0.csv,org.apache.lucene.search.BooleanScorer2,20,2,0,15,52,86,5,14,9,0.669172932,449,1.0,3,0.32,0.223684211,1,3,21.1,6,1.75,4
lucene,2.0,lucene-2.0.csv,org.apache.lucene.analysis.Token,9,1,0,13,16,0,13,0,9,0.6,152,0.2,0,0.0,0.518518519,1,1,15.33333333,3,1.1111,2
lucene,2.0,lucene-2.0.csv,org.apache.lucene.index.DocumentWriter,10,1,0,18,87,0,1,18,0,0.700854701,990,1.0,5,0.0,0.254545455,0,0,96.7,10,2.4,6
lucene,2.0,lucene-2.0.csv,org.apache.lucene.util.Constants,2,1,0,0,5,1,0,0,0,1.0,44,0.0,0,0.0,1.0,0,0,17.0,0,0.0,0
lucene,2.0,lucene-2.0.csv,org.apache.lucene.search.MultiTermQuery,7,2,2,10,27,1,2,8,6,0.333333333,134,1.0,1,0.666666667,0.342857143,2,3,18.0,5,1.5714,0
lucene,2.0,lucene-2.0.csv,org.apache.lucene.search.BooleanScorer,11,2,0,8,28,15,2,7,7,0.644444444,440,1.0,3,0.444444444,0.287878788,1,3,38.18181818,2,1.1818,1
lucene,2.0,lucene-2.0.csv,org.apache.lucene.search.QueryFilter,5,2,0,6,20,0,1,6,5,0.375,118,1.0,1,0.2,0.4,1,1,22.2,2,1.0,2
lucene,2.0,lucene-2.0.csv,org.apache.lucene.search.ParallelMultiSearcher,6,3,0,16,33,3,1,16,6,0.4,297,1.0,1,0.87804878,0.351851852,2,3,48.16666667,1,0.8333,0
lucene,2.0,lucene-2.0.csv,org.apache.lucene.search.ConjunctionScorer,12,2,1,7,33,0,4,4,6,0.545454545,237,1.0,0,0.421052632,0.283333333,1,3,18.41666667,2,1.0,1
lucene,2.0,lucene-2.0.csv,org.apache.lucene.util.SmallFloat,7,1,0,1,10,21,1,0,7,2.0,155,0.0,0,0.0,0.321428571,0,0,21.14285714,4,2.5714,0
lucene,2.0,lucene-2.0.csv,org.apache.lucene.analysis.KeywordTokenizer,3,3,0,3,10,1,1,2,3,0.5,63,1.0,0,0.75,0.666666667,0,0,19.0,1,0.3333,0
lucene,2.0,lucene-2.0.csv,org.apache.lucene.queryParser.QueryParserConstants,1,1,0,2,1,0,2,0,0,2.0,169,0.0,0,0.0,0.0,0,0,132.0,0,0.0,1
lucene,2.0,lucene-2.0.csv,org.apache.lucene.index.TermFreqVector,6,1,0,11,6,15,11,0,6,2.0,6,0.0,0,0.0,0.375,0,0,0.0,1,1.0,0
lucene,2.0,lucene-2.0.csv,org.apache.lucene.index.IndexFileNames,2,1,0,3,3,1,3,0,0,1.4,112,0.0,0,0.0,1.0,0,0,52.5,0,0.0,2
lucene,2.0,lucene-2.0.csv,org.apache.lucene.index.SegmentInfos,6,4,0,13,30,3,9,4,5,0.6,216,0.333333333,0,0.94047619,0.5,0,0,34.5,1,0.8333,7
lucene,2.0,lucene-2.0.csv,org.apache.lucene.search.TopDocCollector,5,2,1,7,13,0,2,5,4,0.4375,110,0.5,1,0.25,0.5,0,0,20.2,4,1.6,0
lucene,2.0,lucene-2.0.csv,org.apache.lucene.analysis.LetterTokenizer,2,4,1,2,4,1,1,1,1,2.0,9,0.0,0,0.857142857,0.666666667,1,1,3.5,1,0.5,0
lucene,2.0,lucene-2.0.csv,org.apache.lucene.search.MatchAllDocsQuery,6,2,0,6,14,15,2,5,5,2.0,57,0.0,0,0.705882353,0.333333333,2,3,8.5,3,1.1667,1
lucene,2.0,lucene-2.0.csv,org.apache.lucene.search.FuzzyQuery,10,3,0,13,42,7,1,12,9,0.638888889,280,0.5,0,0.72,0.285714286,3,4,26.6,6,1.4,1
lucene,2.0,lucene-2.0.csv,org.apache.lucene.analysis.standard.TokenMgrError,6,3,0,1,19,15,1,0,4,1.12,184,0.0,0,0.8125,0.5,1,1,28.83333333,14,2.8333,0
lucene,2.0,lucene-2.0.csv,org.apache.lucene.search.Filter,2,1,3,20,3,1,19,1,2,2.0,5,0.0,0,0.0,0.75,0,0,1.5,1,0.5,0
lucene,2.0,lucene-2.0.csv,org.apache.lucene.search.FieldCache,9,1,0,7,10,36,3,6,8,1.0625,16,0.0,1,0.0,0.5625,0,0,0.555555556,1,0.8889,0
lucene,2.0,lucene-2.0.csv,org.apache.lucene.store.IndexInput,14,1,3,24,17,89,24,0,14,0.923076923,224,1.0,0,0.0,0.271428571,0,0,14.92857143,1,0.9286,0
lucene,2.0,lucene-2.0.csv,org.apache.lucene.analysis.standard.CharStream,10,1,0,3,10,45,3,0,10,2.0,10,0.0,0,0.0,0.6,0,0,0.0,1,1.0,1
lucene,2.0,lucene-2.0.csv,org.apache.lucene.analysis.standard.FastCharStream,14,1,0,2,25,3,1,1,13,0.602564103,237,0.0,0,0.0,0.404761905,0,0,15.5,1,0.9286,0
lucene,2.0,lucene-2.0.csv,org.apache.lucene.search.FieldCacheImpl,14,1,0,12,51,67,1,12,8,0.641025641,764,0.666666667,2,0.0,0.401709402,0,0,53.35714286,2,1.1429,2
lucene,2.0,lucene-2.0.csv,org.apache.lucene.search.ReqExclScorer,7,2,0,4,16,0,1,3,6,0.333333333,179,1.0,2,0.571428571,0.476190476,1,3,24.14285714,1,0.8571,0
lucene,2.0,lucene-2.0.csv,org.apache.lucene.analysis.PorterStemFilter,2,3,0,4,6,0,0,4,2,0.0,35,1.0,1,0.75,0.75,0,0,16.0,1,0.5,0
lucene,2.0,lucene-2.0.csv,org.apache.lucene.index.IndexModifier,26,1,0,7,55,0,0,7,22,0.344,707,1.0,4,0.0,0.184615385,0,0,25.80769231,2,1.1538,2
lucene,2.0,lucene-2.0.csv,org.apache.lucene.index.SegmentTermEnum,13,2,0,9,38,0,3,6,4,0.75,354,0.571428571,6,0.294117647,0.211538462,1,2,25.15384615,1,0.9231,2
lucene,2.0,lucene-2.0.csv,org.apache.lucene.search.Searchable,10,1,0,16,10,45,6,10,10,2.0,10,0.0,0,0.0,0.288888889,0,0,0.0,1,1.0,2
lucene,2.0,lucene-2.0.csv,org.apache.lucene.index.SegmentTermPositionVector,4,2,0,4,5,0,1,3,3,0.666666667,65,0.666666667,1,0.777777778,0.476190476,0,0,14.5,4,2.0,1
lucene,2.0,lucene-2.0.csv,org.apache.lucene.analysis.WordlistLoader,4,1,0,2,18,6,2,0,3,2.0,102,0.0,0,0.0,0.25,0,0,24.5,2,1.0,0
lucene,2.0,lucene-2.0.csv,org.apache.lucene.analysis.LowerCaseFilter,2,3,0,4,5,1,1,3,2,2.0,21,0.0,0,0.75,0.75,0,0,9.5,1,0.5,0
lucene,2.0,lucene-2.0.csv,org.apache.lucene.index.MultiReader,26,2,0,15,56,0,1,14,17,0.668571429,601,1.0,1,0.696202532,0.174825175,1,5,21.84615385,6,1.3462,9
lucene,2.0,lucene-2.0.csv,org.apache.lucene.search.spans.SpanScorer,7,2,0,6,25,0,1,5,5,0.520833333,201,1.0,2,0.571428571,0.30952381,1,3,26.57142857,1,0.8571,2
lucene,2.0,lucene-2.0.csv,org.apache.lucene.search.spans.SpanWeight,7,1,0,11,37,0,1,11,7,0.69047619,348,1.0,2,0.0,0.30952381,0,0,47.71428571,1,0.8571,2
lucene,2.0,lucene-2.0.csv,org.apache.lucene.queryParser.CharStream,10,1,0,3,10,45,3,0,10,2.0,10,0.0,0,0.0,0.6,0,0,0.0,1,1.0,0
lucene,2.0,lucene-2.0.csv,org.apache.lucene.search.PhrasePositions,5,1,0,5,12,0,4,1,0,0.583333333,94,0.0,2,0.0,0.533333333,0,0,16.6,1,0.8,1
lucene,2.0,lucene-2.0.csv,org.apache.lucene.search.SortComparator,3,1,0,6,7,3,3,5,2,2.0,21,0.0,0,0.0,0.666666667,0,0,6.0,1,0.6667,0
lucene,2.0,lucene-2.0.csv,org.apache.lucene.index.FieldInfos,19,1,0,18,51,145,12,6,15,0.920634921,437,0.285714286,0,0.0,0.257309942,0,0,21.63157895,7,1.4737,1
lucene,2.0,lucene-2.0.csv,org.apache.lucene.index.CompoundFileWriter,6,1,0,6,39,0,1,5,5,0.6,337,1.0,1,0.0,0.333333333,0,0,54.33333333,4,1.3333,1
lucene,2.0,lucene-2.0.csv,org.apache.lucene.index.ParallelReader,27,2,0,13,80,193,3,13,21,0.814102564,479,1.0,0,0.679012346,0.181481481,1,6,16.51851852,2,1.037,6
lucene,2.0,lucene-2.0.csv,org.apache.lucene.search.TermScorer,9,2,0,10,32,0,1,9,7,0.545454545,409,1.0,2,0.5,0.285714286,1,3,43.22222222,2,1.0,0
lucene,2.0,lucene-2.0.csv,org.apache.lucene.search.FilteredQuery,9,2,0,8,25,0,1,8,8,0.3125,133,0.0,2,0.6,0.222222222,2,4,13.55555556,4,1.2222,4
lucene,2.0,lucene-2.0.csv,org.apache.lucene.util.PriorityQueue,12,1,10,13,13,0,13,0,8,0.454545455,275,1.0,0,0.0,0.444444444,0,0,21.66666667,7,2.0833,0
lucene,2.0,lucene-2.0.csv,org.apache.lucene.search.Similarity,16,1,2,42,25,108,40,4,15,0.866666667,91,1.0,1,0.0,0.185185185,0,0,4.5625,1,0.875,3
lucene,2.0,lucene-2.0.csv,org.apache.lucene.search.FuzzyTermEnum,14,3,0,5,29,53,1,4,6,0.692307692,514,1.0,1,0.541666667,0.333333333,1,4,34.92857143,14,2.2857,0
lucene,2.0,lucene-2.0.csv,org.apache.lucene.store.Lock,6,1,2,16,14,13,16,0,5,0.8,58,0.0,0,0.0,0.6,0,0,8.5,1,0.6667,2
lucene,2.0,lucene-2.0.csv,org.apache.lucene.search.spans.SpanFirstQuery,13,3,0,6,30,0,1,6,11,0.416666667,176,1.0,1,0.571428571,0.192307692,2,2,12.38461538,6,1.3077,0
lucene,2.0,lucene-2.0.csv,org.apache.lucene.search.TopFieldDocCollector,3,3,0,11,13,1,1,10,3,2.0,70,0.0,0,0.666666667,0.533333333,1,3,22.33333333,2,1.3333,0
lucene,2.0,lucene-2.0.csv,org.apache.lucene.index.IndexFileNameFilter,2,1,0,2,9,1,1,1,2,2.0,48,0.0,0,0.0,0.666666667,0,0,23.0,6,3.0,0
lucene,2.0,lucene-2.0.csv,org.apache.lucene.analysis.LowerCaseTokenizer,2,5,0,3,4,1,2,1,1,2.0,9,0.0,0,0.875,0.666666667,1,1,3.5,1,0.5,0
lucene,2.0,lucene-2.0.csv,org.apache.lucene.search.Hit,8,1,0,3,19,2,1,2,6,0.178571429,116,1.0,2,0.0,0.34375,0,0,13.0,2,1.0,1
lucene,2.0,lucene-2.0.csv,org.apache.lucene.search.DisjunctionMaxQuery,14,2,0,6,38,0,1,6,11,0.384615385,318,1.0,0,0.5,0.171428571,2,5,21.57142857,6,1.5714,1
lucene,2.0,lucene-2.0.csv,org.apache.lucene.index.FieldsWriter,4,1,0,7,38,0,2,5,0,0.888888889,224,0.5,3,0.0,0.375,0,0,53.5,2,1.0,2
lucene,2.0,lucene-2.0.csv,org.apache.lucene.index.SegmentTermPositions,8,2,0,5,17,0,1,5,4,0.523809524,108,1.0,1,0.611111111,0.3,1,3,12.125,1,0.875,4
lucene,2.0,lucene-2.0.csv,org.apache.lucene.search.FilteredTermEnum,9,2,2,7,14,8,5,2,6,0.5,103,1.0,2,0.384615385,0.407407407,1,2,10.22222222,2,1.0,0
lucene,2.0,lucene-2.0.csv,org.apache.lucene.index.TermDocs,8,1,0,19,8,28,17,2,8,2.0,8,0.0,0,0.0,0.3,0,0,0.0,1,1.0,0
lucene,2.0,lucene-2.0.csv,org.apache.lucene.index.SegmentReader,40,2,0,29,123,576,6,26,19,0.883861237,1200,0.470588235,8,0.591397849,0.136752137,1,5,28.575,26,1.75,11
lucene,2.0,lucene-2.0.csv,org.apache.lucene.search.FieldSortedHitQueue,16,2,0,15,55,98,1,14,4,0.833333333,498,0.75,2,0.44,0.296296296,1,3,29.875,7,1.5625,2
lucene,2.0,lucene-2.0.csv,org.apache.lucene.analysis.PerFieldAnalyzerWrapper,4,2,0,2,13,0,0,2,4,0.166666667,57,1.0,1,0.4,0.5625,0,0,12.75,2,1.0,1
lucene,2.0,lucene-2.0.csv,org.apache.lucene.search.BooleanQuery,22,2,0,20,60,79,12,12,19,0.742857143,439,1.0,0,0.387096774,0.119047619,2,6,18.72727273,12,1.7273,4
lucene,2.0,lucene-2.0.csv,org.apache.lucene.index.TermInfo,5,1,0,8,6,0,8,0,0,0.125,100,0.0,0,0.0,0.55,0,0,18.2,1,0.4,0
lucene,2.0,lucene-2.0.csv,org.apache.lucene.index.Term,12,1,0,58,21,0,58,0,9,0.136363636,128,0.0,0,0.0,0.291666667,1,1,9.5,4,1.1667,1
lucene,2.0,lucene-2.0.csv,org.apache.lucene.search.ConstantScoreQuery,7,2,0,8,18,9,3,6,6,0.5,89,1.0,1,0.666666667,0.265306122,2,3,11.57142857,5,1.5714,1
lucene,2.0,lucene-2.0.csv,org.apache.lucene.search.RemoteSearchable,12,4,0,12,29,0,0,12,12,0.0,113,1.0,1,0.620689655,0.21969697,0,0,8.333333333,1,0.9167,2
lucene,2.0,lucene-2.0.csv,org.apache.lucene.index.FilterIndexReader,24,2,0,9,49,0,0,9,19,0.0,142,1.0,1,0.705128205,0.21875,1,5,4.875,1,0.9583,4
lucene,2.0,lucene-2.0.csv,org.apache.lucene.queryParser.MultiFieldQueryParser,10,2,0,9,27,15,0,9,4,0.333333333,382,1.0,0,0.842105263,0.3375,1,6,37.1,1,0.9,1
lucene,2.0,lucene-2.0.csv,org.apache.lucene.index.SegmentMergeQueue,3,2,0,5,9,3,2,3,0,2.0,47,0.0,0,0.846153846,0.555555556,1,3,14.66666667,4,1.6667,0
lucene,2.0,lucene-2.0.csv,org.apache.lucene.util.ToStringUtils,2,1,0,15,7,1,15,0,2,2.0,21,0.0,0,0.0,0.5,0,0,9.5,2,1.0,0
lucene,2.0,lucene-2.0.csv,org.apache.lucene.search.ScoreDoc,1,1,1,19,2,0,19,0,1,2.0,12,0.0,0,0.0,1.0,0,0,9.0,0,0.0,0
lucene,2.0,lucene-2.0.csv,org.apache.lucene.analysis.LengthFilter,2,3,0,3,6,0,0,3,2,0.0,41,0.0,0,0.75,0.666666667,0,0,18.5,1,0.5,0
lucene,2.0,lucene-2.0.csv,org.apache.lucene.search.IndexSearcher,14,2,0,19,32,1,3,17,13,0.346153846,157,0.5,1,0.6875,0.202380952,1,3,10.07142857,1,0.7143,2
lucene,2.0,lucene-2.0.csv,org.apache.lucene.queryParser.ParseException,5,3,0,3,18,0,2,1,4,0.55,387,0.4,1,0.866666667,0.4,1,1,75.4,14,4.8,0
lucene,2.0,lucene-2.0.csv,org.apache.lucene.search.Weight,6,1,0,40,6,15,37,4,6,2.0,6,0.0,0,0.0,0.416666667,0,0,0.0,1,1.0,0
lucene,2.0,lucene-2.0.csv,org.apache.lucene.search.Scorer,9,1,15,33,11,34,30,3,7,0.875,47,1.0,1,0.0,0.416666667,0,0,4.111111111,1,0.8889,0
lucene,2.0,lucene-2.0.csv,org.apache.lucene.index.IndexReader,57,1,4,80,108,1504,66,16,43,0.867346939,724,1.0,3,0.0,0.115288221,0,0,11.57894737,12,1.1754,11
lucene,2.0,lucene-2.0.csv,org.apache.lucene.analysis.StopAnalyzer,7,2,0,6,13,0,1,5,6,0.5,197,0.5,0,0.666666667,0.333333333,0,0,26.85714286,1,0.1429,0
lucene,2.0,lucene-2.0.csv,org.apache.lucene.index.TermVectorsReader,9,1,0,8,36,8,1,7,0,0.625,648,1.0,4,0.0,0.24691358,0,0,70.22222222,4,1.2222,2
lucene,2.0,lucene-2.0.csv,org.apache.lucene.analysis.standard.StandardTokenizerTokenManager,22,1,0,5,38,153,1,4,7,0.848484848,3709,0.121212121,1,0.0,0.380952381,0,0,166.0909091,236,13.7727,1
lucene,2.0,lucene-2.0.csv,org.apache.lucene.store.FSIndexOutput,6,3,0,2,14,0,1,1,5,0.0,49,0.0,0,0.807692308,0.333333333,1,2,7.0,1,0.8333,0
lucene,2.0,lucene-2.0.csv,org.apache.lucene.analysis.ISOLatin1AccentFilter,3,3,0,3,16,3,0,3,3,2.0,178,0.0,0,0.6,0.444444444,0,0,58.33333333,3,1.3333,1
lucene,2.0,lucene-2.0.csv,org.apache.lucene.search.SortField,15,1,0,9,22,0,8,1,14,0.852040816,297,0.285714286,3,0.0,0.380952381,0,0,17.86666667,7,0.8,0
lucene,2.0,lucene-2.0.csv,org.apache.lucene.index.MultiTermPositions,3,2,0,5,6,3,1,4,2,2.0,16,0.0,0,0.833333333,0.5,1,1,4.333333333,1,0.6667,0
lucene,2.0,lucene-2.0.csv,org.apache.lucene.queryParser.FastCharStream,14,1,0,2,25,3,1,1,13,0.602564103,237,0.0,0,0.0,0.404761905,0,0,15.5,1,0.9286,0
lucene,2.0,lucene-2.0.csv,org.apache.lucene.search.WildcardTermEnum,6,3,0,5,20,5,1,4,5,0.825,247,0.0,1,0.722222222,0.333333333,1,4,38.83333333,16,3.6667,0
lucene,2.0,lucene-2.0.csv,org.apache.lucene.search.Sort,14,1,0,12,22,61,11,1,13,0.692307692,175,0.0,3,0.0,0.320512821,0,0,11.28571429,3,0.7143,0
lucene,2.0,lucene-2.0.csv,org.apache.lucene.search.DefaultSimilarity,7,2,0,3,10,21,3,1,7,2.0,54,0.0,0,0.7,0.5,1,2,6.714285714,1,0.8571,0
lucene,2.0,lucene-2.0.csv,org.apache.lucene.search.ConstantScoreRangeQuery,10,2,0,5,24,0,0,5,10,0.444444444,313,1.0,0,0.571428571,0.3,2,3,29.8,13,3.1,0
lucene,2.0,lucene-2.0.csv,org.apache.lucene.analysis.TokenFilter,2,2,6,7,4,0,6,1,1,0.0,13,1.0,1,0.666666667,0.75,0,0,5.0,1,0.5,0
lucene,2.0,lucene-2.0.csv,org.apache.lucene.search.PhraseQueue,2,2,0,5,4,1,3,2,0,2.0,37,0.0,0,0.916666667,0.666666667,1,3,17.5,4,2.0,1
lucene,2.0,lucene-2.0.csv,org.apache.lucene.store.MMapDirectory,2,3,0,5,10,1,0,5,2,1.0,48,1.0,0,0.972222222,0.75,0,0,22.5,1,0.5,0
lucene,2.0,lucene-2.0.csv,org.apache.lucene.search.HitDoc,1,1,0,2,2,0,1,1,0,2.0,18,0.0,3,0.0,1.0,0,0,12.0,0,0.0,0
lucene,2.0,lucene-2.0.csv,org.apache.lucene.search.Explanation,11,1,0,33,19,41,33,0,10,0.633333333,186,1.0,0,0.0,0.309090909,0,0,15.63636364,4,1.4545,2
lucene,2.0,lucene-2.0.csv,org.apache.lucene.index.SegmentMergeInfo,5,1,0,7,14,0,3,4,0,0.75,108,0.333333333,4,0.0,0.4,0,0,19.4,5,1.6,0
lucene,2.0,lucene-2.0.csv,org.apache.lucene.index.SegmentTermDocs,12,1,1,11,23,16,2,10,8,0.670454545,420,0.875,4,0.0,0.197916667,0,0,32.66666667,1,0.9167,2
lucene,2.0,lucene-2.0.csv,org.apache.lucene.index.CompoundFileReader,14,2,0,10,38,43,3,7,14,0.75,246,1.0,2,0.458333333,0.595238095,0,0,16.28571429,1,0.9286,1
lucene,2.0,lucene-2.0.csv,org.apache.lucene.search.PhraseQuery,15,2,0,9,43,0,3,7,11,0.589285714,302,1.0,0,0.461538462,0.191666667,2,3,18.86666667,6,1.8,0
lucene,2.0,lucene-2.0.csv,org.apache.lucene.search.spans.NearSpans,22,1,0,6,52,95,3,6,7,0.748917749,563,1.0,5,0.0,0.194805195,0,0,24.09090909,5,1.5,1
lucene,2.0,lucene-2.0.csv,org.apache.lucene.search.Hits,11,1,0,12,28,19,3,11,5,0.64,338,1.0,6,0.0,0.324675325,0,0,28.81818182,4,1.1818,1
lucene,2.0,lucene-2.0.csv,org.apache.lucene.queryParser.Token,3,1,0,4,4,3,4,0,3,1.4375,23,0.0,2,0.0,0.5,0,0,4.0,2,1.0,0
lucene,2.0,lucene-2.0.csv,org.apache.lucene.search.spans.SpanTermQuery,10,3,0,6,27,0,1,6,9,0.111111111,116,1.0,1,0.64,0.214285714,2,2,10.5,4,1.3,1
lucene,2.0,lucene-2.0.csv,org.apache.lucene.util.StringHelper,2,1,0,2,5,1,2,0,1,2.0,36,0.0,0,0.0,0.5,0,0,17.0,4,2.0,0
lucene,2.0,lucene-2.0.csv,org.apache.lucene.store.RAMInputStream,5,3,0,3,8,2,1,2,5,0.666666667,93,1.0,1,0.84,0.36,1,5,17.0,3,1.2,2
lucene,2.0,lucene-2.0.csv,org.apache.lucene.search.Searcher,23,1,3,34,28,247,24,13,22,0.909090909,131,1.0,1,0.0,0.273913043,0,0,4.652173913,1,0.9565,1
lucene,2.0,lucene-2.0.csv,org.apache.lucene.analysis.Analyzer,3,1,6,13,4,3,12,1,3,2.0,8,0.0,0,0.0,0.666666667,0,0,1.666666667,1,0.6667,0
lucene,2.0,lucene-2.0.csv,org.apache.lucene.search.DisjunctionSumScorer,10,2,1,6,34,1,3,4,8,0.46031746,288,1.0,1,0.5,0.5,1,3,27.1,1,0.8,1
lucene,2.0,lucene-2.0.csv,org.apache.lucene.index.TermBuffer,11,1,0,4,25,0,1,3,6,0.52,241,1.0,1,0.0,0.242857143,0,0,20.45454545,3,1.4545,0
lucene,2.0,lucene-2.0.csv,org.apache.lucene.store.BufferedIndexOutput,9,2,2,3,11,8,2,1,8,0.5,175,0.75,0,0.619047619,0.333333333,1,3,18.0,1,0.8889,2
lucene,2.0,lucene-2.0.csv,org.apache.lucene.index.TermVectorOffsetInfo,9,1,0,7,10,2,7,0,8,0.666666667,83,0.666666667,1,0.0,0.5,1,1,7.888888889,5,1.1111,0
lucene,2.0,lucene-2.0.csv,org.apache.lucene.document.Field,23,1,0,9,34,93,6,3,22,0.704545455,726,1.0,0,0.0,0.198067633,0,0,30.04347826,17,1.8261,1
lucene,2.0,lucene-2.0.csv,org.apache.lucene.analysis.KeywordAnalyzer,2,2,0,3,4,1,0,3,2,2.0,10,0.0,0,0.666666667,0.666666667,0,0,4.0,1,0.5,0
lucene,2.0,lucene-2.0.csv,org.apache.lucene.store.FSDirectory,26,2,1,13,80,53,6,8,18,0.854545455,938,0.818181818,0,0.314285714,0.296,0,0,34.65384615,2,1.0,14
lucene,2.0,lucene-2.0.csv,org.apache.lucene.search.BooleanClause,10,1,0,7,18,0,6,2,10,0.333333333,107,1.0,2,0.0,0.375,1,1,9.5,4,1.4,1
lucene,2.2,lucene-2.2.csv,org.apache.lucene.search.FuzzyQuery,10,3,0,13,42,7,1,12,9,0.638888889,280,0.5,0,0.72,0.285714286,3,4,26.6,6,1.4,1
lucene,2.2,lucene-2.2.csv,org.apache.lucene.index.MultiLevelSkipListReader,10,1,1,4,21,0,1,3,1,0.619047619,477,1.0,1,0.0,0.5,0,0,45.3,2,1.0,1
lucene,2.2,lucene-2.2.csv,org.apache.lucene.store.RAMDirectory,17,2,0,11,42,0,2,10,15,0.5625,393,0.333333333,0,0.586206897,0.352941176,1,5,21.94117647,2,0.8824,2
lucene,2.2,lucene-2.2.csv,org.apache.lucene.search.spans.SpanQuery,5,2,5,17,7,10,12,6,4,2.0,14,0.0,0,0.75,0.466666667,1,1,1.8,1,0.8,0
lucene,2.2,lucene-2.2.csv,org.apache.lucene.index.TermPositions,4,1,0,23,4,6,22,1,4,2.0,4,0.0,0,0.0,0.5,0,0,0.0,1,1.0,1
lucene,2.2,lucene-2.2.csv,org.apache.lucene.search.function.DocValues,14,1,6,16,19,79,15,1,11,0.723076923,133,1.0,0,0.0,0.785714286,0,0,8.142857143,3,1.0,1
lucene,2.2,lucene-2.2.csv,org.apache.lucene.analysis.standard.CharStream,12,1,0,3,12,66,3,0,12,2.0,12,0.0,0,0.0,0.583333333,0,0,0.0,1,1.0,0
lucene,2.2,lucene-2.2.csv,org.apache.lucene.analysis.standard.FastCharStream,14,1,0,2,25,3,1,1,13,0.602564103,237,0.0,0,0.0,0.404761905,0,0,15.5,1,0.9286,0
lucene,2.2,lucene-2.2.csv,org.apache.lucene.search.FieldCacheImpl,14,1,0,22,29,67,9,22,12,0.897435897,199,0.333333333,12,0.0,0.403846154,0,0,12.35714286,1,0.8571,4
lucene,2.2,lucene-2.2.csv,org.apache.lucene.document.LoadFirstFieldSelector,2,1,0,2,3,1,0,2,2,2.0,7,0.0,0,0.0,0.75,0,0,2.5,1,0.5,0
lucene,2.2,lucene-2.2.csv,org.apache.lucene.index.SegmentInfo,18,1,0,12,44,0,8,4,4,0.678733032,981,0.461538462,1,0.0,0.243055556,0,0,52.77777778,4,1.3333,3
lucene,2.2,lucene-2.2.csv,org.apache.lucene.store.BufferedIndexInput,15,2,2,4,30,21,3,1,9,0.705357143,438,0.625,0,0.538461538,0.328571429,1,4,27.66666667,7,1.2667,3
lucene,2.2,lucene-2.2.csv,org.apache.lucene.index.TermInfosWriter,6,1,0,9,29,0,2,7,0,0.45,395,0.666666667,5,0.0,0.479166667,0,0,62.83333333,1,0.6667,3
lucene,2.2,lucene-2.2.csv,org.apache.lucene.index.DefaultSkipListReader,8,2,0,3,15,0,1,2,0,0.571428571,158,1.0,0,0.5625,0.425,1,3,17.875,1,0.875,0
lucene,2.2,lucene-2.2.csv,org.apache.lucene.search.MultiSearcher,16,2,1,22,53,0,2,21,14,0.466666667,577,1.0,1,0.594594595,0.23125,1,5,34.875,6,1.25,0
lucene,2.2,lucene-2.2.csv,org.apache.lucene.search.Searchable,11,1,0,18,11,55,6,12,11,2.0,11,0.0,0,0.0,0.263636364,0,0,0.0,1,1.0,2
lucene,2.2,lucene-2.2.csv,org.apache.lucene.search.MultiPhraseQuery,17,2,0,12,55,12,3,10,13,0.625,407,1.0,0,0.428571429,0.158823529,2,4,22.70588235,7,2.0588,2
lucene,2.2,lucene-2.2.csv,org.apache.lucene.store.IndexOutput,15,1,2,19,18,105,19,0,15,2.0,196,0.0,0,0.0,0.311111111,0,0,12.06666667,1,0.9333,2
lucene,2.2,lucene-2.2.csv,org.apache.lucene.analysis.WordlistLoader,4,1,0,2,17,6,2,0,4,2.0,147,0.0,0,0.0,0.333333333,0,0,35.75,1,0.75,0
lucene,2.2,lucene-2.2.csv,org.apache.lucene.search.spans.TermSpans,8,1,0,6,19,0,3,3,8,0.666666667,160,1.0,2,0.0,0.34375,0,0,18.25,3,1.125,0
lucene,2.2,lucene-2.2.csv,org.apache.lucene.analysis.LowerCaseFilter,2,3,0,4,5,1,1,3,2,2.0,21,0.0,0,0.8,0.75,0,0,9.5,1,0.5,1
lucene,2.2,lucene-2.2.csv,org.apache.lucene.index.MultiReader,28,2,0,17,61,0,1,16,17,0.682539683,664,1.0,1,0.697674419,0.157738095,1,9,22.46428571,6,1.3929,4
lucene,2.2,lucene-2.2.csv,org.apache.lucene.search.spans.SpanScorer,7,2,1,7,25,0,2,5,5,0.520833333,201,1.0,2,0.571428571,0.30952381,1,3,26.57142857,1,0.8571,1
lucene,2.2,lucene-2.2.csv,org.apache.lucene.search.spans.SpanNearQuery,12,3,0,8,47,0,2,8,12,0.590909091,353,1.0,0,0.592592593,0.208333333,2,2,28.08333333,7,1.75,0
lucene,2.2,lucene-2.2.csv,org.apache.lucene.document.Document,17,1,0,24,39,0,22,2,17,0.5,415,0.5,0,0.0,0.426470588,0,0,23.29411765,5,2.5882,5
lucene,2.2,lucene-2.2.csv,org.apache.lucene.queryParser.CharStream,12,1,0,3,12,66,3,0,12,2.0,12,0.0,0,0.0,0.583333333,0,0,0.0,1,1.0,2
lucene,2.2,lucene-2.2.csv,org.apache.lucene.search.PhrasePositions,5,1,0,6,12,0,5,1,0,0.678571429,95,0.0,2,0.0,0.533333333,0,0,16.6,1,0.8,0
lucene,2.2,lucene-2.2.csv,org.apache.lucene.search.SloppyPhraseScorer,4,3,0,9,19,0,3,7,0,0.555555556,326,1.0,1,0.869565217,0.34375,1,1,79.75,4,1.5,1
lucene,2.2,lucene-2.2.csv,org.apache.lucene.index.FieldInfos,20,1,0,18,51,164,12,6,16,0.940789474,482,0.25,0,0.0,0.261111111,0,0,22.7,8,1.5,2
lucene,2.2,lucene-2.2.csv,org.apache.lucene.document.FieldSelector,1,1,0,18,1,0,17,1,1,2.0,1,0.0,0,0.0,1.0,0,0,0.0,1,1.0,0
lucene,2.2,lucene-2.2.csv,org.apache.lucene.index.CompoundFileWriter,6,1,0,6,39,0,1,5,5,0.6,339,1.0,1,0.0,0.333333333,0,0,54.66666667,4,1.3333,3
lucene,2.2,lucene-2.2.csv,org.apache.lucene.search.PrefixFilter,4,2,0,4,13,0,1,4,4,0.0,52,1.0,1,0.25,0.5,0,0,11.75,1,0.75,1
lucene,2.2,lucene-2.2.csv,org.apache.lucene.index.TermVectorsWriter,15,1,0,13,54,41,2,11,10,0.804761905,675,0.533333333,5,0.0,0.237037037,0,0,43.0,3,1.2,3
lucene,2.2,lucene-2.2.csv,org.apache.lucene.search.function.FieldScoreQuery,2,3,0,7,12,1,0,7,1,2.0,52,0.0,0,0.947368421,0.833333333,0,0,25.0,5,2.5,0
lucene,2.2,lucene-2.2.csv,org.apache.lucene.index.FieldsReader,18,1,0,17,61,69,2,16,0,0.806722689,745,1.0,4,0.0,0.237373737,0,0,40.0,5,1.3333,11
lucene,2.2,lucene-2.2.csv,org.apache.lucene.util.PriorityQueue,12,1,9,12,13,0,12,0,8,0.454545455,275,1.0,0,0.0,0.444444444,0,0,21.66666667,7,2.0833,1
lucene,2.2,lucene-2.2.csv,org.apache.lucene.search.Query,13,1,15,51,39,72,48,7,12,0.833333333,249,1.0,0,0.0,0.230769231,0,0,18.07692308,9,1.8462,0
lucene,2.2,lucene-2.2.csv,org.apache.lucene.index.MultipleTermPositions,13,1,0,8,36,58,1,7,13,0.791666667,191,1.0,2,0.0,0.201923077,0,0,13.38461538,1,0.9231,1
lucene,2.2,lucene-2.2.csv,org.apache.lucene.index.MultiTermEnum,5,2,0,6,20,0,1,5,5,0.5,141,1.0,2,0.555555556,0.4,1,2,26.6,1,0.8,0
lucene,2.2,lucene-2.2.csv,org.apache.lucene.queryParser.QueryParser,64,1,1,34,151,1520,1,33,40,0.893046107,3329,0.595238095,12,0.0,0.112169312,0,0,50.359375,23,2.4844,7
lucene,2.2,lucene-2.2.csv,org.apache.lucene.analysis.SimpleAnalyzer,2,2,0,4,4,1,1,3,2,2.0,10,0.0,0,0.666666667,0.666666667,0,0,4.0,1,0.5,0
lucene,2.2,lucene-2.2.csv,org.apache.lucene.search.FieldDocSortedHitQueue,5,2,0,6,21,0,3,3,0,0.375,274,0.0,1,0.733333333,0.5,1,3,53.4,18,5.0,2
lucene,2.2,lucene-2.2.csv,org.apache.lucene.search.function.FieldCacheSource,8,2,4,8,12,8,4,4,8,0.5,68,1.0,1,0.416666667,0.3125,2,2,7.25,5,1.375,2
lucene,2.2,lucene-2.2.csv,org.apache.lucene.search.BooleanQuery,27,2,0,19,64,171,12,11,22,0.769230769,443,1.0,0,0.333333333,0.102564103,2,6,15.22222222,12,1.5926,3
lucene,2.2,lucene-2.2.csv,org.apache.lucene.index.TermInfo,5,1,0,8,6,0,8,0,0,0.125,100,0.0,0,0.0,0.55,0,0,18.2,1,0.4,0
lucene,2.2,lucene-2.2.csv,org.apache.lucene.index.Term,12,1,0,71,21,0,71,0,9,0.136363636,138,0.0,0,0.0,0.291666667,1,1,10.33333333,6,1.3333,1
lucene,2.2,lucene-2.2.csv,org.apache.lucene.search.PrefixGenerator,2,1,1,6,16,0,1,5,1,0.0,66,1.0,1,0.0,0.666666667,0,0,31.5,1,0.5,0
lucene,2.2,lucene-2.2.csv,org.apache.lucene.search.TermQuery,8,2,0,15,22,0,10,6,6,0.142857143,100,1.0,1,0.631578947,0.232142857,2,2,11.375,4,1.375,1
lucene,2.2,lucene-2.2.csv,org.apache.lucene.analysis.CharTokenizer,4,3,2,4,8,4,2,2,2,0.857142857,122,1.0,0,0.571428571,0.583333333,0,0,27.75,1,0.75,2
lucene,2.2,lucene-2.2.csv,org.apache.lucene.index.CorruptIndexException,1,4,0,28,2,0,28,0,1,2.0,5,0.0,0,1.0,1.0,0,0,4.0,0,0.0,0
lucene,2.2,lucene-2.2.csv,org.apache.lucene.queryParser.MultiFieldQueryParser,11,2,0,9,31,23,0,9,5,0.55,410,1.0,0,0.869565217,0.313131313,1,5,36.09090909,1,0.8182,2
lucene,2.2,lucene-2.2.csv,org.apache.lucene.index.SegmentMergeQueue,3,2,0,5,9,3,2,3,0,2.0,47,0.0,0,0.846153846,0.555555556,1,3,14.66666667,4,1.6667,0
lucene,2.2,lucene-2.2.csv,org.apache.lucene.store.Directory,18,1,3,36,33,141,32,4,18,0.823529412,177,1.0,1,0.0,0.296296296,0,0,8.777777778,1,0.9444,4
lucene,2.2,lucene-2.2.csv,org.apache.lucene.analysis.PorterStemmer,27,1,0,1,43,13,1,0,13,0.600961538,1174,1.0,0,0.0,0.25308642,0,0,42.18518519,26,5.7407,1
lucene,2.2,lucene-2.2.csv,org.apache.lucene.search.Searcher,23,1,3,40,28,247,29,14,22,0.909090909,131,1.0,1,0.0,0.273913043,0,0,4.652173913,1,0.9565,4
lucene,2.2,lucene-2.2.csv,org.apache.lucene.search.payloads.BoostingTermQuery,3,4,0,5,7,3,1,5,2,2.0,38,0.0,0,0.923076923,0.5,1,1,11.66666667,4,1.6667,4
lucene,2.2,lucene-2.2.csv,org.apache.lucene.analysis.Analyzer,3,1,6,13,4,3,12,1,3,2.0,8,0.0,0,0.0,0.666666667,0,0,1.666666667,1,0.6667,1
lucene,2.2,lucene-2.2.csv,org.apache.lucene.store.SimpleFSLockFactory,6,2,0,4,17,3,1,3,4,0.2,102,1.0,0,0.571428571,0.611111111,0,0,15.83333333,2,0.6667,3
lucene,2.2,lucene-2.2.csv,org.apache.lucene.search.DisjunctionSumScorer,12,2,1,7,37,0,2,5,9,0.454545455,357,1.0,1,0.444444444,0.416666667,1,3,28.08333333,1,0.8333,0
lucene,2.2,lucene-2.2.csv,org.apache.lucene.index.TermBuffer,11,1,0,4,25,0,1,3,6,0.52,241,1.0,1,0.0,0.242857143,0,0,20.45454545,3,1.4545,0
lucene,2.2,lucene-2.2.csv,org.apache.lucene.store.BufferedIndexOutput,10,2,1,2,12,17,1,1,8,0.555555556,185,0.75,0,0.608695652,0.36,1,3,17.1,1,0.9,0
lucene,2.2,lucene-2.2.csv,org.apache.lucene.index.TermVectorOffsetInfo,9,1,0,7,10,2,7,0,8,0.666666667,83,0.666666667,1,0.0,0.5,1,1,7.888888889,5,1.1111,0
lucene,2.2,lucene-2.2.csv,org.apache.lucene.search.function.IntFieldSource,7,3,0,7,22,9,2,6,6,0.777777778,122,0.333333333,1,0.705882353,0.333333333,2,3,16.0,6,1.7143,1
lucene,2.2,lucene-2.2.csv,org.apache.lucene.index.MultiLevelSkipListWriter,6,1,1,3,16,0,1,2,0,0.466666667,178,1.0,1,0.0,0.611111111,0,0,28.16666667,3,1.3333,0
lucene,2.2,lucene-2.2.csv,org.apache.lucene.index.IndexDeletionPolicy,2,1,0,5,2,1,5,0,2,2.0,2,0.0,0,0.0,1.0,0,0,0.0,1,1.0,1
lucene,2.2,lucene-2.2.csv,org.apache.lucene.analysis.LetterTokenizer,2,4,1,2,4,1,1,1,1,2.0,9,0.0,0,0.875,0.666666667,1,1,3.5,1,0.5,0
lucene,2.2,lucene-2.2.csv,org.apache.lucene.search.MatchAllDocsQuery,6,2,0,7,14,15,3,5,5,2.0,57,0.0,0,0.705882353,0.333333333,2,3,8.5,3,1.1667,1
lucene,2.2,lucene-2.2.csv,org.apache.lucene.search.BooleanClause,10,1,0,6,18,0,5,2,10,0.333333333,104,1.0,2,0.0,0.375,1,1,9.2,4,1.4,0
lucene,2.2,lucene-2.2.csv,org.apache.lucene.index.IndexCommitPoint,2,1,0,2,2,1,2,0,2,2.0,2,0.0,0,0.0,1.0,0,0,0.0,1,1.0,2
lucene,2.2,lucene-2.2.csv,org.apache.lucene.util.ToStringUtils,2,1,0,17,7,1,17,0,2,2.0,21,0.0,0,0.0,0.5,0,0,9.5,2,1.0,0
lucene,2.2,lucene-2.2.csv,org.apache.lucene.search.WildcardQuery,4,3,0,8,12,4,1,7,3,0.666666667,55,1.0,0,0.857142857,0.5,1,1,12.5,2,1.0,0
lucene,2.2,lucene-2.2.csv,org.apache.lucene.index.SegmentTermVector,8,1,1,3,15,0,2,1,7,0.571428571,133,1.0,0,0.0,0.35,0,0,15.25,4,1.75,1
lucene,2.2,lucene-2.2.csv,org.apache.lucene.search.function.ValueSource,6,1,3,8,7,15,6,2,6,2.0,12,0.0,0,0.0,0.444444444,1,1,1.0,1,0.8333,1
lucene,2.2,lucene-2.2.csv,org.apache.lucene.document.DateField,8,1,0,1,25,22,1,0,6,0.428571429,126,1.0,0,0.0,0.178571429,0,0,14.625,5,1.375,0
lucene,2.2,lucene-2.2.csv,org.apache.lucene.search.FieldDoc,2,2,0,4,3,1,3,1,2,1.0,16,0.0,0,0.0,0.875,0,0,6.5,0,0.0,1
lucene,2.2,lucene-2.2.csv,org.apache.lucene.queryParser.TokenMgrError,6,3,0,2,19,15,2,0,4,1.12,184,0.0,0,0.8125,0.5,1,1,28.83333333,14,2.8333,3
lucene,2.2,lucene-2.2.csv,org.apache.lucene.index.SegmentMerger,16,1,0,25,99,0,3,24,0,0.691666667,1172,0.9375,8,0.0,0.2,0,0,71.25,1,0.8125,8
lucene,2.2,lucene-2.2.csv,org.apache.lucene.index.MultiTermDocs,11,1,1,6,21,1,2,4,9,0.514285714,258,1.0,4,0.0,0.246753247,0,0,21.81818182,1,0.9091,0
lucene,2.2,lucene-2.2.csv,org.apache.lucene.document.FieldSelectorResult,4,1,0,7,6,0,7,0,2,0.875,83,0.125,7,0.0,0.555555556,1,1,17.75,5,1.5,0
lucene,2.2,lucene-2.2.csv,org.apache.lucene.search.SortComparatorSource,1,1,0,6,1,0,4,2,1,2.0,1,0.0,0,0.0,1.0,0,0,0.0,1,1.0,0
lucene,2.2,lucene-2.2.csv,org.apache.lucene.search.ReqOptSumScorer,6,2,0,4,15,0,1,3,6,0.466666667,113,1.0,2,0.615384615,0.5,1,3,17.33333333,1,0.8333,0
lucene,2.2,lucene-2.2.csv,org.apache.lucene.search.DisjunctionMaxScorer,11,2,0,4,25,0,1,3,7,0.625,447,1.0,0,0.444444444,0.287878788,1,3,39.27272727,6,1.5455,1
lucene,2.2,lucene-2.2.csv,org.apache.lucene.document.NumberTools,4,1,0,0,18,0,0,0,3,1.166666667,130,0.5,0,0.0,0.333333333,0,0,30.0,6,2.5,0
lucene,2.2,lucene-2.2.csv,org.apache.lucene.search.SimilarityDelegator,7,2,1,2,14,0,1,1,7,0.0,47,1.0,1,0.714285714,0.428571429,1,2,5.571428571,1,0.8571,1
lucene,2.2,lucene-2.2.csv,org.apache.lucene.store.SingleInstanceLockFactory,3,2,0,4,8,0,1,3,3,0.0,43,1.0,0,0.666666667,0.833333333,0,0,13.0,1,0.6667,1
lucene,2.2,lucene-2.2.csv,org.apache.lucene.search.SortField,15,1,0,9,22,0,8,1,14,0.852040816,297,0.285714286,3,0.0,0.380952381,0,0,17.86666667,7,0.8,3
lucene,2.2,lucene-2.2.csv,org.apache.lucene.search.Similarity,17,1,2,49,26,124,47,4,16,0.875,94,1.0,1,0.0,0.175,0,0,4.411764706,1,0.8824,3
lucene,2.2,lucene-2.2.csv,org.apache.lucene.search.FuzzyTermEnum,14,3,0,5,29,53,1,4,6,0.692307692,514,1.0,1,0.541666667,0.333333333,1,4,34.92857143,14,2.2857,0
lucene,2.2,lucene-2.2.csv,org.apache.lucene.store.Lock,6,1,4,15,17,13,14,1,5,0.9,89,0.5,0,0.0,0.6,0,0,13.5,1,0.6667,2
lucene,2.2,lucene-2.2.csv,org.apache.lucene.search.spans.SpanFirstQuery,13,3,0,6,30,0,1,6,11,0.416666667,176,1.0,1,0.571428571,0.192307692,2,2,12.38461538,6,1.3077,0
lucene,2.2,lucene-2.2.csv,org.apache.lucene.search.TopDocs,3,1,1,14,4,0,13,1,2,0.666666667,25,0.333333333,1,0.0,0.583333333,0,0,6.333333333,1,0.6667,1
lucene,2.2,lucene-2.2.csv,org.apache.lucene.search.TopFieldDocCollector,3,3,0,11,13,1,1,10,3,2.0,70,0.0,0,0.666666667,0.533333333,1,3,22.33333333,2,1.3333,2
lucene,2.2,lucene-2.2.csv,org.apache.lucene.analysis.Tokenizer,3,2,3,4,5,1,3,1,1,0.5,17,1.0,0,0.75,0.666666667,0,0,4.333333333,1,0.3333,3
lucene,2.2,lucene-2.2.csv,org.apache.lucene.LucenePackage,3,1,0,0,8,3,0,0,1,1.0,27,0.0,0,0.0,0.333333333,0,0,7.666666667,2,1.0,0
lucene,2.2,lucene-2.2.csv,org.apache.lucene.search.ComplexExplanation,6,2,0,10,18,9,9,1,5,0.2,65,1.0,0,0.733333333,0.333333333,1,1,9.666666667,3,1.1667,1
lucene,2.2,lucene-2.2.csv,org.apache.lucene.search.Hit,8,1,0,4,19,2,1,3,6,0.178571429,116,1.0,2,0.0,0.34375,0,0,13.0,2,1.0,2
lucene,2.2,lucene-2.2.csv,org.apache.lucene.util.Parameter,6,1,5,5,18,5,5,0,1,0.6,88,0.5,0,0.0,0.7,0,0,13.33333333,1,0.5,0
lucene,2.2,lucene-2.2.csv,org.apache.lucene.search.spans.NearSpansUnordered,19,1,0,6,48,71,3,6,7,0.75,468,1.0,5,0.0,0.210526316,0,0,23.10526316,3,1.3158,1
lucene,2.2,lucene-2.2.csv,org.apache.lucene.document.Fieldable,18,1,0,10,18,153,9,1,18,2.0,18,0.0,0,0.0,0.37037037,0,0,0.0,1,1.0,2
lucene,2.2,lucene-2.2.csv,org.apache.lucene.search.Hits,11,1,0,13,28,19,3,12,5,0.64,338,1.0,6,0.0,0.324675325,0,0,28.81818182,4,1.1818,2
lucene,2.2,lucene-2.2.csv,org.apache.lucene.queryParser.Token,3,1,0,4,4,3,4,0,3,1.4375,23,0.0,2,0.0,0.5,0,0,4.0,2,1.0,1
lucene,2.2,lucene-2.2.csv,org.apache.lucene.search.spans.SpanTermQuery,9,3,1,8,27,0,1,7,9,0.0,116,1.0,1,0.666666667,0.259259259,2,2,11.77777778,4,1.3333,0
lucene,2.2,lucene-2.2.csv,org.apache.lucene.util.StringHelper,2,1,0,2,5,1,2,0,1,2.0,36,0.0,0,0.0,0.5,0,0,17.0,4,2.0,0
lucene,2.2,lucene-2.2.csv,org.apache.lucene.store.RAMInputStream,8,2,0,3,13,0,1,2,7,0.5,204,0.875,1,0.666666667,0.3,1,4,23.5,2,1.0,3
lucene,2.2,lucene-2.2.csv,org.apache.lucene.search.CachingWrapperFilter,5,2,1,3,16,0,1,2,5,0.5,102,1.0,1,0.2,0.4,1,1,19.0,2,1.0,1
lucene,2.2,lucene-2.2.csv,org.apache.lucene.index.TermPositionVector,2,1,0,4,2,1,2,2,2,2.0,2,0.0,0,0.0,1.0,0,0,0.0,1,1.0,0
lucene,2.2,lucene-2.2.csv,org.apache.lucene.store.RAMFile,8,1,0,3,12,6,3,1,0,0.80952381,115,0.333333333,1,0.0,0.375,0,0,12.625,2,0.875,2
lucene,2.2,lucene-2.2.csv,org.apache.lucene.store.NoLock,5,2,0,2,6,10,1,1,4,2.0,15,0.0,0,0.5,1.0,1,1,2.0,1,0.8,0
lucene,2.2,lucene-2.2.csv,org.apache.lucene.analysis.StopFilter,7,3,0,5,13,15,2,3,7,0.333333333,106,1.0,0,0.571428571,0.514285714,0,0,13.85714286,3,0.7143,4
lucene,2.2,lucene-2.2.csv,org.apache.lucene.util.ScorerDocQueue,16,1,0,3,24,0,2,2,12,0.383333333,361,1.0,2,0.0,0.328125,0,0,21.3125,7,1.75,0
lucene,2.2,lucene-2.2.csv,org.apache.lucene.search.DefaultSimilarity,7,2,0,3,10,21,3,1,7,2.0,54,0.0,0,0.714285714,0.5,1,2,6.714285714,1,0.8571,0
lucene,2.2,lucene-2.2.csv,org.apache.lucene.search.ConstantScoreRangeQuery,10,2,0,6,24,0,1,5,10,0.444444444,313,1.0,0,0.571428571,0.3,2,3,29.8,13,3.1,1
lucene,2.2,lucene-2.2.csv,org.apache.lucene.analysis.TokenFilter,2,2,7,8,4,0,7,1,1,0.0,13,1.0,1,0.75,0.75,0,0,5.0,1,0.5,2
lucene,2.2,lucene-2.2.csv,org.apache.lucene.search.PhraseQueue,2,2,0,5,4,1,3,2,0,2.0,51,0.0,0,0.916666667,0.666666667,1,3,24.5,6,3.0,0
lucene,2.2,lucene-2.2.csv,org.apache.lucene.index.KeepOnlyLastCommitDeletionPolicy,3,1,0,4,7,3,2,2,3,2.0,28,0.0,0,0.0,0.833333333,0,0,8.333333333,2,1.0,1
lucene,2.2,lucene-2.2.csv,org.apache.lucene.analysis.standard.StandardAnalyzer,7,2,0,8,15,0,0,8,6,0.5,67,0.5,0,0.666666667,0.333333333,0,0,8.285714286,1,0.1429,6
lucene,2.2,lucene-2.2.csv,org.apache.lucene.store.RAMOutputStream,13,2,0,4,25,0,2,2,10,0.523809524,292,0.857142857,1,0.56,0.208791209,1,3,20.92307692,2,1.0,4
lucene,2.2,lucene-2.2.csv,org.apache.lucene.store.AlreadyClosedException,1,5,0,4,2,0,4,0,1,2.0,5,0.0,0,1.0,1.0,0,0,4.0,0,0.0,0
lucene,2.2,lucene-2.2.csv,org.apache.lucene.search.spans.Spans,5,1,0,20,5,10,20,0,5,2.0,5,0.0,0,0.0,0.6,0,0,0.0,1,1.0,0
lucene,2.2,lucene-2.2.csv,org.apache.lucene.index.SegmentMergeInfo,5,1,0,7,14,0,3,4,0,0.75,108,0.333333333,4,0.0,0.4,0,0,19.4,5,1.6,0
lucene,2.2,lucene-2.2.csv,org.apache.lucene.index.SegmentTermDocs,12,1,1,13,33,12,2,12,8,0.690909091,377,0.866666667,4,0.0,0.21875,0,0,29.16666667,1,0.9167,0
lucene,2.2,lucene-2.2.csv,org.apache.lucene.index.CompoundFileReader,16,2,0,9,40,70,2,7,16,0.72,273,1.0,2,0.548387097,0.5,1,5,15.75,1,0.875,2
lucene,2.2,lucene-2.2.csv,org.apache.lucene.search.PhraseQuery,15,2,0,9,43,0,3,7,11,0.589285714,303,1.0,0,0.461538462,0.191666667,2,3,18.93333333,6,1.8,1
lucene,2.2,lucene-2.2.csv,org.apache.lucene.analysis.WhitespaceAnalyzer,2,2,0,3,4,1,0,3,2,2.0,10,0.0,0,0.666666667,0.666666667,0,0,4.0,1,0.5,0
lucene,2.2,lucene-2.2.csv,org.apache.lucene.search.QueryTermVector,10,1,0,4,37,0,0,4,9,0.388888889,280,1.0,0,0.0,0.34,0,0,26.8,5,1.6,1
lucene,2.2,lucene-2.2.csv,org.apache.lucene.analysis.standard.TokenMgrError,6,3,0,1,19,15,1,0,4,1.12,184,0.0,0,0.8125,0.5,1,1,28.83333333,14,2.8333,0
lucene,2.2,lucene-2.2.csv,org.apache.lucene.index.FieldsWriter,4,1,0,8,39,0,2,6,0,0.888888889,235,0.5,3,0.0,0.375,0,0,56.25,2,1.0,7
lucene,2.2,lucene-2.2.csv,org.apache.lucene.index.SegmentTermPositions,15,2,0,6,27,7,1,6,7,0.612244898,287,1.0,1,0.44,0.2,1,3,17.66666667,3,1.0667,1
lucene,2.2,lucene-2.2.csv,org.apache.lucene.store.IndexInput,15,1,5,31,18,103,31,0,15,0.928571429,256,1.0,0,0.0,0.28,0,0,16.0,1,0.9333,1
lucene,2.2,lucene-2.2.csv,org.apache.lucene.analysis.TokenStream,4,1,2,24,5,6,23,1,4,2.0,9,0.0,0,0.0,1.0,0,0,1.25,1,0.75,4
lucene,2.2,lucene-2.2.csv,org.apache.lucene.search.ExactPhraseScorer,2,3,0,8,9,1,2,6,0,2.0,64,0.0,0,0.952380952,0.583333333,1,1,31.0,1,0.5,0
lucene,2.2,lucene-2.2.csv,org.apache.lucene.search.RangeFilter,7,2,0,6,30,1,1,5,7,0.0,373,1.0,0,0.142857143,0.314285714,1,1,51.57142857,12,3.5714,3
lucene,2.2,lucene-2.2.csv,org.apache.lucene.search.IdGenerator,2,1,0,2,2,1,1,1,2,2.0,2,0.0,0,0.0,0.666666667,0,0,0.0,1,1.0,0
lucene,2.2,lucene-2.2.csv,org.apache.lucene.search.function.ReverseOrdFieldSource,7,2,0,6,21,0,1,6,5,0.666666667,99,0.333333333,0,0.5,0.375,2,2,12.71428571,3,1.0,2
lucene,2.2,lucene-2.2.csv,org.apache.lucene.search.ReqExclScorer,7,2,0,4,16,0,1,3,6,0.333333333,179,1.0,2,0.571428571,0.476190476,1,3,24.14285714,1,0.8571,0
lucene,2.2,lucene-2.2.csv,org.apache.lucene.analysis.PorterStemFilter,2,3,0,4,6,0,0,4,2,0.0,35,1.0,1,0.8,0.75,0,0,16.0,1,0.5,1
lucene,2.2,lucene-2.2.csv,org.apache.lucene.index.IndexModifier,26,1,0,10,55,0,0,10,22,0.344,705,1.0,4,0.0,0.184615385,0,0,25.73076923,2,1.1538,5
lucene,2.2,lucene-2.2.csv,org.apache.lucene.store.SimpleFSLock,5,2,0,2,18,0,1,1,5,0.375,83,0.0,0,0.5,0.466666667,1,1,15.2,1,0.8,0
lucene,2.2,lucene-2.2.csv,org.apache.lucene.index.SegmentTermEnum,13,2,0,10,38,0,3,7,4,0.766666667,367,0.533333333,6,0.294117647,0.211538462,1,2,26.07692308,1,0.9231,3
lucene,2.2,lucene-2.2.csv,org.apache.lucene.analysis.standard.ParseException,5,4,0,2,18,0,1,1,4,0.55,380,0.4,1,0.866666667,0.4,1,1,74.0,14,4.8,0
lucene,2.2,lucene-2.2.csv,org.apache.lucene.index.SegmentTermPositionVector,4,2,0,4,5,0,1,3,3,0.666666667,65,0.666666667,1,0.777777778,0.476190476,0,0,14.5,4,2.0,0
lucene,2.2,lucene-2.2.csv,org.apache.lucene.search.function.CustomScoreQuery,17,2,0,9,43,48,2,8,13,0.5625,263,1.0,2,0.444444444,0.135746606,2,4,14.29411765,7,1.6471,1
lucene,2.2,lucene-2.2.csv,org.apache.lucene.search.HitQueue,2,2,0,6,4,1,4,2,0,2.0,39,0.0,0,0.916666667,0.666666667,1,3,18.5,4,2.0,0
lucene,2.2,lucene-2.2.csv,org.apache.lucene.store.LockFactory,5,1,4,8,6,4,7,1,5,0.5,19,1.0,0,0.0,0.8,0,0,2.6,1,0.8,1
lucene,2.2,lucene-2.2.csv,org.apache.lucene.search.NonMatchingScorer,6,2,0,4,10,15,1,3,6,2.0,31,0.0,0,0.615384615,0.666666667,1,3,4.166666667,1,0.8333,0
lucene,2.2,lucene-2.2.csv,org.apache.lucene.index.StaleReaderException,1,4,0,2,2,0,2,0,1,2.0,5,0.0,0,1.0,1.0,0,0,4.0,0,0.0,0
lucene,2.2,lucene-2.2.csv,org.apache.lucene.search.TopFieldDocs,1,2,0,14,2,0,11,3,0,2.0,11,0.0,1,1.0,1.0,0,0,9.0,0,0.0,1
lucene,2.2,lucene-2.2.csv,org.apache.lucene.search.spans.SpanWeight,7,1,1,13,46,0,2,12,7,0.69047619,357,1.0,2,0.0,0.30952381,0,0,49.0,1,0.8571,0
lucene,2.2,lucene-2.2.csv,org.apache.lucene.index.DefaultSkipListWriter,4,2,0,3,10,0,1,2,0,0.484848485,176,1.0,2,0.625,0.625,1,1,40.25,1,0.75,0
lucene,2.2,lucene-2.2.csv,org.apache.lucene.analysis.standard.StandardTokenizerConstants,1,1,0,3,1,0,3,0,0,2.0,87,0.0,0,0.0,0.0,0,0,68.0,0,0.0,0
lucene,2.2,lucene-2.2.csv,org.apache.lucene.queryParser.QueryParserTokenManager,36,1,0,5,52,282,1,4,7,0.720300752,3060,0.210526316,1,0.0,0.405714286,0,0,83.47222222,112,7.6389,4
lucene,2.2,lucene-2.2.csv,org.apache.lucene.search.SortComparator,3,1,0,7,7,3,4,5,2,2.0,21,0.0,0,0.0,0.666666667,0,0,6.0,1,0.6667,0
lucene,2.2,lucene-2.2.csv,org.apache.lucene.search.function.ValueSourceQuery,7,2,1,11,20,9,5,7,6,0.5,74,0.0,1,0.666666667,0.265306122,2,3,9.428571429,4,1.2857,1
lucene,2.2,lucene-2.2.csv,org.apache.lucene.index.TermEnum,6,1,5,33,8,15,32,1,6,2.0,21,0.0,0,0.0,0.583333333,0,0,2.5,1,0.8333,0
lucene,2.2,lucene-2.2.csv,org.apache.lucene.search.MultiSearcherThread,6,2,0,12,12,1,1,11,6,0.64,173,1.0,6,0.921568627,0.35,0,0,26.16666667,6,1.5,0
lucene,2.2,lucene-2.2.csv,org.apache.lucene.index.ParallelReader,27,2,0,16,84,193,3,16,21,0.824175824,558,1.0,0,0.697674419,0.168350168,1,9,19.40740741,2,1.037,5
lucene,2.2,lucene-2.2.csv,org.apache.lucene.search.TermScorer,9,2,0,10,31,0,1,9,7,0.545454545,409,1.0,2,0.5,0.285714286,1,3,43.22222222,2,1.0,0
lucene,2.2,lucene-2.2.csv,org.apache.lucene.search.function.ShortFieldSource,7,3,0,7,22,9,2,6,6,0.777777778,122,0.333333333,1,0.705882353,0.333333333,2,3,16.0,6,1.7143,1
lucene,2.2,lucene-2.2.csv,org.apache.lucene.search.FilteredQuery,9,2,0,9,26,0,2,8,8,0.3125,143,0.0,2,0.6,0.222222222,2,4,14.66666667,5,1.3333,2
lucene,2.2,lucene-2.2.csv,org.apache.lucene.search.function.FloatFieldSource,7,3,0,7,22,9,2,6,6,0.777777778,122,0.333333333,1,0.705882353,0.333333333,2,3,16.0,6,1.7143,2
lucene,2.2,lucene-2.2.csv,org.apache.lucene.search.FilterManager,5,1,0,5,18,4,4,3,4,0.821428571,112,1.0,2,0.0,0.35,0,0,20.0,2,1.2,1
lucene,2.2,lucene-2.2.csv,org.apache.lucene.search.FilteredTermEnum,9,2,2,7,14,8,5,2,6,0.5,103,1.0,2,0.384615385,0.407407407,1,2,10.22222222,2,1.0,0
lucene,2.2,lucene-2.2.csv,org.apache.lucene.index.TermDocs,8,1,0,27,8,28,25,2,8,2.0,8,0.0,0,0.0,0.3,0,0,0.0,1,1.0,0
lucene,2.2,lucene-2.2.csv,org.apache.lucene.index.SegmentReader,45,2,0,31,137,732,6,28,20,0.899793388,1253,0.590909091,10,0.582524272,0.131118881,1,8,26.35555556,28,1.7556,11
lucene,2.2,lucene-2.2.csv,org.apache.lucene.search.FieldSortedHitQueue,14,2,0,17,47,73,2,16,4,0.826923077,361,0.75,3,0.47826087,0.256410256,1,3,24.5,7,1.3571,5
lucene,2.2,lucene-2.2.csv,org.apache.lucene.analysis.PerFieldAnalyzerWrapper,5,2,0,2,15,0,0,2,5,0.125,73,1.0,1,0.333333333,0.55,0,0,13.2,2,1.2,0
lucene,2.2,lucene-2.2.csv,org.apache.lucene.search.HitCollector,2,1,6,22,3,1,22,0,2,2.0,5,0.0,0,0.0,0.666666667,0,0,1.5,1,0.5,0
lucene,2.2,lucene-2.2.csv,org.apache.lucene.analysis.WhitespaceTokenizer,2,4,0,2,4,1,1,1,1,2.0,13,0.0,0,0.875,0.666666667,1,1,5.5,2,1.0,0
lucene,2.2,lucene-2.2.csv,org.apache.lucene.search.spans.SpanNotQuery,13,3,0,6,31,0,1,6,11,0.375,218,1.0,2,0.571428571,0.208791209,2,2,15.61538462,6,1.3077,0
lucene,2.2,lucene-2.2.csv,org.apache.lucene.analysis.standard.StandardFilter,3,3,0,5,17,1,1,4,2,0.5,98,1.0,0,0.8,0.75,0,0,31.0,1,0.3333,1
lucene,2.2,lucene-2.2.csv,org.apache.lucene.search.ConstantScoreQuery,8,2,0,8,19,8,3,6,7,0.428571429,93,1.0,1,0.631578947,0.25,2,3,10.5,5,1.5,1
lucene,2.2,lucene-2.2.csv,org.apache.lucene.search.RemoteSearchable,13,4,0,14,31,0,0,14,13,0.0,120,1.0,1,0.6,0.205128205,0,0,8.153846154,1,0.9231,0
lucene,2.2,lucene-2.2.csv,org.apache.lucene.index.FilterIndexReader,24,2,0,11,50,0,0,11,19,0.0,171,1.0,1,0.722891566,0.199074074,1,8,6.083333333,1,0.9583,2
lucene,2.2,lucene-2.2.csv,org.apache.lucene.document.DateTools,8,1,0,2,27,18,1,1,6,0.428571429,567,1.0,0,0.0,0.314285714,0,0,68.875,8,2.5,1
lucene,2.2,lucene-2.2.csv,org.apache.lucene.search.ScoreDocComparator,4,1,0,12,6,6,11,3,3,1.0,15,0.0,2,0.0,0.833333333,0,0,2.25,1,0.75,1
lucene,2.2,lucene-2.2.csv,org.apache.lucene.index.Payload,7,1,0,3,12,1,3,0,6,0.277777778,103,1.0,0,0.0,0.619047619,0,0,13.28571429,3,1.0,2
lucene,2.2,lucene-2.2.csv,org.apache.lucene.search.Filter,2,1,5,25,3,1,24,1,2,2.0,5,0.0,0,0.0,0.75,0,0,1.5,1,0.5,1
lucene,2.2,lucene-2.2.csv,org.apache.lucene.search.FieldCache,13,1,0,16,14,78,10,8,12,1.041666667,20,0.0,1,0.0,0.427083333,0,0,0.384615385,1,0.9231,1
lucene,2.2,lucene-2.2.csv,org.apache.lucene.util.SmallFloat,7,1,0,1,10,21,1,0,7,2.0,155,0.0,0,0.0,0.321428571,0,0,21.14285714,4,2.5714,1
lucene,2.2,lucene-2.2.csv,org.apache.lucene.store.NativeFSLock,7,2,0,2,32,1,1,1,6,0.583333333,485,1.0,0,0.444444444,0.444444444,1,1,67.42857143,3,1.1429,0
lucene,2.2,lucene-2.2.csv,org.apache.lucene.index.IndexFileDeleter,16,1,0,11,68,8,3,9,4,0.683333333,814,1.0,2,0.0,0.236111111,0,0,49.375,2,1.0,11
lucene,2.2,lucene-2.2.csv,org.apache.lucene.analysis.KeywordTokenizer,3,3,0,3,10,1,1,2,3,0.5,63,1.0,0,0.8,0.666666667,0,0,19.0,1,0.3333,3
lucene,2.2,lucene-2.2.csv,org.apache.lucene.queryParser.QueryParserConstants,1,1,0,2,1,0,2,0,0,2.0,174,0.0,0,0.0,0.0,0,0,136.0,0,0.0,2
lucene,2.2,lucene-2.2.csv,org.apache.lucene.index.TermFreqVector,6,1,0,11,6,15,11,0,6,2.0,6,0.0,0,0.0,0.375,0,0,0.0,1,1.0,0
lucene,2.2,lucene-2.2.csv,org.apache.lucene.index.IndexFileNames,3,1,0,5,8,3,5,0,0,1.333333333,205,0.0,0,0.0,0.5,0,0,63.33333333,3,1.0,3
lucene,2.2,lucene-2.2.csv,org.apache.lucene.index.SegmentInfos,30,4,0,16,75,349,10,8,23,0.936781609,515,0.666666667,0,0.738317757,0.155172414,1,3,15.76666667,6,1.2667,8
lucene,2.2,lucene-2.2.csv,org.apache.lucene.document.Field,11,2,0,8,21,0,2,6,11,2.0,392,0.0,0,0.8,0.352272727,1,4,34.63636364,2,0.7273,2
lucene,2.2,lucene-2.2.csv,org.apache.lucene.search.TopDocCollector,5,2,1,7,13,0,2,5,4,0.4375,110,0.5,1,0.25,0.5,0,0,20.2,4,1.6,2
lucene,2.2,lucene-2.2.csv,org.apache.lucene.analysis.KeywordAnalyzer,2,2,0,3,4,1,0,3,2,2.0,10,0.0,0,0.666666667,0.666666667,0,0,4.0,1,0.5,1
lucene,2.2,lucene-2.2.csv,org.apache.lucene.store.FSDirectory,28,2,1,16,89,86,6,10,23,0.844444444,1021,0.8,0,0.395348837,0.265432099,1,7,35.10714286,2,1.0,11
lucene,2.2,lucene-2.2.csv,org.apache.lucene.analysis.CachingTokenFilter,4,3,0,3,10,2,0,3,3,0.666666667,57,1.0,0,0.571428571,0.625,0,0,12.75,1,0.75,2
lucene,2.2,lucene-2.2.csv,org.apache.lucene.search.spans.SpanOrQuery,11,3,0,8,42,0,3,6,10,0.45,286,1.0,0,0.615384615,0.220779221,2,2,24.81818182,7,1.7273,0
lucene,2.2,lucene-2.2.csv,org.apache.lucene.store.SingleInstanceLock,5,2,0,2,12,0,1,1,5,0.125,82,0.5,0,0.5,0.466666667,1,1,15.0,1,0.8,0
lucene,2.2,lucene-2.2.csv,org.apache.lucene.store.NoLockFactory,5,2,0,4,7,6,1,3,4,0.75,24,1.0,2,0.571428571,0.625,0,0,3.4,1,0.6,0
lucene,2.2,lucene-2.2.csv,org.apache.lucene.search.ScoreDoc,1,1,1,19,2,0,19,0,1,2.0,12,0.0,0,0.0,1.0,0,0,9.0,0,0.0,0
lucene,2.2,lucene-2.2.csv,org.apache.lucene.search.spans.NearSpansOrdered,15,1,0,6,41,25,3,5,7,0.747252747,661,0.846153846,3,0.0,0.202380952,0,0,42.2,6,1.5333,0
lucene,2.2,lucene-2.2.csv,org.apache.lucene.analysis.LengthFilter,2,3,0,3,6,0,0,3,2,0.0,41,0.0,0,0.8,0.666666667,0,0,18.5,1,0.5,1
lucene,2.2,lucene-2.2.csv,org.apache.lucene.search.IndexSearcher,15,2,0,21,34,0,3,19,14,0.357142857,164,0.5,1,0.666666667,0.18974359,1,3,9.8,1,0.7333,2
lucene,2.2,lucene-2.2.csv,org.apache.lucene.queryParser.ParseException,5,3,0,3,18,0,2,1,4,0.55,387,0.4,1,0.866666667,0.4,1,1,75.4,14,4.8,3
lucene,2.2,lucene-2.2.csv,org.apache.lucene.search.Weight,6,1,0,47,6,15,44,4,6,2.0,6,0.0,0,0.0,0.416666667,0,0,0.0,1,1.0,0
lucene,2.2,lucene-2.2.csv,org.apache.lucene.search.Scorer,9,1,17,38,11,34,35,3,7,0.875,47,1.0,1,0.0,0.416666667,0,0,4.111111111,1,0.8889,1
lucene,2.2,lucene-2.2.csv,org.apache.lucene.index.IndexReader,62,1,4,118,125,1757,93,27,46,0.877794337,815,1.0,5,0.0,0.102822581,0,0,11.96774194,11,1.2258,11
lucene,2.2,lucene-2.2.csv,org.apache.lucene.search.QueryWrapperFilter,5,2,0,7,17,0,2,6,5,0.0,62,1.0,1,0.2,0.4,1,1,11.2,2,1.0,1
lucene,2.2,lucene-2.2.csv,org.apache.lucene.analysis.StopAnalyzer,7,2,0,6,13,0,1,5,6,0.5,189,0.5,0,0.666666667,0.333333333,0,0,25.71428571,1,0.1429,0
lucene,2.2,lucene-2.2.csv,org.apache.lucene.index.TermVectorsReader,10,1,0,9,37,17,1,8,0,0.555555556,659,1.0,4,0.0,0.277777778,0,0,64.2,4,1.1,11
lucene,2.2,lucene-2.2.csv,org.apache.lucene.analysis.standard.StandardTokenizerTokenManager,22,1,0,5,38,153,1,4,7,0.850340136,3785,0.114285714,1,0.0,0.380952381,0,0,169.4545455,236,14.0455,0
lucene,2.2,lucene-2.2.csv,org.apache.lucene.store.NativeFSLockFactory,7,2,0,4,27,9,1,3,4,0.333333333,186,1.0,0,0.5,0.571428571,0,0,25.42857143,2,0.7143,2
lucene,2.2,lucene-2.2.csv,org.apache.lucene.analysis.ISOLatin1AccentFilter,3,3,0,3,13,3,0,3,3,2.0,170,0.0,0,0.666666667,0.444444444,0,0,55.66666667,3,1.3333,3
lucene,2.2,lucene-2.2.csv,org.apache.lucene.analysis.standard.Token,3,1,0,3,4,3,3,0,3,1.4375,23,0.0,2,0.0,0.5,0,0,4.0,2,1.0,0
lucene,2.2,lucene-2.2.csv,org.apache.lucene.search.RemoteCachingWrapperFilter,2,2,0,3,6,0,0,3,2,0.0,18,1.0,1,0.5,0.666666667,0,0,7.5,1,0.5,2
lucene,2.2,lucene-2.2.csv,org.apache.lucene.search.RangeQuery,9,2,0,9,32,0,1,8,9,0.291666667,340,1.0,2,0.6,0.259259259,2,3,36.44444444,11,3.0,2
lucene,2.2,lucene-2.2.csv,org.apache.lucene.search.PrefixQuery,6,2,0,9,28,0,1,8,6,0.0,147,1.0,1,0.705882353,0.333333333,2,3,23.33333333,4,1.5,0
lucene,2.2,lucene-2.2.csv,org.apache.lucene.analysis.standard.StandardTokenizer,15,3,0,9,29,15,1,8,11,0.6,524,0.7,3,0.266666667,0.285714286,1,1,33.26666667,10,1.7333,6
lucene,2.2,lucene-2.2.csv,org.apache.lucene.search.function.ByteFieldSource,7,3,0,7,22,9,2,6,6,0.777777778,122,0.333333333,1,0.705882353,0.333333333,2,3,16.0,6,1.7143,1
lucene,2.2,lucene-2.2.csv,org.apache.lucene.search.function.OrdFieldSource,7,2,0,6,21,0,1,6,5,0.666666667,92,0.666666667,0,0.5,0.375,2,2,11.71428571,3,1.0,2
lucene,2.2,lucene-2.2.csv,org.apache.lucene.document.MapFieldSelector,4,1,0,2,10,0,0,2,4,0.0,83,0.0,0,0.0,0.4,0,0,19.5,2,0.5,1
lucene,2.2,lucene-2.2.csv,org.apache.lucene.index.IndexFileNameFilter,5,1,0,3,14,4,2,1,4,0.583333333,145,0.666666667,1,0.0,0.5,0,0,27.4,7,2.6,1
lucene,2.2,lucene-2.2.csv,org.apache.lucene.analysis.LowerCaseTokenizer,2,5,0,3,4,1,2,1,1,2.0,9,0.0,0,0.888888889,0.666666667,1,1,3.5,1,0.5,0
lucene,2.2,lucene-2.2.csv,org.apache.lucene.util.BitVector,14,1,0,5,28,0,2,3,8,0.288461538,1483,1.0,0,0.0,0.320512821,0,0,104.6428571,10,1.8571,0
lucene,2.2,lucene-2.2.csv,org.apache.lucene.document.AbstractField,18,1,3,7,28,51,3,4,15,0.809954751,503,1.0,0,0.0,0.198412698,0,0,26.22222222,19,2.1667,2
lucene,2.2,lucene-2.2.csv,org.apache.lucene.search.DisjunctionMaxQuery,14,2,0,6,38,0,1,6,11,0.384615385,318,1.0,0,0.5,0.171428571,2,5,21.57142857,6,1.5714,2
lucene,2.2,lucene-2.2.csv,org.apache.lucene.index.DocumentWriter,11,1,0,20,102,1,1,20,0,0.733333333,1192,1.0,5,0.0,0.227272727,0,0,106.0,10,2.3636,0
lucene,2.2,lucene-2.2.csv,org.apache.lucene.util.Constants,2,1,0,0,5,1,0,0,0,1.0,44,0.0,0,0.0,1.0,0,0,17.0,0,0.0,0
lucene,2.2,lucene-2.2.csv,org.apache.lucene.search.MultiTermQuery,7,2,2,10,27,1,2,8,6,0.333333333,134,1.0,1,0.666666667,0.342857143,2,3,18.0,5,1.5714,0
lucene,2.2,lucene-2.2.csv,org.apache.lucene.search.BooleanScorer,12,2,0,8,29,26,1,7,7,0.609090909,461,1.0,3,0.444444444,0.305555556,1,3,36.58333333,2,1.0833,0
lucene,2.2,lucene-2.2.csv,org.apache.lucene.search.QueryFilter,3,3,0,4,7,3,0,4,3,2.0,20,0.0,0,0.714285714,0.555555556,2,3,5.666666667,1,0.6667,0
lucene,2.2,lucene-2.2.csv,org.apache.lucene.search.ParallelMultiSearcher,6,3,0,16,33,3,1,16,6,0.4,297,1.0,1,0.880952381,0.351851852,2,3,48.16666667,1,0.8333,1
lucene,2.2,lucene-2.2.csv,org.apache.lucene.search.ConjunctionScorer,10,2,1,6,21,0,3,4,6,0.412698413,340,1.0,1,0.470588235,0.3,1,3,32.3,2,1.1,1
lucene,2.2,lucene-2.2.csv,org.apache.lucene.analysis.Token,13,1,0,15,22,24,14,1,13,0.75,177,0.166666667,1,0.0,0.384615385,1,1,12.15384615,3,1.0769,8
lucene,2.2,lucene-2.2.csv,org.apache.lucene.index.MultiTermPositions,6,2,0,5,12,3,1,4,5,2.0,36,0.0,0,0.666666667,0.305555556,1,1,5.0,1,0.8333,0
lucene,2.2,lucene-2.2.csv,org.apache.lucene.queryParser.FastCharStream,14,1,0,2,25,3,1,1,13,0.602564103,237,0.0,0,0.0,0.404761905,0,0,15.5,1,0.9286,0
lucene,2.2,lucene-2.2.csv,org.apache.lucene.search.WildcardTermEnum,6,3,0,5,20,5,1,4,5,0.825,247,0.0,1,0.722222222,0.333333333,1,4,38.83333333,16,3.6667,0
lucene,2.2,lucene-2.2.csv,org.apache.lucene.store.LockObtainFailedException,1,4,0,5,2,0,5,0,1,2.0,5,0.0,0,1.0,1.0,0,0,4.0,0,0.0,0
lucene,2.2,lucene-2.2.csv,org.apache.lucene.search.Sort,14,1,0,12,22,61,11,1,13,0.692307692,175,0.0,3,0.0,0.320512821,0,0,11.28571429,3,0.7143,2
lucene,2.2,lucene-2.2.csv,org.apache.lucene.index.Posting,1,1,0,4,2,0,1,3,0,2.0,54,0.0,3,0.0,1.0,0,0,48.0,0,0.0,3
lucene,2.2,lucene-2.2.csv,org.apache.lucene.index.IndexWriter,80,1,0,23,171,1344,4,22,52,0.843178622,2846,0.722222222,10,0.0,0.1005996,0,0,34.125,4,0.9875,47
lucene,2.2,lucene-2.2.csv,org.apache.lucene.index.TermInfosReader,17,1,0,9,35,72,2,7,4,0.65,474,1.0,6,0.0,0.31372549,0,0,26.29411765,4,1.1176,4
lucene,2.2,lucene-2.2.csv,org.apache.lucene.search.RemoteSearchable_Stub,14,3,0,13,24,69,0,13,12,0.963369963,723,0.571428571,0,0.454545455,0.205128205,0,0,49.14285714,1,0.8571,0
lucene,2.2,lucene-2.2.csv,org.apache.lucene.search.PhraseScorer,13,2,2,9,34,0,2,7,6,0.666666667,345,1.0,4,0.4,0.21978022,1,3,24.84615385,3,1.1538,0
lucene,2.2,lucene-2.2.csv,org.apache.lucene.store.MMapDirectory,2,3,0,5,10,1,0,5,2,1.0,48,1.0,0,0.977272727,0.75,1,2,22.5,1,0.5,1
lucene,2.2,lucene-2.2.csv,org.apache.lucene.search.HitDoc,1,1,0,2,2,0,1,1,0,2.0,18,0.0,3,0.0,1.0,0,0,12.0,0,0.0,0
lucene,2.2,lucene-2.2.csv,org.apache.lucene.document.SetBasedFieldSelector,2,1,0,2,4,0,0,2,2,0.0,33,1.0,0,0.0,0.666666667,0,0,14.5,3,1.5,0
lucene,2.2,lucene-2.2.csv,org.apache.lucene.search.Explanation,13,1,1,41,21,64,41,0,11,0.611111111,197,1.0,0,0.0,0.292307692,0,0,13.92307692,4,1.4615,0
lucene,2.2,lucene-2.2.csv,org.apache.lucene.index.FieldReaderException,4,4,0,1,8,6,1,0,4,2.0,20,0.0,0,1.0,0.666666667,0,0,4.0,0,0.0,0
lucene,2.2,lucene-2.2.csv,org.apache.lucene.index.FieldInfo,1,1,0,8,2,0,8,0,0,2.0,36,0.0,0,0.0,1.0,0,0,27.0,0,0.0,1
lucene,2.2,lucene-2.2.csv,org.apache.lucene.search.HitIterator,5,1,0,2,10,0,1,2,4,0.375,60,1.0,1,0.0,0.6,0,0,10.6,2,1.2,2
lucene,2.2,lucene-2.2.csv,org.apache.lucene.search.BooleanScorer2,21,2,0,16,58,104,5,15,10,0.65625,511,1.0,3,0.32,0.2375,1,3,22.95238095,6,1.6667,1
lucene,2.4,lucene-2.4.csv,org.apache.lucene.index.DocInverterPerThread,5,2,0,19,18,0,8,15,4,0.785714286,84,0.0,7,0.5,0.4,0,0,14.4,3,1.2,1
lucene,2.4,lucene-2.4.csv,org.apache.lucene.search.FuzzyQuery,10,3,0,13,41,7,1,12,9,0.638888889,286,0.5,0,0.72,0.285714286,2,6,27.2,6,1.4,3
lucene,2.4,lucene-2.4.csv,org.apache.lucene.search.QueryTermVector,10,1,0,4,38,0,0,4,9,0.388888889,287,1.0,0,0.0,0.34,0,0,27.5,5,1.6,0
lucene,2.4,lucene-2.4.csv,org.apache.lucene.index.ReadOnlySegmentReader,4,4,0,3,7,6,2,2,1,2.0,26,0.0,0,0.98125,0.5,2,3,5.5,3,1.25,0
lucene,2.4,lucene-2.4.csv,org.apache.lucene.index.DirectoryIndexReader,25,2,2,20,82,160,5,18,8,0.881944444,596,0.833333333,5,0.768421053,0.197916667,2,8,22.36,3,1.08,10
lucene,2.4,lucene-2.4.csv,org.apache.lucene.index.DocFieldConsumerPerThread,5,1,3,13,6,10,10,3,0,2.0,8,0.0,0,0.0,0.6,0,0,0.6,1,0.8,0
lucene,2.4,lucene-2.4.csv,org.apache.lucene.index.FieldsWriter,13,1,0,13,61,0,4,9,0,0.881944444,553,0.333333333,3,0.0,0.179487179,0,0,40.61538462,4,1.0,1
lucene,2.4,lucene-2.4.csv,org.apache.lucene.index.SegmentTermPositions,17,2,0,6,34,34,1,6,7,0.722222222,323,0.777777778,1,0.444444444,0.173611111,1,2,17.47058824,3,1.0,3
lucene,2.4,lucene-2.4.csv,org.apache.lucene.index.MultipleTermPositions,13,1,0,8,36,58,1,7,13,0.791666667,191,1.0,2,0.0,0.201923077,0,0,13.38461538,1,0.9231,0
lucene,2.4,lucene-2.4.csv,org.apache.lucene.index.TermDocs,8,1,0,30,8,28,28,2,8,2.0,8,0.0,0,0.0,0.3,0,0,0.0,1,1.0,0
lucene,2.4,lucene-2.4.csv,org.apache.lucene.index.IntBlockPool,3,1,0,3,7,0,2,1,3,0.142857143,125,0.142857143,1,0.0,0.555555556,0,0,38.33333333,3,1.6667,0
lucene,2.4,lucene-2.4.csv,org.apache.lucene.store.ChecksumIndexInput,8,2,0,2,19,0,1,1,8,0.428571429,65,0.0,1,0.708333333,0.3,1,4,6.875,1,0.875,0
lucene,2.4,lucene-2.4.csv,org.apache.lucene.index.DocConsumer,6,1,1,5,7,15,3,3,0,2.0,9,0.0,0,0.0,0.416666667,0,0,0.5,1,0.8333,0
lucene,2.4,lucene-2.4.csv,org.apache.lucene.index.TermsHashConsumerPerField,7,1,2,10,8,21,7,3,0,2.0,10,0.0,0,0.0,0.4,0,0,0.428571429,1,0.8571,0
lucene,2.4,lucene-2.4.csv,org.apache.lucene.index.DocFieldProcessor,6,2,0,10,25,0,2,10,6,0.666666667,91,0.0,3,0.5,0.333333333,0,0,13.66666667,1,0.8333,1
lucene,2.4,lucene-2.4.csv,org.apache.lucene.analysis.PerFieldAnalyzerWrapper,6,2,0,2,17,0,0,2,6,0.1,90,1.0,1,0.5,0.583333333,1,1,13.66666667,2,1.1667,1
lucene,2.4,lucene-2.4.csv,org.apache.lucene.index.DocumentsWriterThreadState,2,1,0,7,5,0,4,5,1,0.833333333,57,0.0,3,0.0,0.75,0,0,24.5,1,0.5,1
lucene,2.4,lucene-2.4.csv,org.apache.lucene.search.BooleanQuery,27,2,0,20,64,167,13,11,22,0.761538462,446,1.0,0,0.333333333,0.102564103,2,6,15.33333333,12,1.5926,10
lucene,2.4,lucene-2.4.csv,org.apache.lucene.analysis.WhitespaceTokenizer,2,4,0,2,4,1,1,1,1,2.0,13,0.0,0,0.923076923,0.666666667,1,1,5.5,2,1.0,1
lucene,2.4,lucene-2.4.csv,org.apache.lucene.index.TermInfo,5,1,0,8,6,0,8,0,0,0.125,100,0.0,0,0.0,0.55,0,0,18.2,1,0.4,0
lucene,2.4,lucene-2.4.csv,org.apache.lucene.index.Term,13,1,0,79,22,0,79,0,10,0.125,145,0.0,0,0.0,0.294871795,1,1,10.0,6,1.2308,2
lucene,2.4,lucene-2.4.csv,org.apache.lucene.search.PrefixGenerator,2,1,2,7,16,0,2,5,1,0.0,66,1.0,1,0.0,0.666666667,0,0,31.5,1,0.5,0
lucene,2.4,lucene-2.4.csv,org.apache.lucene.search.TermQuery,8,2,0,16,22,0,11,6,6,0.142857143,100,1.0,1,0.631578947,0.232142857,2,2,11.375,4,1.375,4
lucene,2.4,lucene-2.4.csv,org.apache.lucene.analysis.CharTokenizer,7,3,2,4,21,13,2,2,3,0.875,185,0.75,0,0.583333333,0.366666667,1,2,24.28571429,1,0.7143,4
lucene,2.4,lucene-2.4.csv,org.apache.lucene.index.CorruptIndexException,1,4,0,36,2,0,36,0,1,2.0,5,0.0,0,1.0,1.0,0,0,4.0,0,0.0,0
lucene,2.4,lucene-2.4.csv,org.apache.lucene.queryParser.MultiFieldQueryParser,12,2,0,9,33,34,0,9,5,0.590909091,453,1.0,0,0.885057471,0.283333333,1,5,36.58333333,3,1.0,0
lucene,2.4,lucene-2.4.csv,org.apache.lucene.search.ScoreDocComparator,4,1,0,16,6,6,15,3,3,1.0,15,0.0,2,0.0,0.833333333,0,0,2.25,1,0.75,0
lucene,2.4,lucene-2.4.csv,org.apache.lucene.index.SnapshotDeletionPolicy,7,1,0,4,17,5,1,4,5,0.666666667,109,1.0,2,0.0,0.392857143,0,0,14.14285714,2,1.2857,2
lucene,2.4,lucene-2.4.csv,org.apache.lucene.index.TermsHashConsumerPerThread,5,1,2,11,6,10,8,4,2,2.0,8,0.0,0,0.0,0.466666667,0,0,0.6,1,0.8,0
lucene,2.4,lucene-2.4.csv,org.apache.lucene.store.Directory,20,1,3,57,36,176,52,5,19,0.894736842,193,0.5,1,0.0,0.291666667,0,0,8.55,1,0.95,2
lucene,2.4,lucene-2.4.csv,org.apache.lucene.index.LogMergePolicy,21,2,2,10,47,108,3,8,15,0.920833333,817,0.333333333,1,0.24,0.26875,0,0,37.33333333,2,1.0,4
lucene,2.4,lucene-2.4.csv,org.apache.lucene.store.LockFactory,5,1,5,10,6,4,9,1,5,0.5,19,1.0,0,0.0,0.8,0,0,2.6,1,0.8,1
lucene,2.4,lucene-2.4.csv,org.apache.lucene.analysis.LowerCaseFilter,4,3,0,4,14,4,1,3,2,0.833333333,74,0.0,0,0.777777778,0.416666667,1,2,17.0,1,0.5,0
lucene,2.4,lucene-2.4.csv,org.apache.lucene.search.NonMatchingScorer,6,3,0,4,10,15,1,3,6,2.0,31,0.0,0,0.615384615,0.666666667,1,3,4.166666667,1,0.8333,3
lucene,2.4,lucene-2.4.csv,org.apache.lucene.index.NormsWriterPerField,7,2,0,9,20,5,2,8,3,0.796296296,191,0.0,4,0.285714286,0.277777778,0,0,25.0,8,1.7143,0
lucene,2.4,lucene-2.4.csv,org.apache.lucene.index.SerialMergeScheduler,3,2,0,5,6,3,1,4,3,2.0,18,0.0,0,0.5,0.666666667,0,0,5.0,1,0.6667,0
lucene,2.4,lucene-2.4.csv,org.apache.lucene.search.TopFieldDocs,1,2,0,14,2,0,11,3,0,2.0,11,0.0,1,1.0,1.0,0,0,9.0,0,0.0,0
lucene,2.4,lucene-2.4.csv,org.apache.lucene.search.spans.SpanWeight,7,1,1,13,46,0,2,12,7,0.69047619,357,1.0,2,0.0,0.30952381,0,0,49.0,1,0.8571,4
lucene,2.4,lucene-2.4.csv,org.apache.lucene.document.Document,18,1,0,30,39,0,28,3,17,0.81372549,432,0.833333333,2,0.0,0.426470588,0,0,22.66666667,5,2.4444,0
lucene,2.4,lucene-2.4.csv,org.apache.lucene.queryParser.CharStream,12,1,0,3,12,66,3,0,12,2.0,12,0.0,0,0.0,0.583333333,0,0,0.0,1,1.0,1
lucene,2.4,lucene-2.4.csv,org.apache.lucene.search.PhrasePositions,5,1,0,5,12,0,4,1,0,0.678571429,95,0.0,2,0.0,0.533333333,0,0,16.6,1,0.8,0
lucene,2.4,lucene-2.4.csv,org.apache.lucene.search.SloppyPhraseScorer,5,4,0,8,20,0,2,6,0,0.625,389,1.0,2,0.833333333,0.325,1,1,76.0,5,2.0,2
lucene,2.4,lucene-2.4.csv,org.apache.lucene.index.FieldInfos,23,1,0,31,57,203,25,6,18,0.934343434,565,0.222222222,0,0.0,0.22173913,0,0,23.17391304,3,1.4783,6
lucene,2.4,lucene-2.4.csv,org.apache.lucene.document.FieldSelector,1,1,0,19,1,0,18,1,1,2.0,1,0.0,0,0.0,1.0,0,0,0.0,1,1.0,0
lucene,2.4,lucene-2.4.csv,org.apache.lucene.index.CompoundFileWriter,9,1,0,9,51,14,3,6,5,0.703125,414,0.75,2,0.0,0.303571429,0,0,44.11111111,4,1.0,0
lucene,2.4,lucene-2.4.csv,org.apache.lucene.search.MultiSearcherThread,6,2,0,12,12,1,1,11,6,0.64,173,1.0,6,0.921568627,0.35,0,0,26.16666667,6,1.5,0
lucene,2.4,lucene-2.4.csv,org.apache.lucene.index.ParallelReader,35,2,0,16,103,317,3,16,28,0.81372549,865,0.888888889,0,0.688679245,0.152380952,1,10,23.45714286,3,1.0571,5
lucene,2.4,lucene-2.4.csv,org.apache.lucene.util.OpenBitSetDISI,8,3,0,2,23,26,0,2,6,0.928571429,155,0.0,0,0.913793103,0.5,0,0,18.125,1,0.625,2
lucene,2.4,lucene-2.4.csv,org.apache.lucene.index.DocFieldProcessorPerField,2,1,0,5,5,0,1,5,2,1.166666667,31,0.0,4,0.0,0.666666667,0,0,11.5,1,0.5,0
lucene,2.4,lucene-2.4.csv,org.apache.lucene.index.DocFieldConsumers,11,2,0,11,37,3,3,10,6,0.757142857,281,0.0,3,0.4,0.2125,0,0,23.90909091,5,1.5455,0
lucene,2.4,lucene-2.4.csv,org.apache.lucene.index.InvertedDocEndConsumerPerThread,5,1,1,8,6,10,6,3,0,2.0,8,0.0,0,0.0,0.466666667,0,0,0.6,1,0.8,0
lucene,2.4,lucene-2.4.csv,org.apache.lucene.search.FilteredQuery,9,2,0,10,26,0,3,8,8,0.3125,143,0.0,2,0.6,0.222222222,2,4,14.66666667,5,1.3333,7
lucene,2.4,lucene-2.4.csv,org.apache.lucene.search.function.FloatFieldSource,7,3,0,7,21,9,2,6,6,0.777777778,120,0.333333333,1,0.705882353,0.333333333,2,3,15.71428571,6,1.7143,1
lucene,2.4,lucene-2.4.csv,org.apache.lucene.index.MergeScheduler,3,1,2,5,4,3,4,2,1,2.0,6,0.0,0,0.0,0.666666667,0,0,1.0,1,0.6667,0
lucene,2.4,lucene-2.4.csv,org.apache.lucene.search.RangeQuery,12,2,0,9,39,0,1,8,11,0.454545455,480,1.0,2,0.545454545,0.229166667,2,2,38.66666667,13,2.6667,4
lucene,2.4,lucene-2.4.csv,org.apache.lucene.search.FuzzyTermEnum,14,3,0,5,29,53,1,4,6,0.692307692,514,1.0,1,0.541666667,0.333333333,1,4,34.92857143,14,2.2857,1
lucene,2.4,lucene-2.4.csv,org.apache.lucene.store.Lock,6,1,5,19,19,13,18,1,5,1.0,119,0.333333333,0,0.0,0.6,0,0,18.33333333,1,0.6667,1
lucene,2.4,lucene-2.4.csv,org.apache.lucene.index.DocInverter,7,2,0,14,30,0,2,13,4,0.25,136,0.0,2,0.5,0.285714286,0,0,18.14285714,1,0.8571,0
lucene,2.4,lucene-2.4.csv,org.apache.lucene.search.spans.SpanFirstQuery,14,3,0,7,31,0,1,7,12,0.461538462,182,1.0,1,0.566666667,0.196428571,2,2,11.85714286,6,1.2857,2
lucene,2.4,lucene-2.4.csv,org.apache.lucene.search.TopDocs,3,1,1,14,4,0,13,1,3,0.666666667,25,0.333333333,1,0.0,0.583333333,0,0,6.333333333,1,0.6667,1
lucene,2.4,lucene-2.4.csv,org.apache.lucene.search.TopFieldDocCollector,3,3,0,11,13,1,1,10,3,1.0,88,1.0,1,0.666666667,0.533333333,1,3,28.0,3,1.6667,1
lucene,2.4,lucene-2.4.csv,org.apache.lucene.search.Filter,3,1,6,28,5,3,25,3,3,2.0,15,0.0,0,0.0,0.833333333,0,0,4.0,1,0.6667,1
lucene,2.4,lucene-2.4.csv,org.apache.lucene.search.FieldCache,13,1,0,17,14,78,11,8,12,1.041666667,20,0.0,1,0.0,0.427083333,0,0,0.384615385,1,0.9231,6
lucene,2.4,lucene-2.4.csv,org.apache.lucene.store.IndexInput,18,1,7,40,22,147,40,0,17,0.921568627,314,1.0,0,0.0,0.25,0,0,16.27777778,1,0.9444,2
lucene,2.4,lucene-2.4.csv,org.apache.lucene.search.function.DocValues,13,1,6,16,19,70,15,1,11,0.729166667,121,1.0,0,0.0,0.769230769,0,0,8.0,2,1.0,2
lucene,2.4,lucene-2.4.csv,org.apache.lucene.search.ExactPhraseScorer,2,4,0,8,9,1,2,6,0,2.0,64,0.0,0,0.952380952,0.583333333,1,1,31.0,1,0.5,2
lucene,2.4,lucene-2.4.csv,org.apache.lucene.index.DocFieldConsumersPerField,3,2,0,4,6,0,2,3,3,0.333333333,44,0.0,3,0.5,0.466666667,0,0,12.66666667,3,1.3333,0
lucene,2.4,lucene-2.4.csv,org.apache.lucene.search.FieldCacheImpl,14,1,1,23,29,67,10,22,12,0.897435897,199,0.333333333,12,0.0,0.403846154,0,0,12.35714286,1,0.8571,4
lucene,2.4,lucene-2.4.csv,org.apache.lucene.document.LoadFirstFieldSelector,2,1,0,2,3,1,0,2,2,2.0,7,0.0,0,0.0,0.75,0,0,2.5,1,0.5,0
lucene,2.4,lucene-2.4.csv,org.apache.lucene.index.SegmentInfo,36,1,0,23,77,92,18,5,8,0.776870748,1568,0.523809524,1,0.0,0.182857143,1,1,41.97222222,4,1.3056,2
lucene,2.4,lucene-2.4.csv,org.apache.lucene.store.BufferedIndexInput,17,2,2,4,33,42,3,1,10,0.6953125,478,0.625,0,0.548387097,0.302083333,1,5,26.64705882,8,1.2941,0
lucene,2.4,lucene-2.4.csv,org.apache.lucene.index.ReusableStringReader,5,2,0,2,8,8,2,0,3,0.5,90,0.0,0,0.714285714,0.45,1,2,16.4,3,1.2,0
lucene,2.4,lucene-2.4.csv,org.apache.lucene.index.IndexModifier,26,1,0,13,58,0,0,13,22,0.344,719,1.0,4,0.0,0.184615385,0,0,26.26923077,2,1.1538,2
lucene,2.4,lucene-2.4.csv,org.apache.lucene.store.SimpleFSLock,5,2,0,3,19,0,1,2,5,0.375,100,0.0,0,0.5,0.466666667,1,2,18.6,1,0.8,0
lucene,2.4,lucene-2.4.csv,org.apache.lucene.index.DocFieldConsumerPerField,3,1,3,11,4,3,10,1,0,2.0,6,0.0,0,0.0,0.555555556,0,0,1.0,1,0.6667,0
lucene,2.4,lucene-2.4.csv,org.apache.lucene.search.Searchable,11,1,0,18,11,55,6,12,11,2.0,11,0.0,0,0.0,0.263636364,0,0,0.0,1,1.0,5
lucene,2.4,lucene-2.4.csv,org.apache.lucene.index.SegmentTermPositionVector,4,2,0,4,5,0,1,3,3,0.666666667,65,0.666666667,1,0.777777778,0.476190476,0,0,14.5,4,2.0,0
lucene,2.4,lucene-2.4.csv,org.apache.lucene.store.IndexOutput,19,1,3,29,25,167,26,3,18,0.962962963,343,1.0,1,0.0,0.25,0,0,16.89473684,1,0.8947,2
lucene,2.4,lucene-2.4.csv,org.apache.lucene.search.function.CustomScoreQuery,20,2,0,9,46,102,2,8,16,0.578947368,454,1.0,2,0.413793103,0.128125,2,4,21.55,7,1.8,6
lucene,2.4,lucene-2.4.csv,org.apache.lucene.analysis.WordlistLoader,4,1,0,2,17,6,2,0,4,2.0,147,0.0,0,0.0,0.333333333,0,0,35.75,1,0.75,1
lucene,2.4,lucene-2.4.csv,org.apache.lucene.search.HitQueue,2,2,0,6,4,1,4,2,0,2.0,39,0.0,0,0.923076923,0.666666667,1,3,18.5,4,2.0,1
lucene,2.4,lucene-2.4.csv,org.apache.lucene.analysis.KeywordTokenizer,6,3,0,3,18,7,1,2,4,0.85,112,0.5,0,0.7,0.4,1,2,17.0,1,0.5,5
lucene,2.4,lucene-2.4.csv,org.apache.lucene.index.ByteSliceReader,13,2,0,8,22,38,5,3,10,0.658333333,447,0.0,1,0.607142857,0.214285714,1,4,32.61538462,8,2.3846,0
lucene,2.4,lucene-2.4.csv,org.apache.lucene.index.TermBuffer,10,1,0,7,30,0,1,6,6,0.574074074,303,1.0,3,0.0,0.228571429,0,0,28.7,4,1.6,0
lucene,2.4,lucene-2.4.csv,org.apache.lucene.index.TermFreqVector,6,1,0,14,6,15,14,0,6,2.0,6,0.0,0,0.0,0.375,0,0,0.0,1,1.0,1
lucene,2.4,lucene-2.4.csv,org.apache.lucene.index.DocFieldConsumer,7,1,3,9,8,21,6,4,0,1.0,15,0.0,1,0.0,0.342857143,0,0,1.0,1,0.8571,0
lucene,2.4,lucene-2.4.csv,org.apache.lucene.store.BufferedIndexOutput,10,2,1,2,12,17,1,1,8,0.555555556,185,0.75,0,0.653846154,0.36,1,5,17.1,1,0.9,0
lucene,2.4,lucene-2.4.csv,org.apache.lucene.index.IndexFileNames,4,1,0,5,10,4,5,0,0,1.243589744,298,0.0,0,0.0,0.444444444,0,0,67.0,4,1.75,0
lucene,2.4,lucene-2.4.csv,org.apache.lucene.index.SegmentInfos,38,4,0,30,97,553,22,10,28,0.93799682,729,0.411764706,1,0.686956522,0.162162162,1,2,17.73684211,6,1.2895,11
lucene,2.4,lucene-2.4.csv,org.apache.lucene.document.Field,17,2,0,8,28,0,2,6,17,2.0,482,0.0,0,0.709677419,0.307189542,1,6,27.35294118,4,0.8824,5
lucene,2.4,lucene-2.4.csv,org.apache.lucene.index.MultiLevelSkipListWriter,6,1,1,3,16,0,1,2,0,0.466666667,178,1.0,1,0.0,0.611111111,0,0,28.16666667,3,1.3333,1
lucene,2.4,lucene-2.4.csv,org.apache.lucene.index.StoredFieldsWriterPerField,5,2,0,10,23,6,1,10,2,0.8,185,0.0,3,0.4,0.333333333,0,0,35.0,1,0.6,1
lucene,2.4,lucene-2.4.csv,org.apache.lucene.index.IndexDeletionPolicy,2,1,0,8,2,1,8,0,2,2.0,2,0.0,0,0.0,1.0,0,0,0.0,1,1.0,0
lucene,2.4,lucene-2.4.csv,org.apache.lucene.analysis.LetterTokenizer,2,4,1,2,4,1,1,1,1,2.0,9,0.0,0,0.923076923,0.666666667,1,1,3.5,1,0.5,0
lucene,2.4,lucene-2.4.csv,org.apache.lucene.search.MatchAllDocsQuery,6,2,0,7,14,15,3,5,5,2.0,57,0.0,0,0.705882353,0.333333333,2,3,8.5,3,1.1667,6
lucene,2.4,lucene-2.4.csv,org.apache.lucene.index.TermVectorsTermsWriterPerThread,9,2,0,12,21,24,2,12,5,0.916666667,167,0.0,6,0.363636364,0.270833333,0,0,16.55555556,6,2.0,0
lucene,2.4,lucene-2.4.csv,org.apache.lucene.search.spans.SpanOrQuery,12,3,0,10,43,0,4,7,11,0.454545455,292,1.0,0,0.607142857,0.226190476,2,2,23.16666667,7,1.6667,5
lucene,2.4,lucene-2.4.csv,org.apache.lucene.index.InvertedDocConsumerPerField,5,1,1,7,6,10,5,2,0,2.0,8,0.0,0,0.0,0.4,0,0,0.6,1,0.8,0
lucene,2.4,lucene-2.4.csv,org.apache.lucene.util.ToStringUtils,2,1,0,17,7,1,17,0,2,2.0,21,0.0,0,0.0,0.5,0,0,9.5,2,1.0,1
lucene,2.4,lucene-2.4.csv,org.apache.lucene.search.WildcardQuery,4,3,0,8,12,4,1,7,3,0.666666667,55,1.0,0,0.857142857,0.5,1,1,12.5,2,1.0,3
lucene,2.4,lucene-2.4.csv,org.apache.lucene.analysis.standard.StandardTokenizerImpl,25,1,0,3,35,196,2,2,10,0.968495935,729,0.707317073,0,0.0,0.214285714,0,0,26.52,3,1.28,0
lucene,2.4,lucene-2.4.csv,org.apache.lucene.search.spans.NearSpansOrdered,17,1,0,7,53,38,3,6,9,0.767857143,725,0.857142857,3,0.0,0.197916667,0,0,40.82352941,6,1.5294,4
lucene,2.4,lucene-2.4.csv,org.apache.lucene.store.ChecksumIndexOutput,11,2,0,2,25,0,1,1,11,0.35,98,0.0,1,0.62962963,0.242424242,1,5,7.727272727,1,0.9091,0
lucene,2.4,lucene-2.4.csv,org.apache.lucene.document.DateField,8,1,0,1,25,22,1,0,6,0.428571429,126,1.0,0,0.0,0.178571429,0,0,14.625,5,1.375,2
lucene,2.4,lucene-2.4.csv,org.apache.lucene.search.FieldDoc,2,2,0,4,3,1,3,1,2,1.0,16,0.0,0,0.0,0.875,0,0,6.5,0,0.0,1
lucene,2.4,lucene-2.4.csv,org.apache.lucene.queryParser.TokenMgrError,6,3,0,2,19,15,2,0,4,1.12,184,0.0,0,0.8125,0.5,1,1,28.83333333,14,2.8333,1
lucene,2.4,lucene-2.4.csv,org.apache.lucene.index.DocConsumerPerThread,3,1,1,6,4,3,5,1,0,2.0,6,0.0,0,0.0,1.0,0,0,1.0,1,0.6667,0
lucene,2.4,lucene-2.4.csv,org.apache.lucene.index.SegmentMerger,23,1,0,31,128,39,4,30,0,0.812937063,1901,0.884615385,10,0.0,0.169421488,0,0,80.52173913,6,1.087,4
lucene,2.4,lucene-2.4.csv,org.apache.lucene.analysis.SinkTokenizer,10,3,0,3,23,0,1,2,8,0.75,143,0.5,0,0.538461538,0.288888889,2,2,12.9,2,0.7,0
lucene,2.4,lucene-2.4.csv,org.apache.lucene.index.DocumentsWriter,76,1,0,53,185,1998,18,46,0,0.941202186,2835,0.409836066,12,0.0,0.069866667,0,0,35.5,23,2.0132,9
lucene,2.4,lucene-2.4.csv,org.apache.lucene.search.CachingSpanFilter,8,3,0,4,21,8,0,4,7,0.285714286,116,1.0,1,0.3,0.4375,2,2,13.25,2,1.0,1
lucene,2.4,lucene-2.4.csv,org.apache.lucene.index.TermVectorEntryFreqSortedComparator,2,1,0,1,7,1,0,1,2,2.0,37,0.0,0,0.0,0.75,0,0,17.5,3,1.5,0
lucene,2.4,lucene-2.4.csv,org.apache.lucene.analysis.Tokenizer,4,2,4,10,6,0,9,1,2,0.333333333,22,1.0,0,0.714285714,0.75,0,0,4.25,1,0.5,4
lucene,2.4,lucene-2.4.csv,org.apache.lucene.LucenePackage,3,1,0,0,8,3,0,0,1,1.0,27,0.0,0,0.0,0.333333333,0,0,7.666666667,2,1.0,0
lucene,2.4,lucene-2.4.csv,org.apache.lucene.index.RawPostingList,1,1,2,12,2,0,12,0,0,2.0,8,0.0,0,0.0,1.0,0,0,3.0,0,0.0,0
lucene,2.4,lucene-2.4.csv,org.apache.lucene.search.ComplexExplanation,6,2,0,11,18,9,10,1,5,0.2,65,1.0,0,0.733333333,0.333333333,1,1,9.666666667,3,1.1667,1
lucene,2.4,lucene-2.4.csv,org.apache.lucene.search.Hit,8,1,0,4,19,2,1,3,6,0.178571429,116,1.0,2,0.0,0.34375,0,0,13.0,2,1.0,0
lucene,2.4,lucene-2.4.csv,org.apache.lucene.util.Parameter,6,1,5,5,18,5,5,0,1,0.6,88,0.5,0,0.0,0.7,0,0,13.33333333,1,0.5,0
lucene,2.4,lucene-2.4.csv,org.apache.lucene.search.spans.NearSpansUnordered,21,1,0,6,54,98,3,6,9,0.765,509,1.0,5,0.0,0.204081633,0,0,22.76190476,3,1.2857,2
lucene,2.4,lucene-2.4.csv,org.apache.lucene.document.Fieldable,24,1,0,20,24,276,19,1,24,2.0,24,0.0,0,0.0,0.291666667,0,0,0.0,1,1.0,1
lucene,2.4,lucene-2.4.csv,org.apache.lucene.util.Constants,2,1,0,1,5,1,1,0,0,1.0,44,0.0,0,0.0,1.0,0,0,17.0,0,0.0,4
lucene,2.4,lucene-2.4.csv,org.apache.lucene.search.MultiTermQuery,7,2,2,10,27,1,2,8,6,0.333333333,136,1.0,1,0.666666667,0.342857143,2,3,18.28571429,5,1.5714,5
lucene,2.4,lucene-2.4.csv,org.apache.lucene.queryParser.Token,7,1,0,4,8,19,4,0,7,0.979166667,49,0.0,2,0.0,0.523809524,0,0,4.857142857,2,0.7143,1
lucene,2.4,lucene-2.4.csv,org.apache.lucene.search.QueryFilter,3,3,0,4,7,3,0,4,3,2.0,20,0.0,0,0.777777778,0.555555556,2,3,5.666666667,1,0.6667,0
lucene,2.4,lucene-2.4.csv,org.apache.lucene.index.FieldSortedTermVectorMapper,6,2,0,3,12,3,0,3,6,0.6,69,1.0,0,0.555555556,0.380952381,0,0,9.833333333,1,0.6667,0
lucene,2.4,lucene-2.4.csv,org.apache.lucene.search.ParallelMultiSearcher,6,3,0,16,33,3,1,16,6,0.4,297,1.0,1,0.88372093,0.351851852,2,3,48.16666667,1,0.8333,5
lucene,2.4,lucene-2.4.csv,org.apache.lucene.search.ConjunctionScorer,9,3,1,6,21,2,3,4,7,0.475,278,1.0,1,0.533333333,0.355555556,1,3,29.33333333,1,0.7778,1
lucene,2.4,lucene-2.4.csv,org.apache.lucene.util.SmallFloat,7,1,0,1,10,21,1,0,7,2.0,155,0.0,0,0.0,0.321428571,0,0,21.14285714,4,2.5714,0
lucene,2.4,lucene-2.4.csv,org.apache.lucene.store.NativeFSLock,7,2,0,3,32,1,1,2,6,0.583333333,346,1.0,0,0.444444444,0.444444444,1,2,47.57142857,2,0.8571,0
lucene,2.4,lucene-2.4.csv,org.apache.lucene.index.IndexFileDeleter,20,1,0,12,77,64,3,10,5,0.71291866,1021,0.818181818,3,0.0,0.205263158,0,0,49.5,2,1.0,5
lucene,2.4,lucene-2.4.csv,org.apache.lucene.index.TermVectorsTermsWriter,15,2,0,17,58,37,4,17,4,0.779220779,751,0.0,6,0.35,0.19047619,0,0,48.33333333,5,1.5333,2
lucene,2.4,lucene-2.4.csv,org.apache.lucene.index.TermInfosReader,19,1,0,14,45,79,2,12,6,0.709401709,629,1.0,7,0.0,0.25,0,0,31.42105263,4,1.1053,2
lucene,2.4,lucene-2.4.csv,org.apache.lucene.search.RemoteSearchable_Stub,14,3,0,13,24,69,0,13,12,0.963369963,723,0.571428571,0,0.454545455,0.205128205,0,0,49.14285714,1,0.8571,0
lucene,2.4,lucene-2.4.csv,org.apache.lucene.store.LockStressTest,2,1,0,6,22,1,0,6,2,2.0,172,0.0,0,0.0,0.5,0,0,85.0,1,0.5,0
lucene,2.4,lucene-2.4.csv,org.apache.lucene.index.MergePolicy,7,1,1,6,9,21,2,5,1,2.0,15,0.0,0,0.0,0.428571429,0,0,1.142857143,1,0.8571,3
lucene,2.4,lucene-2.4.csv,org.apache.lucene.index.NormsWriterPerThread,6,2,0,8,8,15,2,8,1,1.0,30,0.0,2,0.444444444,0.333333333,0,0,3.666666667,1,0.8333,0
lucene,2.4,lucene-2.4.csv,org.apache.lucene.index.KeepOnlyLastCommitDeletionPolicy,3,1,0,4,7,3,2,2,3,2.0,28,0.0,0,0.0,0.833333333,0,0,8.333333333,2,1.0,0
lucene,2.4,lucene-2.4.csv,org.apache.lucene.search.DocIdSet,2,1,3,16,3,1,15,1,2,2.0,5,0.0,0,0.0,1.0,0,0,1.5,1,0.5,5
lucene,2.4,lucene-2.4.csv,org.apache.lucene.search.HitDoc,1,1,0,2,2,0,1,1,0,2.0,18,0.0,3,0.0,1.0,0,0,12.0,0,0.0,0
lucene,2.4,lucene-2.4.csv,org.apache.lucene.document.SetBasedFieldSelector,2,1,0,2,4,0,0,2,2,0.0,33,1.0,0,0.0,0.666666667,0,0,14.5,3,1.5,0
lucene,2.4,lucene-2.4.csv,org.apache.lucene.search.Explanation,13,1,1,41,21,64,41,0,11,0.611111111,197,1.0,0,0.0,0.292307692,0,0,13.92307692,4,1.4615,1
lucene,2.4,lucene-2.4.csv,org.apache.lucene.search.spans.Spans,5,1,0,17,5,10,17,0,5,2.0,5,0.0,0,0.0,0.6,0,0,0.0,1,1.0,2
lucene,2.4,lucene-2.4.csv,org.apache.lucene.index.SegmentMergeInfo,5,1,0,7,14,0,3,4,0,0.75,108,0.333333333,4,0.0,0.4,0,0,19.4,5,1.6,1
lucene,2.4,lucene-2.4.csv,org.apache.lucene.util.OpenBitSetIterator,7,2,0,2,10,5,1,2,5,0.583333333,1311,1.0,0,0.428571429,0.416666667,0,0,185.1428571,5,2.1429,2
lucene,2.4,lucene-2.4.csv,org.apache.lucene.index.ByteBlockPool,6,1,0,5,12,0,4,1,5,0.44,387,0.2,1,0.0,0.4,0,0,61.83333333,4,1.6667,0
lucene,2.4,lucene-2.4.csv,org.apache.lucene.store.LockVerifyServer,3,1,0,0,25,3,0,0,2,2.0,165,0.0,0,0.0,0.333333333,0,0,54.0,1,0.6667,0
lucene,2.4,lucene-2.4.csv,org.apache.lucene.index.ByteSliceWriter,8,1,0,1,15,4,0,1,6,0.547619048,240,0.5,1,0.0,0.30952381,0,0,28.25,8,2.75,0
lucene,2.4,lucene-2.4.csv,org.apache.lucene.index.CompoundFileReader,16,2,0,9,40,70,2,7,16,0.72,267,1.0,2,0.575757576,0.5,1,5,15.375,1,0.875,0
lucene,2.4,lucene-2.4.csv,org.apache.lucene.index.TermsHash,13,2,0,14,52,0,3,14,5,0.763888889,584,0.333333333,5,0.352941176,0.179487179,0,0,43.0,20,3.3077,0
lucene,2.4,lucene-2.4.csv,org.apache.lucene.document.FieldSelectorResult,4,1,0,7,6,0,7,0,2,0.875,83,0.125,7,0.0,0.555555556,1,1,17.75,5,1.5,2
lucene,2.4,lucene-2.4.csv,org.apache.lucene.search.QueryWrapperFilter,6,2,0,10,20,0,3,9,6,0.0,84,1.0,1,0.285714286,0.416666667,2,2,12.83333333,2,1.0,5
lucene,2.4,lucene-2.4.csv,org.apache.lucene.analysis.StopAnalyzer,8,2,0,9,18,0,2,8,7,0.5,228,0.5,0,0.714285714,0.357142857,1,2,27.25,1,0.25,2
lucene,2.4,lucene-2.4.csv,org.apache.lucene.index.PositionBasedTermVectorMapper,6,2,0,3,15,11,0,3,6,0.85,110,1.0,0,0.555555556,0.388888889,0,0,16.66666667,4,1.5,0
lucene,2.4,lucene-2.4.csv,org.apache.lucene.search.ReqOptSumScorer,6,3,0,4,15,0,1,3,6,0.466666667,113,1.0,2,0.615384615,0.5,1,3,17.33333333,1,0.8333,2
lucene,2.4,lucene-2.4.csv,org.apache.lucene.index.TermVectorsReader,23,1,0,12,66,99,3,9,2,0.847593583,1164,0.470588235,4,0.0,0.231404959,0,0,48.86956522,2,0.8696,0
lucene,2.4,lucene-2.4.csv,org.apache.lucene.document.NumberTools,4,1,0,0,18,0,0,0,3,1.166666667,127,0.5,0,0.0,0.333333333,0,0,29.25,6,2.5,3
lucene,2.4,lucene-2.4.csv,org.apache.lucene.index.TermVectorEntry,13,1,0,4,22,32,3,1,10,0.783333333,135,0.8,1,0.0,0.269230769,1,1,9.0,7,1.3846,0
lucene,2.4,lucene-2.4.csv,org.apache.lucene.analysis.ISOLatin1AccentFilter,5,3,0,3,15,2,0,3,3,0.75,708,0.5,0,0.7,0.333333333,1,2,139.8,79,16.2,0
lucene,2.4,lucene-2.4.csv,org.apache.lucene.index.ConcurrentMergeScheduler,25,2,0,7,63,208,2,7,11,0.894230769,531,0.769230769,2,0.08,0.178571429,0,0,19.72,4,1.52,2
lucene,2.4,lucene-2.4.csv,org.apache.lucene.util.cache.SimpleLRUCache,2,3,0,3,5,0,2,2,1,1.0,33,1.0,0,0.923076923,0.5,1,4,14.5,1,0.5,0
lucene,2.4,lucene-2.4.csv,org.apache.lucene.search.RemoteCachingWrapperFilter,3,2,0,4,8,0,0,4,3,0.0,28,1.0,1,0.5,0.666666667,1,1,8.0,1,0.6667,1
lucene,2.4,lucene-2.4.csv,org.apache.lucene.util.BitUtil,15,1,0,1,16,99,1,0,14,0.857142857,3574,0.0,0,0.0,0.339285714,0,0,237.2,8,3.3333,2
lucene,2.4,lucene-2.4.csv,org.apache.lucene.index.CheckIndex,13,1,0,15,96,60,0,15,8,0.763888889,1498,0.5,1,0.0,0.1875,0,0,113.7692308,3,1.0769,7
lucene,2.4,lucene-2.4.csv,org.apache.lucene.store.RAMFile,11,1,0,3,17,19,3,1,0,0.833333333,133,0.5,1,0.0,0.386363636,0,0,10.54545455,2,0.9091,0
lucene,2.4,lucene-2.4.csv,org.apache.lucene.store.NoLock,5,2,0,2,6,10,1,1,4,2.0,15,0.0,0,0.5,1.0,1,2,2.0,1,0.8,0
lucene,2.4,lucene-2.4.csv,org.apache.lucene.store.LockObtainFailedException,1,4,0,8,2,0,8,0,1,2.0,5,0.0,0,1.0,1.0,0,0,4.0,0,0.0,0
lucene,2.4,lucene-2.4.csv,org.apache.lucene.search.Sort,14,1,0,12,22,61,11,1,13,0.692307692,175,0.0,3,0.0,0.320512821,0,0,11.28571429,3,0.7143,2
lucene,2.4,lucene-2.4.csv,org.apache.lucene.index.StoredFieldsWriterPerThread,5,2,0,12,10,2,2,12,5,0.8125,74,0.0,4,0.5,0.4,0,0,13.0,3,1.6,1
lucene,2.4,lucene-2.4.csv,org.apache.lucene.index.IndexWriter,166,1,0,44,392,6747,16,34,88,0.886537506,8474,0.737704918,12,0.0,0.07003367,0,0,49.68072289,7,1.3795,30
lucene,2.4,lucene-2.4.csv,org.apache.lucene.search.ConstantScoreRangeQuery,11,2,0,6,27,0,1,5,11,0.45,348,1.0,0,0.571428571,0.287878788,2,3,30.09090909,15,3.0909,1
lucene,2.4,lucene-2.4.csv,org.apache.lucene.analysis.WhitespaceAnalyzer,3,2,0,4,8,3,0,4,3,2.0,31,0.0,0,0.714285714,0.777777778,1,2,9.333333333,1,0.6667,1
lucene,2.4,lucene-2.4.csv,org.apache.lucene.util.ArrayUtil,14,1,0,9,16,91,9,0,14,2.0,228,0.0,0,0.0,0.261904762,0,0,15.28571429,2,1.6429,2
lucene,2.4,lucene-2.4.csv,org.apache.lucene.index.MultiLevelSkipListReader,10,1,1,4,22,0,1,3,1,0.611111111,481,1.0,1,0.0,0.5,0,0,45.7,2,1.0,0
lucene,2.4,lucene-2.4.csv,org.apache.lucene.store.RAMDirectory,16,2,0,9,41,2,1,9,15,0.577777778,386,0.333333333,0,0.633333333,0.3625,1,6,22.9375,2,0.8125,3
lucene,2.4,lucene-2.4.csv,org.apache.lucene.index.DocFieldProcessorPerThread,9,2,0,22,46,0,9,16,4,0.836538462,770,0.0,6,0.222222222,0.232142857,1,1,83.11111111,12,3.6667,1
lucene,2.4,lucene-2.4.csv,org.apache.lucene.index.TermsHashConsumer,8,1,2,9,9,28,5,5,0,1.0,16,0.0,1,0.0,0.267857143,0,0,0.875,1,0.875,0
lucene,2.4,lucene-2.4.csv,org.apache.lucene.search.spans.SpanQuery,6,2,5,20,8,15,14,7,5,2.0,17,0.0,0,0.705882353,0.5,1,1,1.833333333,1,0.8333,3
lucene,2.4,lucene-2.4.csv,org.apache.lucene.search.FilteredTermEnum,9,2,2,7,14,8,5,2,6,0.5,103,1.0,2,0.384615385,0.407407407,1,2,10.22222222,2,1.0,0
lucene,2.4,lucene-2.4.csv,org.apache.lucene.index.MultiSegmentReader,37,3,1,22,95,0,4,20,21,0.71031746,1118,1.0,1,0.730769231,0.126689189,2,11,29.02702703,6,1.2973,7
lucene,2.4,lucene-2.4.csv,org.apache.lucene.queryParser.QueryParser,81,1,1,34,168,2716,1,33,44,0.908333333,3477,0.571428571,12,0.0,0.093421053,0,0,41.40740741,23,2.1852,3
lucene,2.4,lucene-2.4.csv,org.apache.lucene.index.TermVectorsTermsWriterPerField,11,2,0,19,40,17,2,19,2,0.775,599,0.0,6,0.4,0.222222222,0,0,52.36363636,15,2.8182,1
lucene,2.4,lucene-2.4.csv,org.apache.lucene.index.SegmentReader,64,3,1,39,183,1464,13,33,28,0.903737839,2234,0.580645161,13,0.605095541,0.139194139,2,15,33.421875,30,1.6719,23
lucene,2.4,lucene-2.4.csv,org.apache.lucene.analysis.SimpleAnalyzer,3,2,0,5,8,3,1,4,3,2.0,31,0.0,0,0.714285714,0.777777778,1,2,9.333333333,1,0.6667,1
lucene,2.4,lucene-2.4.csv,org.apache.lucene.search.FieldSortedHitQueue,20,2,0,22,62,172,2,21,5,0.855263158,438,0.75,3,0.4,0.245614035,1,4,20.7,7,1.25,3
lucene,2.4,lucene-2.4.csv,org.apache.lucene.search.FieldDocSortedHitQueue,5,2,0,6,25,0,3,3,0,0.375,378,0.0,1,0.75,0.5,1,3,74.2,26,6.6,0
lucene,2.4,lucene-2.4.csv,org.apache.lucene.search.function.FieldCacheSource,8,2,4,8,11,8,4,4,8,0.428571429,54,1.0,0,0.416666667,0.3125,2,2,5.625,4,1.25,1
lucene,2.4,lucene-2.4.csv,org.apache.lucene.search.HitCollector,2,1,7,23,3,1,23,0,2,2.0,5,0.0,0,0.0,0.666666667,0,0,1.5,1,0.5,1
lucene,2.4,lucene-2.4.csv,org.apache.lucene.index.FreqProxTermsWriterPerField,13,2,0,13,25,46,3,11,3,0.833333333,364,0.0,5,0.352941176,0.196969697,0,0,26.30769231,14,2.4615,0
lucene,2.4,lucene-2.4.csv,org.apache.lucene.util.cache.Cache,7,1,2,5,9,21,5,1,6,2.0,18,0.0,0,0.0,0.476190476,0,0,1.571428571,1,0.8571,0
lucene,2.4,lucene-2.4.csv,org.apache.lucene.search.spans.SpanNotQuery,14,3,0,7,32,0,1,7,12,0.423076923,224,1.0,2,0.566666667,0.214285714,2,2,14.85714286,6,1.2857,4
lucene,2.4,lucene-2.4.csv,org.apache.lucene.analysis.standard.StandardFilter,4,3,0,5,15,4,1,4,2,0.75,133,0.5,0,0.777777778,0.416666667,1,2,31.25,1,0.5,0
lucene,2.4,lucene-2.4.csv,org.apache.lucene.search.ConstantScoreQuery,8,2,0,8,19,8,3,6,7,0.428571429,93,1.0,1,0.631578947,0.25,2,3,10.5,5,1.5,6
lucene,2.4,lucene-2.4.csv,org.apache.lucene.search.RemoteSearchable,13,4,0,14,31,0,0,14,13,0.0,120,1.0,1,0.6,0.205128205,0,0,8.153846154,1,0.9231,2
lucene,2.4,lucene-2.4.csv,org.apache.lucene.index.FilterIndexReader,28,2,0,12,57,0,0,12,23,0.0,200,1.0,1,0.73,0.185714286,1,9,6.107142857,1,0.9643,2
lucene,2.4,lucene-2.4.csv,org.apache.lucene.document.DateTools,8,1,0,2,27,18,1,1,6,0.428571429,567,1.0,0,0.0,0.314285714,0,0,68.875,8,2.5,5
lucene,2.4,lucene-2.4.csv,org.apache.lucene.store.NIOFSDirectory,3,3,0,3,11,3,1,3,2,1.5,30,0.0,0,0.958333333,0.555555556,1,1,8.666666667,1,0.6667,5
lucene,2.4,lucene-2.4.csv,org.apache.lucene.index.SegmentMergeQueue,3,2,0,5,9,3,2,3,0,2.0,47,0.0,0,0.857142857,0.555555556,1,3,14.66666667,4,1.6667,0
lucene,2.4,lucene-2.4.csv,org.apache.lucene.index.DocInverterPerField,3,2,0,21,37,0,8,16,2,0.333333333,340,0.333333333,6,0.5,0.466666667,0,0,110.3333333,1,0.6667,3
lucene,2.4,lucene-2.4.csv,org.apache.lucene.index.Payload,14,1,0,4,22,0,3,1,14,0.230769231,227,1.0,0,0.0,0.428571429,1,1,15.0,6,1.5,0
lucene,2.4,lucene-2.4.csv,org.apache.lucene.store.VerifyingLockFactory,3,2,0,4,7,0,2,3,3,0.75,36,0.0,1,0.666666667,0.6,0,0,9.666666667,1,0.6667,0
lucene,2.4,lucene-2.4.csv,org.apache.lucene.index.FreqProxTermsWriterPerThread,5,2,0,10,7,10,3,8,3,1.0,28,0.0,2,0.5,0.4,0,0,4.2,1,0.8,0
lucene,2.4,lucene-2.4.csv,org.apache.lucene.search.spans.TermSpans,10,1,0,6,25,0,3,3,10,0.703703704,180,1.0,2,0.0,0.325,0,0,16.4,3,1.1,3
lucene,2.4,lucene-2.4.csv,org.apache.lucene.search.ExtendedFieldCache,5,1,0,6,6,10,2,5,4,1.0,11,0.0,1,0.0,0.7,0,0,1.0,1,0.8,2
lucene,2.4,lucene-2.4.csv,org.apache.lucene.index.TermsHashPerField,20,2,0,23,47,0,10,16,7,0.785087719,1605,0.291666667,11,0.181818182,0.157894737,0,0,78.05,12,3.75,0
lucene,2.4,lucene-2.4.csv,org.apache.lucene.index.MultiReader,33,2,0,16,69,0,0,16,24,0.7109375,801,1.0,1,0.701923077,0.170798898,1,9,23.03030303,4,1.1212,5
lucene,2.4,lucene-2.4.csv,org.apache.lucene.index.StaleReaderException,1,4,0,3,2,0,3,0,1,2.0,5,0.0,0,1.0,1.0,0,0,4.0,0,0.0,0
lucene,2.4,lucene-2.4.csv,org.apache.lucene.search.spans.SpanScorer,7,3,1,7,25,0,2,5,5,0.520833333,190,1.0,2,0.571428571,0.30952381,1,3,25.0,1,0.8571,3
lucene,2.4,lucene-2.4.csv,org.apache.lucene.search.spans.SpanNearQuery,13,3,0,10,48,0,3,9,13,0.583333333,359,1.0,0,0.586206897,0.211538462,2,2,26.30769231,7,1.6923,5
lucene,2.4,lucene-2.4.csv,org.apache.lucene.index.NormsWriter,9,2,0,13,46,32,2,12,3,0.90625,409,0.5,1,0.416666667,0.25,0,0,44.0,1,0.7778,0
lucene,2.4,lucene-2.4.csv,org.apache.lucene.index.DefaultSkipListWriter,4,2,0,4,10,0,2,2,0,0.484848485,182,1.0,2,0.625,0.625,1,1,41.75,2,1.25,0
lucene,2.4,lucene-2.4.csv,org.apache.lucene.index.BufferedDeletes,5,1,0,5,30,0,1,4,0,0.1875,227,0.0,0,0.0,0.3,0,0,43.6,7,2.6,1
lucene,2.4,lucene-2.4.csv,org.apache.lucene.queryParser.QueryParserTokenManager,35,1,0,5,51,253,1,4,7,0.719814241,3060,0.210526316,1,0.0,0.405882353,0,0,85.88571429,112,7.8286,1
lucene,2.4,lucene-2.4.csv,org.apache.lucene.search.SortComparator,3,1,0,7,7,3,4,5,2,2.0,21,0.0,0,0.0,0.666666667,0,0,6.0,1,0.6667,1
lucene,2.4,lucene-2.4.csv,org.apache.lucene.search.function.ValueSourceQuery,7,2,1,11,20,9,5,7,6,0.5,74,0.0,1,0.666666667,0.265306122,2,3,9.428571429,4,1.2857,6
lucene,2.4,lucene-2.4.csv,org.apache.lucene.index.TermEnum,6,1,5,38,8,15,37,1,6,2.0,21,0.0,0,0.0,0.583333333,0,0,2.5,1,0.8333,1
lucene,2.4,lucene-2.4.csv,org.apache.lucene.util.cache.SimpleMapCache,8,2,2,3,15,8,2,2,7,0.285714286,48,0.0,0,0.5,0.5,1,1,4.875,1,0.75,0
lucene,2.4,lucene-2.4.csv,org.apache.lucene.search.PrefixFilter,5,2,0,7,17,0,2,7,5,0.0,71,1.0,1,0.333333333,0.533333333,1,1,13.0,1,0.8,0
lucene,2.4,lucene-2.4.csv,org.apache.lucene.index.TermVectorsWriter,6,1,0,13,42,0,2,11,2,0.628571429,599,0.571428571,5,0.0,0.3,0,0,97.66666667,1,0.6667,1
lucene,2.4,lucene-2.4.csv,org.apache.lucene.search.TermScorer,9,3,0,10,31,0,1,9,7,0.545454545,409,1.0,2,0.5,0.285714286,1,3,43.22222222,2,1.0,4
lucene,2.4,lucene-2.4.csv,org.apache.lucene.search.function.FieldScoreQuery,2,3,0,7,12,1,0,7,1,2.0,52,0.0,0,0.947368421,0.833333333,0,0,25.0,5,2.5,1
lucene,2.4,lucene-2.4.csv,org.apache.lucene.search.function.ShortFieldSource,7,3,0,7,21,9,2,6,6,0.777777778,120,0.333333333,1,0.705882353,0.333333333,2,3,15.71428571,6,1.7143,1
lucene,2.4,lucene-2.4.csv,org.apache.lucene.index.FieldsReader,25,1,0,19,77,170,3,17,0,0.810897436,1041,0.846153846,5,0.0,0.208333333,0,0,40.12,5,1.2,4
lucene,2.4,lucene-2.4.csv,org.apache.lucene.util.PriorityQueue,13,1,9,12,14,8,12,0,9,0.444444444,293,1.0,0,0.0,0.461538462,0,0,21.30769231,7,2.0769,1
lucene,2.4,lucene-2.4.csv,org.apache.lucene.search.Query,13,1,15,54,39,72,51,7,12,0.833333333,249,1.0,0,0.0,0.230769231,0,0,18.07692308,9,1.8462,5
lucene,2.4,lucene-2.4.csv,org.apache.lucene.search.FilterManager,5,1,0,5,18,4,4,3,4,0.821428571,112,1.0,2,0.0,0.35,0,0,20.0,2,1.2,3
lucene,2.4,lucene-2.4.csv,org.apache.lucene.search.Similarity,17,1,2,53,26,124,51,4,16,0.875,94,1.0,1,0.0,0.18125,0,0,4.411764706,1,0.8824,4
lucene,2.4,lucene-2.4.csv,org.apache.lucene.search.PrefixQuery,6,2,0,9,28,0,1,8,6,0.0,149,1.0,1,0.705882353,0.333333333,2,3,23.66666667,4,1.5,3
lucene,2.4,lucene-2.4.csv,org.apache.lucene.analysis.standard.StandardTokenizer,12,3,0,5,32,10,3,3,9,0.977272727,245,0.1875,1,0.4375,0.287878788,2,3,18.08333333,1,0.75,4
lucene,2.4,lucene-2.4.csv,org.apache.lucene.index.SortedTermVectorMapper,5,2,0,3,19,2,0,3,5,0.7,188,0.8,0,0.625,0.428571429,0,0,35.6,18,4.0,0
lucene,2.4,lucene-2.4.csv,org.apache.lucene.search.function.ByteFieldSource,7,3,0,7,21,9,2,6,6,0.777777778,120,0.333333333,1,0.705882353,0.333333333,2,3,15.71428571,6,1.7143,1
lucene,2.4,lucene-2.4.csv,org.apache.lucene.search.function.OrdFieldSource,7,2,0,6,21,0,1,6,5,0.666666667,90,0.666666667,0,0.5,0.375,2,2,11.42857143,3,1.0,0
lucene,2.4,lucene-2.4.csv,org.apache.lucene.document.MapFieldSelector,4,1,0,2,10,0,0,2,4,0.0,83,0.0,0,0.0,0.4,0,0,19.5,2,0.5,0
lucene,2.4,lucene-2.4.csv,org.apache.lucene.analysis.PorterStemmer,27,1,0,1,44,13,1,0,13,0.600961538,1158,1.0,0,0.0,0.25308642,0,0,41.59259259,26,5.6667,0
lucene,2.4,lucene-2.4.csv,org.apache.lucene.index.TermPositions,4,1,0,25,4,6,24,1,4,2.0,4,0.0,0,0.0,0.5,0,0,0.0,1,1.0,0
lucene,2.4,lucene-2.4.csv,org.apache.lucene.util.DocIdBitSet,4,2,0,4,9,0,2,3,3,0.833333333,31,0.5,0,0.25,0.416666667,0,0,6.25,1,0.75,2
lucene,2.4,lucene-2.4.csv,org.apache.lucene.analysis.TokenStream,7,1,2,28,17,19,26,2,5,0.833333333,72,0.0,0,0.0,0.388888889,0,0,9.0,1,0.7143,7
lucene,2.4,lucene-2.4.csv,org.apache.lucene.search.SpanQueryFilter,8,3,0,8,29,0,0,8,7,0.142857143,118,1.0,1,0.333333333,0.375,1,1,13.625,3,1.0,1
lucene,2.4,lucene-2.4.csv,org.apache.lucene.search.RangeFilter,9,2,0,8,38,0,1,7,9,0.083333333,695,1.0,0,0.222222222,0.314814815,2,2,75.55555556,14,3.2222,2
lucene,2.4,lucene-2.4.csv,org.apache.lucene.search.IdGenerator,2,1,0,2,2,1,1,1,2,2.0,2,0.0,0,0.0,0.666666667,0,0,0.0,1,1.0,0
lucene,2.4,lucene-2.4.csv,org.apache.lucene.search.function.ReverseOrdFieldSource,7,2,0,6,21,0,1,6,5,0.666666667,97,0.333333333,0,0.5,0.375,2,2,12.42857143,3,1.0,0
lucene,2.4,lucene-2.4.csv,org.apache.lucene.search.ReqExclScorer,7,3,0,4,16,0,1,3,6,0.333333333,179,1.0,2,0.571428571,0.476190476,1,3,24.14285714,1,0.8571,2
lucene,2.4,lucene-2.4.csv,org.apache.lucene.analysis.PorterStemFilter,4,3,0,4,18,2,0,4,2,0.777777778,78,0.333333333,1,0.777777778,0.416666667,1,2,17.75,1,0.5,0
lucene,2.4,lucene-2.4.csv,org.apache.lucene.index.TermInfosWriter,11,1,0,10,44,1,2,8,0,0.719047619,658,0.523809524,7,0.0,0.366666667,0,0,56.90909091,7,1.2727,1
lucene,2.4,lucene-2.4.csv,org.apache.lucene.index.DefaultSkipListReader,8,2,0,3,15,0,1,2,0,0.571428571,158,1.0,0,0.5625,0.425,1,3,17.875,1,0.875,0
lucene,2.4,lucene-2.4.csv,org.apache.lucene.search.MultiSearcher,16,2,1,22,53,0,2,21,14,0.466666667,577,1.0,1,0.605263158,0.23125,1,5,34.875,6,1.25,5
lucene,2.4,lucene-2.4.csv,org.apache.lucene.index.SegmentTermEnum,13,2,0,11,39,0,4,7,4,0.761111111,394,0.533333333,6,0.294117647,0.211538462,1,2,28.15384615,1,0.9231,0
lucene,2.4,lucene-2.4.csv,org.apache.lucene.search.MultiPhraseQuery,17,2,0,13,48,12,4,10,13,0.625,413,1.0,0,0.428571429,0.158823529,2,4,23.05882353,7,2.0588,4
lucene,2.4,lucene-2.4.csv,org.apache.lucene.util.CloseableThreadLocal,7,1,0,4,27,7,4,0,4,0.708333333,135,0.5,0,0.0,0.388888889,0,0,17.71428571,5,1.4286,2
lucene,2.4,lucene-2.4.csv,org.apache.lucene.util.SortedVIntList,16,2,0,5,26,80,2,5,8,0.866666667,207,0.857142857,0,0.083333333,0.214285714,0,0,11.5,2,0.75,2
lucene,2.4,lucene-2.4.csv,org.apache.lucene.index.InvertedDocEndConsumer,6,1,1,7,7,15,4,4,0,2.0,9,0.0,0,0.0,0.366666667,0,0,0.5,1,0.8333,0
lucene,2.4,lucene-2.4.csv,org.apache.lucene.index.ParallelArrayTermVectorMapper,4,2,0,6,7,0,1,5,3,0.458333333,123,1.0,1,0.625,0.458333333,0,0,27.75,5,2.75,0
lucene,2.4,lucene-2.4.csv,org.apache.lucene.search.DisjunctionSumScorer,12,3,1,7,37,0,2,5,9,0.454545455,357,1.0,1,0.444444444,0.416666667,1,3,28.08333333,1,0.8333,2
lucene,2.4,lucene-2.4.csv,org.apache.lucene.queryParser.QueryParserConstants,1,1,0,2,1,0,2,0,0,2.0,179,0.0,0,0.0,0.0,0,0,140.0,0,0.0,0
lucene,2.4,lucene-2.4.csv,org.apache.lucene.index.InvertedDocConsumer,7,1,1,7,8,21,4,4,0,1.0,15,0.0,1,0.0,0.342857143,0,0,1.0,1,0.8571,0
lucene,2.4,lucene-2.4.csv,org.apache.lucene.index.FreqProxTermsWriter,13,2,0,24,64,72,1,24,2,0.866666667,856,0.2,2,0.388888889,0.155555556,1,1,64.46153846,4,1.1538,1
lucene,2.4,lucene-2.4.csv,org.apache.lucene.index.StoredFieldsWriter,13,2,0,14,43,10,4,13,5,0.729166667,498,0.0,3,0.352941176,0.208333333,0,0,36.69230769,9,1.8462,3
lucene,2.4,lucene-2.4.csv,org.apache.lucene.index.LogDocMergePolicy,4,3,0,3,5,0,1,2,3,1.333333333,27,0.0,0,0.892857143,0.5,1,2,5.5,1,0.75,2
lucene,2.4,lucene-2.4.csv,org.apache.lucene.index.TermVectorOffsetInfo,9,1,0,11,10,2,11,0,8,0.666666667,83,0.666666667,1,0.0,0.5,1,1,7.888888889,5,1.1111,1
lucene,2.4,lucene-2.4.csv,org.apache.lucene.search.function.IntFieldSource,7,3,0,7,21,9,2,6,6,0.777777778,120,0.333333333,1,0.705882353,0.333333333,2,3,15.71428571,6,1.7143,1
lucene,2.4,lucene-2.4.csv,org.apache.lucene.search.SpanFilter,2,2,2,5,3,1,2,3,2,2.0,5,0.0,0,0.666666667,0.75,0,0,1.5,1,0.5,0
lucene,2.4,lucene-2.4.csv,org.apache.lucene.search.TopDocCollector,6,2,1,7,13,0,2,5,4,0.6,117,1.0,2,0.25,0.5,0,0,18.0,4,1.3333,1
lucene,2.4,lucene-2.4.csv,org.apache.lucene.index.CharBlockPool,3,1,0,5,7,0,4,1,3,0.357142857,106,0.142857143,1,0.0,0.666666667,0,0,32.0,2,1.0,0
lucene,2.4,lucene-2.4.csv,org.apache.lucene.analysis.KeywordAnalyzer,3,2,0,4,8,3,0,4,3,2.0,31,0.0,0,0.714285714,0.777777778,1,2,9.333333333,1,0.6667,1
lucene,2.4,lucene-2.4.csv,org.apache.lucene.store.FSDirectory,29,2,2,18,97,114,8,10,24,0.846428571,1037,0.8,0,0.413043478,0.267857143,1,8,34.4137931,3,1.0345,9
lucene,2.4,lucene-2.4.csv,org.apache.lucene.analysis.CachingTokenFilter,6,3,0,3,19,7,0,3,3,0.8,107,0.5,0,0.636363636,0.4,2,3,16.16666667,1,0.6667,1
lucene,2.4,lucene-2.4.csv,org.apache.lucene.search.BooleanClause,10,1,0,7,18,0,6,2,10,0.333333333,104,1.0,2,0.0,0.375,1,1,9.2,4,1.4,0
lucene,2.4,lucene-2.4.csv,org.apache.lucene.index.IndexCommitPoint,3,1,0,2,3,3,2,0,3,2.0,3,0.0,0,0.0,1.0,0,0,0.0,1,1.0,0
lucene,2.4,lucene-2.4.csv,org.apache.lucene.store.SingleInstanceLock,5,2,0,2,12,0,1,1,5,0.125,82,0.5,0,0.5,0.466666667,1,2,15.0,1,0.8,0
lucene,2.4,lucene-2.4.csv,org.apache.lucene.store.NoLockFactory,5,2,0,4,7,6,1,3,4,0.75,24,1.0,2,0.571428571,0.625,0,0,3.4,1,0.6,0
lucene,2.4,lucene-2.4.csv,org.apache.lucene.search.ScoreDoc,1,1,1,23,2,0,23,0,1,2.0,12,0.0,0,0.0,1.0,0,0,9.0,0,0.0,1
lucene,2.4,lucene-2.4.csv,org.apache.lucene.index.SegmentTermVector,8,1,1,4,15,0,3,1,7,0.571428571,133,1.0,0,0.0,0.35,0,0,15.25,4,1.75,0
lucene,2.4,lucene-2.4.csv,org.apache.lucene.search.function.ValueSource,6,1,3,8,7,15,6,2,6,2.0,12,0.0,0,0.0,0.444444444,1,1,1.0,1,0.8333,0
lucene,2.4,lucene-2.4.csv,org.apache.lucene.analysis.LengthFilter,4,3,0,3,12,2,0,3,2,0.75,79,0.0,0,0.777777778,0.4,1,2,17.75,1,0.5,0
lucene,2.4,lucene-2.4.csv,org.apache.lucene.search.IndexSearcher,15,2,0,24,41,0,4,20,14,0.357142857,205,0.5,1,0.676470588,0.18974359,1,3,12.53333333,1,0.7333,12
lucene,2.4,lucene-2.4.csv,org.apache.lucene.queryParser.ParseException,5,3,0,3,18,0,2,1,4,0.55,408,0.4,1,0.866666667,0.4,1,1,79.6,14,4.8,1
lucene,2.4,lucene-2.4.csv,org.apache.lucene.index.LogByteSizeMergePolicy,6,3,0,3,8,3,1,2,5,1.2,54,0.0,0,0.833333333,0.5,1,2,7.666666667,1,0.8333,3
lucene,2.4,lucene-2.4.csv,org.apache.lucene.search.Weight,6,1,0,48,6,15,45,4,6,2.0,6,0.0,0,0.0,0.416666667,0,0,0.0,1,1.0,3
lucene,2.4,lucene-2.4.csv,org.apache.lucene.search.Scorer,6,2,17,40,10,13,36,4,4,0.8,44,1.0,1,0.375,0.458333333,0,0,6.166666667,1,0.8333,5
lucene,2.4,lucene-2.4.csv,org.apache.lucene.index.IndexReader,76,1,4,128,131,2812,104,25,62,0.946666667,722,0.571428571,1,0.0,0.100833333,0,0,8.407894737,12,1.1579,17
lucene,2.4,lucene-2.4.csv,org.apache.lucene.analysis.CharArraySet,20,3,0,2,29,100,2,1,12,0.671052632,569,1.0,0,0.538461538,0.233333333,2,11,27.25,6,2.7,2
lucene,2.4,lucene-2.4.csv,org.apache.lucene.index.InvertedDocEndConsumerPerField,3,1,1,5,4,3,5,0,0,2.0,6,0.0,0,0.0,1.0,0,0,1.0,1,0.6667,0
lucene,2.4,lucene-2.4.csv,org.apache.lucene.index.FreqProxFieldMergeState,5,1,0,10,16,0,1,9,2,0.75,238,0.142857143,6,0.0,0.416666667,0,0,43.8,1,0.6,0
lucene,2.4,lucene-2.4.csv,org.apache.lucene.index.IndexFileNameFilter,5,1,0,3,14,4,2,1,4,0.583333333,145,0.666666667,1,0.0,0.5,0,0,27.4,7,2.6,0
lucene,2.4,lucene-2.4.csv,org.apache.lucene.analysis.LowerCaseTokenizer,2,5,0,3,4,1,2,1,1,2.0,9,0.0,0,0.928571429,0.666666667,1,1,3.5,1,0.5,1
lucene,2.4,lucene-2.4.csv,org.apache.lucene.util.OpenBitSet,55,2,1,12,69,0,9,4,54,0.240740741,1531,1.0,0,0.018867925,0.287878788,1,1,26.8,8,1.9455,3
lucene,2.4,lucene-2.4.csv,org.apache.lucene.util.BitVector,15,1,0,8,29,0,5,3,9,0.285714286,1538,1.0,0,0.0,0.321428571,0,0,101.2666667,10,2.0,2
lucene,2.4,lucene-2.4.csv,org.apache.lucene.document.AbstractField,24,1,3,7,34,140,3,4,21,0.855978261,593,1.0,0,0.0,0.171875,0,0,23.04166667,20,2.125,1
lucene,2.4,lucene-2.4.csv,org.apache.lucene.search.DisjunctionMaxQuery,14,2,0,7,38,0,2,6,11,0.384615385,318,1.0,0,0.5,0.171428571,2,5,21.57142857,6,1.5714,5
lucene,2.4,lucene-2.4.csv,org.apache.lucene.index.TermVectorMapper,7,1,4,12,8,17,11,1,5,0.833333333,28,1.0,0,0.0,0.380952381,0,0,2.714285714,1,0.7143,0
lucene,2.4,lucene-2.4.csv,org.apache.lucene.search.DocIdSetIterator,4,1,4,14,5,6,14,0,4,2.0,7,0.0,0,0.0,0.625,0,0,0.75,1,0.75,3
lucene,2.4,lucene-2.4.csv,org.apache.lucene.search.Hits,12,1,0,15,34,26,3,14,5,0.675324675,480,0.928571429,6,0.0,0.321428571,0,0,37.83333333,4,1.1667,2
lucene,2.4,lucene-2.4.csv,org.apache.lucene.search.BooleanScorer,12,3,0,8,29,26,1,7,7,0.609090909,461,1.0,3,0.444444444,0.305555556,1,3,36.58333333,2,1.0833,4
lucene,2.4,lucene-2.4.csv,org.apache.lucene.search.spans.SpanTermQuery,10,3,1,10,28,0,2,8,10,0.0,122,1.0,1,0.653846154,0.266666667,2,2,11.1,4,1.3,1
lucene,2.4,lucene-2.4.csv,org.apache.lucene.util.StringHelper,3,1,0,1,6,3,1,0,2,2.0,62,0.0,0,0.0,0.333333333,0,0,19.66666667,4,2.6667,0
lucene,2.4,lucene-2.4.csv,org.apache.lucene.search.SpanFilterResult,5,1,0,4,6,0,3,1,5,0.666666667,35,1.0,1,0.0,0.45,0,0,5.4,1,0.6,0
lucene,2.4,lucene-2.4.csv,org.apache.lucene.store.RAMInputStream,8,2,0,3,17,0,1,2,6,0.5,236,0.875,1,0.708333333,0.270833333,1,4,27.5,2,1.0,0
lucene,2.4,lucene-2.4.csv,org.apache.lucene.search.Searcher,24,1,3,41,29,270,30,14,23,0.913043478,138,1.0,1,0.0,0.275,0,0,4.708333333,1,0.9583,3
lucene,2.4,lucene-2.4.csv,org.apache.lucene.search.payloads.BoostingTermQuery,4,4,0,6,8,4,2,5,2,2.0,42,0.0,0,0.896551724,0.35,1,1,9.5,4,1.5,2
lucene,2.4,lucene-2.4.csv,org.apache.lucene.analysis.Analyzer,6,1,6,15,10,9,14,1,4,0.6,31,1.0,0,0.0,0.5,0,0,4.0,1,0.8333,4
lucene,2.4,lucene-2.4.csv,org.apache.lucene.store.SimpleFSLockFactory,6,2,0,5,17,3,2,3,4,0.2,102,1.0,0,0.571428571,0.611111111,0,0,15.83333333,2,0.6667,2
lucene,2.4,lucene-2.4.csv,org.apache.lucene.store.LockReleaseFailedException,1,4,0,2,2,0,2,0,1,2.0,5,0.0,0,1.0,1.0,0,0,4.0,0,0.0,0
lucene,2.4,lucene-2.4.csv,org.apache.lucene.analysis.TokenFilter,3,2,8,9,6,0,8,1,2,0.0,20,1.0,1,0.714285714,0.666666667,0,0,5.333333333,1,0.6667,3
lucene,2.4,lucene-2.4.csv,org.apache.lucene.index.DocFieldConsumersPerThread,7,2,0,9,19,0,2,9,5,0.694444444,146,0.0,4,0.444444444,0.277777778,0,0,19.0,3,1.0,0
lucene,2.4,lucene-2.4.csv,org.apache.lucene.util.UnicodeUtil,7,1,0,8,15,1,6,2,5,1.075757576,969,0.363636364,0,0.0,0.333333333,0,0,135.8571429,14,7.7143,1
lucene,2.4,lucene-2.4.csv,org.apache.lucene.search.PhraseQueue,2,2,0,5,4,1,3,2,0,2.0,51,0.0,0,0.923076923,0.666666667,1,3,24.5,6,3.0,0
lucene,2.4,lucene-2.4.csv,org.apache.lucene.search.PhraseScorer,13,3,2,9,34,0,2,7,6,0.666666667,345,1.0,4,0.4,0.21978022,1,3,24.84615385,3,1.1538,4
lucene,2.4,lucene-2.4.csv,org.apache.lucene.store.MMapDirectory,3,3,0,5,11,3,0,5,3,1.0,55,1.0,0,0.958333333,0.666666667,1,2,17.0,1,0.6667,5
lucene,2.4,lucene-2.4.csv,org.apache.lucene.analysis.standard.StandardAnalyzer,19,2,0,10,36,0,0,10,18,0.537037037,242,0.666666667,0,0.384615385,0.25,1,2,11.42105263,1,0.4211,4
lucene,2.4,lucene-2.4.csv,org.apache.lucene.store.RAMOutputStream,16,2,0,11,33,26,9,2,11,0.688888889,332,0.666666667,1,0.566666667,0.175,1,5,19.1875,2,0.9375,0
lucene,2.4,lucene-2.4.csv,org.apache.lucene.store.AlreadyClosedException,1,5,0,5,2,0,5,0,1,2.0,5,0.0,0,1.0,1.0,0,0,4.0,0,0.0,0
lucene,2.4,lucene-2.4.csv,org.apache.lucene.search.ExtendedFieldCacheImpl,7,2,0,12,15,11,4,12,5,0.766666667,84,0.4,5,0.705882353,0.6,0,0,10.28571429,1,0.7143,2
lucene,2.4,lucene-2.4.csv,org.apache.lucene.index.FieldReaderException,4,4,0,1,8,6,1,0,4,2.0,20,0.0,0,1.0,0.666666667,0,0,4.0,0,0.0,0
lucene,2.4,lucene-2.4.csv,org.apache.lucene.index.FieldInfo,4,1,0,29,5,0,29,0,1,0.148148148,172,0.0,0,0.0,0.45,0,0,39.75,8,4.25,2
lucene,2.4,lucene-2.4.csv,org.apache.lucene.index.SegmentTermDocs,13,1,2,14,34,10,3,12,8,0.682291667,455,0.875,4,0.0,0.230769231,0,0,32.76923077,1,0.9231,2
lucene,2.4,lucene-2.4.csv,org.apache.lucene.search.spans.PayloadSpans,2,1,0,15,2,1,14,1,2,2.0,2,0.0,0,0.0,1.0,0,0,0.0,1,1.0,2
lucene,2.4,lucene-2.4.csv,org.apache.lucene.search.HitIterator,5,1,0,2,10,0,1,2,4,0.375,60,1.0,1,0.0,0.6,0,0,10.6,2,1.2,0
lucene,2.4,lucene-2.4.csv,org.apache.lucene.search.BooleanScorer2,21,3,0,16,56,104,5,15,10,0.65625,500,1.0,3,0.32,0.2375,1,3,22.42857143,5,1.0952,6
lucene,2.4,lucene-2.4.csv,org.apache.lucene.search.PhraseQuery,15,2,0,10,43,0,4,7,11,0.614285714,382,1.0,0,0.461538462,0.191666667,2,3,24.13333333,9,2.1333,5
lucene,2.4,lucene-2.4.csv,org.apache.lucene.analysis.Token,51,1,0,25,77,43,23,2,45,0.655384615,1122,0.230769231,1,0.0,0.285714286,1,1,20.74509804,12,1.7255,4
lucene,2.4,lucene-2.4.csv,org.apache.lucene.search.payloads.PayloadSpanUtil,4,1,0,15,36,4,0,15,2,0.333333333,356,1.0,1,0.0,0.5,0,0,87.75,1,0.75,1
lucene,2.4,lucene-2.4.csv,org.apache.lucene.search.SortComparatorSource,1,1,0,6,1,0,4,2,1,2.0,1,0.0,0,0.0,1.0,0,0,0.0,1,1.0,1
lucene,2.4,lucene-2.4.csv,org.apache.lucene.index.InvertedDocConsumerPerThread,5,1,1,9,6,10,6,4,0,2.0,8,0.0,0,0.0,0.466666667,0,0,0.6,1,0.8,0
lucene,2.4,lucene-2.4.csv,org.apache.lucene.analysis.TeeTokenFilter,4,3,0,4,12,2,0,4,2,0.777777778,58,0.0,1,0.777777778,0.4,1,2,12.75,1,0.5,0
lucene,2.4,lucene-2.4.csv,org.apache.lucene.search.DisjunctionMaxScorer,11,3,0,4,25,0,1,3,7,0.625,447,1.0,0,0.444444444,0.287878788,1,3,39.27272727,6,1.5455,2
lucene,2.4,lucene-2.4.csv,org.apache.lucene.index.MergeDocIDRemapper,4,1,0,5,12,2,2,3,2,0.708333333,354,0.0,0,0.0,0.428571429,0,0,85.5,10,2.75,1
lucene,2.4,lucene-2.4.csv,org.apache.lucene.store.NativeFSLockFactory,7,2,0,5,27,9,2,3,4,0.333333333,186,1.0,0,0.5,0.571428571,0,0,25.42857143,2,0.7143,3
lucene,2.4,lucene-2.4.csv,org.apache.lucene.search.SimilarityDelegator,8,2,1,2,16,0,1,1,8,0.0,56,1.0,1,0.681818182,0.395833333,1,2,5.875,1,0.875,1
lucene,2.4,lucene-2.4.csv,org.apache.lucene.store.SingleInstanceLockFactory,3,2,0,4,8,0,1,3,3,0.0,43,1.0,0,0.666666667,0.833333333,0,0,13.0,1,0.6667,1
lucene,2.4,lucene-2.4.csv,org.apache.lucene.search.TimeLimitedCollector,8,2,0,4,15,0,1,4,6,0.821428571,102,0.75,2,0.142857143,0.238095238,0,0,10.75,3,1.0,3
lucene,2.4,lucene-2.4.csv,org.apache.lucene.search.SortField,15,1,0,9,22,0,8,1,14,0.900793651,286,0.222222222,3,0.0,0.380952381,0,0,16.86666667,7,0.8,7
lucene,2.4,lucene-2.4.csv,org.apache.lucene.search.CachingWrapperFilter,6,2,1,4,18,0,1,3,6,0.4,162,1.0,1,0.285714286,0.416666667,2,2,25.66666667,2,1.0,5
lucene,2.4,lucene-2.4.csv,org.apache.lucene.index.TermPositionVector,2,1,0,4,2,1,2,2,2,2.0,2,0.0,0,0.0,1.0,0,0,0.0,1,1.0,0
lucene,2.4,lucene-2.4.csv,org.apache.lucene.queryParser.FastCharStream,14,1,0,2,25,3,1,1,13,0.602564103,237,0.0,0,0.0,0.404761905,0,0,15.5,1,0.9286,0
lucene,2.4,lucene-2.4.csv,org.apache.lucene.search.WildcardTermEnum,6,3,0,5,20,5,1,4,5,0.825,247,0.0,1,0.722222222,0.333333333,1,4,38.83333333,16,3.6667,1
lucene,2.4,lucene-2.4.csv,org.apache.lucene.index.IndexCommit,12,1,3,9,18,66,7,2,12,2.0,78,0.0,0,0.0,0.541666667,1,1,5.5,4,1.1667,2
lucene,2.4,lucene-2.4.csv,org.apache.lucene.analysis.StopFilter,13,3,0,6,29,38,2,4,11,0.716666667,178,0.6,1,0.466666667,0.285714286,1,2,12.30769231,1,0.6154,1
lucene,2.4,lucene-2.4.csv,org.apache.lucene.util.ScorerDocQueue,16,1,0,3,24,0,2,2,12,0.383333333,361,1.0,2,0.0,0.328125,0,0,21.3125,7,1.75,1
lucene,2.4,lucene-2.4.csv,org.apache.lucene.search.DefaultSimilarity,7,2,0,3,10,21,3,1,7,2.0,54,0.0,0,0.714285714,0.5,1,2,6.714285714,1,0.8571,0
lucene,2.4,lucene-2.4.csv,org.apache.lucene.index.TermsHashPerThread,10,2,0,24,37,7,9,18,4,0.759259259,276,0.0,8,0.333333333,0.188888889,0,0,25.4,4,1.4,0
lucene,2.4,lucene-2.4.csv,org.apache.lucene.index.ReadOnlyMultiSegmentReader,3,4,0,6,6,3,3,5,0,2.0,22,0.0,0,0.992366412,0.571428571,1,2,6.333333333,1,0.3333,2
poi,1.5,poi-1.5.csv,org.apache.poi.hssf.record.LineFormatRecord,25,2,0,6,44,128,1,5,23,0.948863636,429,0.363636364,3,0.333333333,0.352,1,6,15.28,2,0.92,1
poi,1.5,poi-1.5.csv,org.apache.poi.hssf.record.formula.AttrPtg,20,2,0,4,36,138,1,4,20,0.846889952,336,0.909090909,7,0.28,0.225,1,2,15.25,1,0.9,6
poi,1.5,poi-1.5.csv,org.apache.poi.hssf.record.RKRecord,23,2,0,8,48,235,2,6,21,0.924242424,379,0.444444444,0,0.35483871,0.289855072,1,5,15.08695652,6,1.4783,1
poi,1.5,poi-1.5.csv,org.apache.poi.hssf.record.UnicodeString,22,2,0,5,41,159,2,3,18,0.702380952,325,0.75,0,0.366666667,0.266233766,2,6,13.59090909,6,1.4545,3
poi,1.5,poi-1.5.csv,org.apache.poi.hpsf.MarkUnsupportedException,4,4,0,3,8,6,2,1,4,2.0,20,0.0,0,1.0,0.666666667,0,0,4.0,0,0.0,1
poi,1.5,poi-1.5.csv,org.apache.poi.poifs.storage.HeaderBlockReader,7,1,0,6,20,9,2,4,7,0.833333333,173,1.0,5,0.0,0.571428571,0,0,22.85714286,2,1.0,1
poi,1.5,poi-1.5.csv,org.apache.poi.hssf.record.formula.ValueReferencePtg,14,2,0,4,24,37,2,3,14,0.833333333,151,0.833333333,2,0.368421053,0.375,1,2,9.357142857,1,0.8571,0
poi,1.5,poi-1.5.csv,org.apache.poi.hssf.record.InterfaceHdrRecord,11,2,0,5,21,49,2,3,9,0.933333333,107,0.333333333,0,0.578947368,0.522727273,1,6,8.454545455,2,0.8182,0
poi,1.5,poi-1.5.csv,org.apache.poi.hssf.record.UnitsRecord,11,2,0,5,22,43,1,4,9,0.85,117,0.5,0,0.578947368,0.522727273,1,6,9.454545455,2,0.8182,1
poi,1.5,poi-1.5.csv,org.apache.poi.hssf.dev.HSSF,4,1,0,10,49,0,0,10,4,0.0,492,1.0,2,0.0,0.5625,0,0,121.0,8,2.0,2
poi,1.5,poi-1.5.csv,org.apache.poi.hpsf.DocumentSummaryInformation,16,3,0,4,27,120,1,3,16,2.0,105,0.0,0,0.625,0.53125,0,0,5.5625,1,0.9375,2
poi,1.5,poi-1.5.csv,org.apache.poi.hssf.record.MergeCellsRecord,14,2,0,6,34,43,3,4,12,0.717948718,346,0.666666667,0,0.5,0.517857143,1,6,23.5,2,1.1429,1
poi,1.5,poi-1.5.csv,org.apache.poi.hssf.record.WindowProtectRecord,11,2,0,5,21,43,2,3,9,0.85,117,0.5,0,0.578947368,0.418181818,1,6,9.454545455,2,1.0,0
poi,1.5,poi-1.5.csv,org.apache.poi.hssf.record.formula.UnknownPtg,5,2,0,1,6,10,0,1,5,1.0,18,1.0,0,0.7,0.6,1,2,2.4,1,0.6,3
poi,1.5,poi-1.5.csv,org.apache.poi.hssf.record.FnGroupCountRecord,11,2,0,5,21,49,2,3,9,0.933333333,106,0.333333333,0,0.578947368,0.522727273,1,6,8.363636364,2,0.8182,0
poi,1.5,poi-1.5.csv,org.apache.poi.hssf.dev.BiffViewer,9,1,0,93,123,32,0,93,5,0.75,1079,0.5,0,0.0,0.253968254,0,0,118.6666667,89,11.1111,4
poi,1.5,poi-1.5.csv,org.apache.poi.poifs.storage.SmallDocumentBlock,12,1,0,8,25,24,6,2,8,0.863636364,319,1.0,0,0.0,0.214285714,0,0,25.25,3,1.25,0
poi,1.5,poi-1.5.csv,org.apache.poi.poifs.storage.RawDataBlockList,5,2,0,8,16,10,4,4,5,2.0,50,0.0,0,0.555555556,0.5,0,0,9.0,1,0.8,0
poi,1.5,poi-1.5.csv,org.apache.poi.hssf.record.BarRecord,23,2,0,6,39,39,1,5,21,0.772727273,382,0.875,4,0.35483871,0.356521739,1,6,15.26086957,2,0.913,1
poi,1.5,poi-1.5.csv,org.apache.poi.hssf.eventmodel.HSSFListener,1,1,0,6,1,0,5,1,1,2.0,1,0.0,0,0.0,1.0,0,0,0.0,1,1.0,0
poi,1.5,poi-1.5.csv,org.apache.poi.poifs.storage.BlockAllocationTableWriter,8,1,0,7,17,0,2,5,7,0.571428571,134,1.0,2,0.0,0.458333333,0,0,15.375,3,1.375,0
poi,1.5,poi-1.5.csv,org.apache.poi.hssf.record.formula.MemErrPtg,9,2,0,2,12,24,1,2,9,0.9375,48,0.75,0,0.5,0.416666667,1,2,3.888888889,1,0.7778,3
poi,1.5,poi-1.5.csv,org.apache.poi.poifs.dev.POIFSViewer,3,1,0,2,21,3,0,2,2,2.0,112,0.0,0,0.0,0.333333333,0,0,36.33333333,4,2.3333,0
poi,1.5,poi-1.5.csv,org.apache.poi.hssf.record.CalcModeRecord,11,2,0,5,21,49,2,3,9,1.0,109,0.2,0,0.578947368,0.522727273,1,6,8.454545455,2,0.8182,1
poi,1.5,poi-1.5.csv,org.apache.poi.hssf.record.AreaRecord,17,2,0,6,33,4,1,5,15,0.7,252,0.8,3,0.44,0.376470588,1,6,13.52941176,2,0.8824,1
poi,1.5,poi-1.5.csv,org.apache.poi.poifs.dev.POIFSViewable,4,1,0,6,4,6,6,0,4,2.0,4,0.0,0,0.0,1.0,0,0,0.0,1,1.0,0
poi,1.5,poi-1.5.csv,org.apache.poi.hpsf.Property,6,1,0,4,15,9,2,2,4,0.8,218,1.0,0,0.0,0.666666667,0,0,34.83333333,3,1.1667,4
poi,1.5,poi-1.5.csv,org.apache.poi.poifs.filesystem.POIFSWriterListener,1,1,0,7,1,0,6,1,1,2.0,1,0.0,0,0.0,1.0,0,0,0.0,1,1.0,0
poi,1.5,poi-1.5.csv,org.apache.poi.hssf.record.LabelRecord,21,2,0,7,30,198,2,5,19,0.921428571,234,0.857142857,0,0.379310345,0.361904762,1,4,9.80952381,6,1.5714,3
poi,1.5,poi-1.5.csv,org.apache.poi.poifs.filesystem.DocumentDescriptor,4,1,0,2,18,0,1,1,4,0.222222222,129,1.0,1,0.0,0.4375,1,1,30.5,6,2.5,0
poi,1.5,poi-1.5.csv,org.apache.poi.hssf.dev.EFBiffViewer,4,1,0,6,16,4,1,6,4,0.333333333,82,0.0,0,0.0,0.416666667,0,0,19.25,3,1.25,0
poi,1.5,poi-1.5.csv,org.apache.poi.hssf.record.FontIndexRecord,11,2,0,5,22,43,1,4,9,0.85,117,0.5,0,0.578947368,0.522727273,1,6,9.454545455,2,0.8182,1
poi,1.5,poi-1.5.csv,org.apache.poi.hssf.record.PrecisionRecord,11,2,0,5,21,43,2,3,9,0.85,117,0.0,0,0.578947368,0.418181818,1,6,9.454545455,2,1.0,0
poi,1.5,poi-1.5.csv,org.apache.poi.hssf.record.CodepageRecord,11,2,0,5,21,49,2,3,9,0.933333333,107,0.333333333,0,0.578947368,0.522727273,1,6,8.454545455,2,0.8182,0
poi,1.5,poi-1.5.csv,org.apache.poi.hssf.usermodel.HSSFErrorConstants,0,1,0,0,0,0,0,0,0,2.0,7,0.0,0,0.0,0.0,0,0,0.0,0,0.0,0
poi,1.5,poi-1.5.csv,org.apache.poi.poifs.filesystem.DirectoryEntry,7,1,0,6,7,21,4,3,7,2.0,7,0.0,0,0.0,0.4,0,0,0.0,1,1.0,1
poi,1.5,poi-1.5.csv,org.apache.poi.hssf.record.ValueRangeRecord,39,2,0,6,58,115,1,5,37,0.858552632,697,0.9375,9,0.234042553,0.277777778,1,6,16.46153846,2,0.9487,0
poi,1.5,poi-1.5.csv,org.apache.poi.hssf.usermodel.HSSFCellStyle,42,1,0,6,88,0,3,3,41,1.0,329,0.066666667,1,0.0,0.304761905,0,0,5.761904762,1,0.9762,2
poi,1.5,poi-1.5.csv,org.apache.poi.hssf.record.UnknownRecord,9,2,0,7,17,2,4,3,6,0.6875,145,0.75,0,0.611111111,0.527777778,1,6,14.66666667,3,1.1111,3
poi,1.5,poi-1.5.csv,org.apache.poi.hssf.record.formula.DividePtg,8,2,0,4,13,28,3,2,8,1.142857143,56,0.0,0,0.538461538,0.40625,1,2,5.75,1,0.75,4
poi,1.5,poi-1.5.csv,org.apache.poi.hssf.record.formula.ExpPtg,5,2,0,1,6,10,1,1,5,1.25,18,0.5,0,0.7,0.6,1,2,2.2,1,0.6,5
poi,1.5,poi-1.5.csv,org.apache.poi.hpsf.HPSFException,5,3,3,3,7,4,3,0,5,0.5,29,1.0,0,0.944444444,0.6,0,0,4.6,1,0.2,1
poi,1.5,poi-1.5.csv,org.apache.poi.hssf.record.BoundSheetRecord,19,2,0,7,34,141,3,4,17,0.814814815,253,0.833333333,0,0.407407407,0.307017544,1,6,12.0,2,0.8947,3
poi,1.5,poi-1.5.csv,org.apache.poi.poifs.filesystem.POIFSDocumentPath,9,1,0,10,20,0,10,0,9,0.25,294,1.0,0,0.0,0.311111111,1,1,31.44444444,7,1.8889,0
poi,1.5,poi-1.5.csv,org.apache.poi.poifs.filesystem.POIFSWriterEvent,5,1,0,5,6,2,3,2,4,0.75,36,1.0,2,0.0,0.36,0,0,5.4,1,0.8,0
poi,1.5,poi-1.5.csv,org.apache.poi.poifs.property.Property,30,1,3,18,60,257,13,5,16,0.95841785,671,1.0,14,0.0,0.2,0,0,20.23333333,3,1.1333,1
poi,1.5,poi-1.5.csv,org.apache.poi.util.POILogFactory,4,1,0,7,13,4,4,3,2,0.333333333,46,1.0,0,0.0,0.333333333,0,0,10.0,2,0.75,0
poi,1.5,poi-1.5.csv,org.apache.poi.hssf.record.ContinueRecord,13,2,0,4,27,72,1,3,10,0.916666667,221,0.5,0,0.523809524,0.519230769,1,5,15.84615385,4,1.0769,2
poi,1.5,poi-1.5.csv,org.apache.poi.hssf.record.ExtendedFormatRecord,96,2,0,9,117,3214,5,4,93,0.981194559,1478,0.483146067,34,0.106796117,0.313684211,1,6,13.46875,3,0.9896,1
poi,1.5,poi-1.5.csv,org.apache.poi.hssf.record.CalcCountRecord,11,2,0,5,21,49,2,3,9,0.85,106,0.5,0,0.578947368,0.522727273,1,6,8.454545455,2,0.8182,1
poi,1.5,poi-1.5.csv,org.apache.poi.poifs.storage.RawDataBlock,3,1,0,6,10,0,5,1,3,0.25,78,1.0,0,0.0,0.666666667,0,0,24.33333333,1,0.6667,1
poi,1.5,poi-1.5.csv,org.apache.poi.hssf.record.SeriesChartGroupIndexRecord,11,2,0,4,22,43,0,4,9,0.85,117,0.5,0,0.578947368,0.522727273,1,6,9.454545455,2,0.8182,1
poi,1.5,poi-1.5.csv,org.apache.poi.hssf.record.IterationRecord,11,2,0,5,21,43,2,3,9,0.85,116,0.5,0,0.578947368,0.418181818,1,6,9.363636364,2,1.0,1
poi,1.5,poi-1.5.csv,org.apache.poi.hssf.record.SaveRecalcRecord,11,2,0,5,21,43,2,3,9,0.85,116,0.5,0,0.578947368,0.418181818,1,6,9.363636364,2,1.0,1
poi,1.5,poi-1.5.csv,org.apache.poi.poifs.storage.PropertyBlock,4,2,0,5,11,4,1,4,2,0.833333333,108,1.0,1,0.5,0.4,1,1,25.5,3,1.25,0
poi,1.5,poi-1.5.csv,org.apache.poi.hssf.record.RecordFactory,7,1,0,14,56,9,4,10,5,0.722222222,663,1.0,0,0.0,0.166666667,0,0,93.28571429,8,2.0,3
poi,1.5,poi-1.5.csv,org.apache.poi.hssf.model.Sheet,76,1,0,48,274,1888,4,44,45,0.880784314,2248,0.882352941,8,0.0,0.108571429,0,0,28.35526316,17,1.8421,20
poi,1.5,poi-1.5.csv,org.apache.poi.poifs.filesystem.DocumentEntry,1,1,0,7,1,0,6,1,1,2.0,1,0.0,0,0.0,1.0,0,0,0.0,1,1.0,0
poi,1.5,poi-1.5.csv,org.apache.poi.hpsf.littleendian.Byte,2,2,0,2,3,1,1,1,2,2.0,10,0.0,0,0.75,0.666666667,1,1,3.5,1,0.5,0
poi,1.5,poi-1.5.csv,org.apache.poi.hssf.usermodel.HSSFDataFormat,6,1,0,1,12,0,1,0,5,0.2,266,1.0,0,0.0,0.166666667,0,0,43.16666667,5,2.0,4
poi,1.5,poi-1.5.csv,org.apache.poi.hssf.eventmodel.HSSFEventFactory,3,1,0,9,12,3,2,7,3,2.0,121,0.0,0,0.0,0.583333333,0,0,39.33333333,1,0.6667,2
poi,1.5,poi-1.5.csv,org.apache.poi.hssf.record.WindowTwoRecord,47,2,0,7,63,193,3,4,45,0.879347826,856,0.95,12,0.2,0.327659574,1,6,16.78723404,3,1.0,1
poi,1.5,poi-1.5.csv,org.apache.poi.hssf.record.HeaderRecord,13,2,0,6,25,66,2,4,11,0.777777778,175,0.666666667,0,0.523809524,0.333333333,1,6,12.23076923,3,1.1538,2
poi,1.5,poi-1.5.csv,org.apache.poi.hssf.usermodel.HSSFWorkbook,27,1,0,18,82,0,2,16,24,0.723076923,553,0.8,2,0.0,0.183760684,0,0,19.2962963,5,1.4815,12
poi,1.5,poi-1.5.csv,org.apache.poi.hssf.record.WindowOneRecord,38,2,0,6,52,479,2,4,35,0.898648649,536,0.9375,6,0.244444444,0.335135135,1,6,12.68421053,2,0.9211,0
poi,1.5,poi-1.5.csv,org.apache.poi.hssf.record.ColumnInfoRecord,26,2,0,6,41,217,2,4,23,0.864,341,0.9,3,0.333333333,0.352,1,6,11.73076923,2,0.8846,1
poi,1.5,poi-1.5.csv,org.apache.poi.poifs.filesystem.EntryNode,10,1,2,6,14,19,3,4,6,0.611111111,71,1.0,2,0.0,0.325,0,0,5.9,3,1.3,0
poi,1.5,poi-1.5.csv,org.apache.poi.hssf.record.formula.OperationPtg,3,1,0,11,3,3,10,1,3,1.5,6,0.0,0,0.0,0.666666667,0,0,0.0,1,1.0,2
poi,1.5,poi-1.5.csv,org.apache.poi.util.LongField,11,1,0,5,21,9,2,3,11,0.25,92,1.0,0,0.0,0.454545455,0,0,7.181818182,1,0.6364,0
poi,1.5,poi-1.5.csv,org.apache.poi.hssf.record.FontBasisRecord,19,2,0,5,30,119,1,4,17,0.824074074,281,0.833333333,0,0.407407407,0.460526316,1,6,13.47368421,2,0.8947,1
poi,1.5,poi-1.5.csv,org.apache.poi.util.FixedField,4,1,0,5,4,6,4,1,4,2.0,4,0.0,0,0.0,0.583333333,0,0,0.0,1,1.0,0
poi,1.5,poi-1.5.csv,org.apache.poi.hssf.record.BOFRecord,21,2,0,7,34,174,4,3,19,0.961764706,285,0.352941176,0,0.379310345,0.452380952,1,6,11.76190476,2,0.9048,1
poi,1.5,poi-1.5.csv,org.apache.poi.hssf.record.ProtectRecord,11,2,0,5,21,49,2,3,9,0.85,112,0.5,0,0.578947368,0.418181818,1,6,9.0,2,0.9091,1
poi,1.5,poi-1.5.csv,org.apache.poi.util.ByteField,11,1,0,4,15,21,1,3,11,0.533333333,90,1.0,0,0.0,0.454545455,0,0,6.909090909,1,0.6364,0
poi,1.5,poi-1.5.csv,org.apache.poi.hssf.record.ProtectionRev4Record,11,2,0,5,21,49,2,3,9,0.85,112,0.5,0,0.578947368,0.418181818,1,6,9.0,2,0.9091,0
poi,1.5,poi-1.5.csv,org.apache.poi.hpsf.wellknown.PropertyIDMap,6,3,0,1,15,15,1,0,6,1.177142857,275,0.057142857,2,0.915254237,0.3,1,2,39.0,2,1.1667,3
poi,1.5,poi-1.5.csv,org.apache.poi.poifs.storage.BigBlock,4,1,4,5,6,6,4,1,1,2.0,15,0.0,0,0.0,0.666666667,0,0,2.75,1,0.75,0
poi,1.5,poi-1.5.csv,org.apache.poi.hssf.record.TabIdRecord,11,2,0,5,25,43,2,3,9,0.8,182,0.0,0,0.578947368,0.418181818,1,6,15.36363636,2,1.0909,0
poi,1.5,poi-1.5.csv,org.apache.poi.hpsf.littleendian.Word,2,2,0,4,3,1,3,1,2,2.0,10,0.0,0,0.75,0.666666667,1,1,3.5,1,0.5,0
poi,1.5,poi-1.5.csv,org.apache.poi.poifs.storage.BlockWritable,1,1,0,9,1,0,9,0,1,2.0,1,0.0,0,0.0,1.0,0,0,0.0,1,1.0,0
poi,1.5,poi-1.5.csv,org.apache.poi.hssf.record.EOFRecord,9,2,0,6,17,36,3,3,7,1.125,72,0.0,0,0.647058824,0.555555556,1,6,6.888888889,2,0.7778,1
poi,1.5,poi-1.5.csv,org.apache.poi.poifs.property.PropertyFactory,2,1,0,5,10,1,1,4,0,2.0,82,0.0,0,0.0,0.5,0,0,40.0,1,0.5,0
poi,1.5,poi-1.5.csv,org.apache.poi.hssf.record.formula.ValueVariableFunctionPtg,9,2,0,4,13,30,1,4,9,0.90625,106,0.375,4,0.5,0.388888889,1,2,9.888888889,1,0.7778,1
poi,1.5,poi-1.5.csv,org.apache.poi.hssf.record.LegendRecord,35,2,0,5,55,217,0,5,33,0.923273657,642,0.565217391,6,0.255813953,0.280952381,1,6,16.68571429,2,0.9429,2
poi,1.5,poi-1.5.csv,org.apache.poi.util.IntegerField,11,1,0,7,17,9,4,3,11,0.25,85,1.0,0,0.0,0.522727273,0,0,6.545454545,1,0.6364,0
poi,1.5,poi-1.5.csv,org.apache.poi.hssf.record.SeriesListRecord,11,2,0,4,22,35,1,3,9,0.8,119,0.5,0,0.578947368,0.418181818,1,6,9.636363636,2,0.8182,1
poi,1.5,poi-1.5.csv,org.apache.poi.hssf.record.formula.Ptg,8,1,15,21,29,28,21,13,8,2.0,166,0.0,0,0.0,0.458333333,0,0,19.75,15,2.625,11
poi,1.5,poi-1.5.csv,org.apache.poi.hssf.record.formula.AddPtg,12,2,0,4,21,66,3,2,11,1.090909091,97,0.333333333,0,0.4375,0.333333333,1,2,6.833333333,5,1.0833,4
poi,1.5,poi-1.5.csv,org.apache.poi.hssf.dev.EFHSSFListener,2,1,0,3,4,0,1,3,2,0.0,14,0.0,1,0.0,0.666666667,0,0,5.5,1,0.5,0
poi,1.5,poi-1.5.csv,org.apache.poi.hssf.record.AxisUsedRecord,11,2,0,4,22,43,0,4,9,0.85,117,0.5,0,0.578947368,0.522727273,1,6,9.454545455,2,0.8182,1
poi,1.5,poi-1.5.csv,org.apache.poi.hpsf.SummaryInformation,19,3,0,4,30,171,1,3,19,2.0,126,0.0,0,0.581395349,0.526315789,0,0,5.631578947,1,0.9474,1
poi,1.5,poi-1.5.csv,org.apache.poi.hssf.record.MulRKRecord,15,2,0,7,33,87,2,5,12,0.871428571,230,0.8,0,0.47826087,0.516666667,1,5,14.0,2,1.0,0
poi,1.5,poi-1.5.csv,org.apache.poi.poifs.eventfilesystem.POIFSReaderListener,1,1,0,4,1,0,3,1,1,2.0,1,0.0,0,0.0,1.0,0,0,0.0,1,1.0,0
poi,1.5,poi-1.5.csv,org.apache.poi.hssf.record.ChartRecord,17,2,0,5,29,94,1,4,15,0.8125,240,0.8,0,0.44,0.470588235,1,6,12.82352941,2,0.8824,1
poi,1.5,poi-1.5.csv,org.apache.poi.hssf.record.BoolErrRecord,28,2,0,6,42,312,2,4,26,0.796296296,434,0.833333333,0,0.305555556,0.21875,1,6,14.28571429,7,1.8571,2
poi,1.5,poi-1.5.csv,org.apache.poi.hssf.record.FrameRecord,17,2,0,6,33,40,1,5,15,0.830357143,250,0.571428571,2,0.44,0.376470588,1,6,13.29411765,2,0.8824,1
poi,1.5,poi-1.5.csv,org.apache.poi.hssf.record.GridsetRecord,11,2,0,5,21,43,2,3,9,0.85,117,0.0,0,0.578947368,0.418181818,1,6,9.454545455,2,1.0,1
poi,1.5,poi-1.5.csv,org.apache.poi.poifs.property.DirectoryProperty,8,2,1,11,37,0,7,5,6,0.357142857,278,1.0,0,0.823529412,0.375,1,1,33.5,6,1.625,0
poi,1.5,poi-1.5.csv,org.apache.poi.hssf.record.LabelSSTRecord,24,2,0,8,38,252,4,4,22,0.782608696,366,0.8,0,0.34375,0.305555556,1,6,14.04166667,7,1.7917,1
poi,1.5,poi-1.5.csv,org.apache.poi.hssf.record.formula.PowerPtg,8,2,0,3,13,28,2,2,8,1.142857143,56,0.0,0,0.538461538,0.40625,1,2,5.75,1,0.75,5
poi,1.5,poi-1.5.csv,org.apache.poi.poifs.dev.POIFSViewEngine,4,1,0,2,24,4,1,1,2,0.333333333,146,1.0,0,0.0,0.466666667,0,0,35.25,3,1.25,0
poi,1.5,poi-1.5.csv,org.apache.poi.hssf.record.UseSelFSRecord,11,2,0,5,21,49,2,3,9,0.975,108,0.25,0,0.578947368,0.522727273,1,6,8.454545455,2,0.8182,0
poi,1.5,poi-1.5.csv,org.apache.poi.hssf.record.AreaFormatRecord,25,2,0,6,44,164,1,5,23,0.828703704,412,0.888888889,2,0.333333333,0.352,1,6,15.12,2,0.92,1
poi,1.5,poi-1.5.csv,org.apache.poi.hssf.record.SSTRecord,38,2,0,8,87,349,3,5,18,0.888288288,1625,0.933333333,1,0.239130435,0.243421053,2,7,41.36842105,13,2.3158,5
poi,1.5,poi-1.5.csv,org.apache.poi.hssf.model.Workbook,59,1,0,39,187,1269,5,34,24,0.892572944,2395,1.0,2,0.0,0.187192118,0,0,39.37288136,10,1.4407,14
poi,1.5,poi-1.5.csv,org.apache.poi.poifs.property.DocumentProperty,7,2,0,6,14,9,5,2,5,0.5,48,1.0,1,0.848484848,0.342857143,0,0,5.714285714,1,0.7143,0
poi,1.5,poi-1.5.csv,org.apache.poi.hpsf.Util,6,1,0,2,8,15,2,0,6,1.2,137,0.0,0,0.0,0.333333333,0,0,21.66666667,4,2.0,4
poi,1.5,poi-1.5.csv,org.apache.poi.hpsf.littleendian.DWord,3,2,0,6,4,3,5,1,3,1.5,38,0.0,0,0.6,0.555555556,1,1,11.33333333,2,1.0,0
poi,1.5,poi-1.5.csv,org.apache.poi.poifs.storage.BATBlock,12,2,0,6,18,54,4,2,8,0.924242424,222,1.0,1,0.230769231,0.3125,1,2,17.0,5,1.3333,0
poi,1.5,poi-1.5.csv,org.apache.poi.hssf.record.IndexRecord,17,2,0,6,38,104,2,4,15,0.883928571,293,0.0,1,0.44,0.485294118,1,6,15.82352941,2,1.1765,2
poi,1.5,poi-1.5.csv,org.apache.poi.util.LittleEndianConsts,0,1,0,1,0,0,1,0,0,2.0,5,0.0,0,0.0,0.0,0,0,0.0,0,0.0,0
poi,1.5,poi-1.5.csv,org.apache.poi.dev.RecordGenerator,3,1,0,1,30,3,0,1,2,2.0,315,0.0,0,0.0,0.333333333,0,0,104.0,1,0.6667,1
poi,1.5,poi-1.5.csv,org.apache.poi.util.ShortList,25,1,0,0,29,0,0,0,24,0.388888889,629,1.0,0,0.0,0.313333333,1,1,24.04,9,2.6,0
poi,1.5,poi-1.5.csv,org.apache.poi.hpsf.PropertySetFactory,2,1,0,6,8,1,0,6,2,2.0,28,0.0,0,0.0,0.5,0,0,13.0,1,0.5,2
poi,1.5,poi-1.5.csv,org.apache.poi.hssf.record.CellValueRecordInterface,9,1,0,12,9,36,12,0,9,2.0,9,0.0,0,0.0,0.555555556,0,0,0.0,1,1.0,1
poi,1.5,poi-1.5.csv,org.apache.poi.hssf.record.DateWindow1904Record,11,2,0,5,21,49,2,3,9,0.85,106,0.5,0,0.578947368,0.522727273,1,6,8.454545455,2,0.8182,0
poi,1.5,poi-1.5.csv,org.apache.poi.hssf.record.RefreshAllRecord,11,2,0,5,21,43,2,3,9,0.85,116,0.5,0,0.578947368,0.418181818,1,6,9.363636364,2,1.0,0
poi,1.5,poi-1.5.csv,org.apache.poi.util.IntList,25,1,0,4,29,0,4,0,24,0.388888889,629,1.0,0,0.0,0.36,1,1,24.04,9,2.6,0
poi,1.5,poi-1.5.csv,org.apache.poi.hssf.util.Region,16,1,0,3,17,78,2,1,16,0.533333333,172,1.0,0,0.0,0.291666667,0,0,9.5,9,1.625,0
poi,1.5,poi-1.5.csv,org.apache.poi.hssf.record.formula.FormulaUtil,20,1,0,8,39,190,1,7,13,2.0,433,0.0,0,0.0,0.2,0,0,20.65,6,1.7,0
poi,1.5,poi-1.5.csv,org.apache.poi.hssf.record.BlankRecord,22,2,0,8,34,213,4,4,20,0.75,330,0.75,0,0.366666667,0.310606061,1,6,13.81818182,7,1.8636,1
poi,1.5,poi-1.5.csv,org.apache.poi.hssf.record.DeltaRecord,11,2,0,5,22,49,2,3,9,0.933333333,106,0.333333333,0,0.578947368,0.418181818,1,6,8.363636364,2,0.8182,1
poi,1.5,poi-1.5.csv,org.apache.poi.hssf.record.LinkedDataRecord,21,2,0,6,38,122,1,5,19,0.94,334,0.4,1,0.379310345,0.301587302,1,6,14.19047619,2,0.9048,1
poi,1.5,poi-1.5.csv,org.apache.poi.hssf.record.AxisRecord,19,2,0,4,33,119,0,4,17,0.901234568,284,0.555555556,0,0.407407407,0.460526316,1,6,13.47368421,2,0.8947,1
poi,1.5,poi-1.5.csv,org.apache.poi.hssf.record.ExtSSTInfoSubRecord,13,2,0,3,24,64,1,2,11,0.833333333,144,0.75,0,0.523809524,0.5,1,6,9.769230769,1,0.7692,2
poi,1.5,poi-1.5.csv,org.apache.poi.util.ShortField,11,1,0,5,21,9,2,3,11,0.25,92,1.0,0,0.0,0.454545455,0,0,7.181818182,1,0.6364,0
poi,1.5,poi-1.5.csv,org.apache.poi.poifs.common.POIFSConstants,0,1,0,0,0,0,0,0,0,2.0,4,0.0,0,0.0,0.0,0,0,0.0,0,0.0,0
poi,1.5,poi-1.5.csv,org.apache.poi.poifs.property.Child,4,1,0,3,4,6,3,0,4,2.0,4,0.0,0,0.0,0.75,0,0,0.0,1,1.0,0
poi,1.5,poi-1.5.csv,org.apache.poi.hssf.record.formula.SubtractPtg,8,2,0,4,13,28,3,2,8,1.142857143,56,0.0,0,0.538461538,0.40625,1,2,5.75,1,0.75,4
poi,1.5,poi-1.5.csv,org.apache.poi.hssf.record.RecordFormatException,1,4,0,99,2,0,99,0,1,2.0,5,0.0,0,1.0,1.0,0,0,4.0,0,0.0,0
poi,1.5,poi-1.5.csv,org.apache.poi.hssf.record.SeriesLabelsRecord,23,2,0,5,39,0,0,5,21,0.744318182,387,0.875,6,0.35483871,0.356521739,1,6,15.47826087,2,0.913,1
poi,1.5,poi-1.5.csv,org.apache.poi.hssf.record.PlotGrowthRecord,13,2,0,5,25,56,1,4,11,0.805555556,158,0.666666667,0,0.523809524,0.5,1,6,10.92307692,2,0.8462,1
poi,1.5,poi-1.5.csv,org.apache.poi.poifs.property.RootProperty,3,3,0,8,10,3,6,2,1,2.0,27,0.0,0,0.971428571,0.666666667,1,1,8.0,1,0.3333,0
poi,1.5,poi-1.5.csv,org.apache.poi.poifs.storage.SmallDocumentBlockList,5,2,0,5,12,10,1,4,5,2.0,32,0.0,0,0.555555556,0.5,0,0,5.4,1,0.8,0
poi,1.5,poi-1.5.csv,org.apache.poi.hpsf.littleendian.LittleEndian,4,1,4,4,5,4,4,0,4,0.333333333,46,1.0,0,0.0,0.666666667,0,0,10.25,2,1.0,0
poi,1.5,poi-1.5.csv,org.apache.poi.hssf.record.DataFormatRecord,19,2,0,6,35,93,1,5,17,0.796296296,285,0.833333333,1,0.407407407,0.368421053,1,6,13.68421053,2,0.8947,1
poi,1.5,poi-1.5.csv,org.apache.poi.poifs.filesystem.DocumentInputStream,13,2,0,13,23,0,10,3,11,0.642857143,271,1.0,1,0.45,0.256410256,1,2,19.30769231,2,0.9231,0
poi,1.5,poi-1.5.csv,org.apache.poi.hssf.usermodel.HSSFCell,26,1,0,16,78,65,4,12,19,0.75,984,0.6,4,0.0,0.147928994,0,0,36.07692308,20,2.8846,7
poi,1.5,poi-1.5.csv,org.apache.poi.util.HexDump,10,1,0,26,28,31,26,0,5,0.577777778,414,0.8,0,0.0,0.206349206,0,0,39.9,2,1.2,5
poi,1.5,poi-1.5.csv,org.apache.poi.hssf.record.BackupRecord,11,2,0,6,21,49,3,3,9,0.85,106,0.5,0,0.578947368,0.522727273,1,6,8.454545455,2,0.8182,0
poi,1.5,poi-1.5.csv,org.apache.poi.hssf.record.MulBlankRecord,14,2,0,5,24,77,2,3,11,0.876923077,202,0.8,0,0.5,0.517857143,1,5,13.07142857,2,1.0,1
poi,1.5,poi-1.5.csv,org.apache.poi.util.StringUtil,7,1,0,9,30,21,9,0,5,2.0,350,0.0,0,0.0,0.306122449,0,0,49.0,10,3.5714,7
poi,1.5,poi-1.5.csv,org.apache.poi.hssf.usermodel.HSSFFont,20,1,0,5,39,0,3,2,19,0.978947368,140,0.133333333,1,0.0,0.258333333,0,0,5.25,1,0.95,1
poi,1.5,poi-1.5.csv,org.apache.poi.hssf.record.PrintGridlinesRecord,11,2,0,5,21,43,2,3,9,0.85,117,0.5,0,0.578947368,0.418181818,1,6,9.454545455,2,1.0,1
poi,1.5,poi-1.5.csv,org.apache.poi.hssf.record.BeginRecord,9,2,0,4,17,36,1,3,7,1.125,72,0.0,0,0.647058824,0.555555556,1,6,6.888888889,2,0.7778,0
poi,1.5,poi-1.5.csv,org.apache.poi.poifs.property.Parent,4,1,0,3,4,6,1,2,4,2.0,4,0.0,0,0.0,0.583333333,0,0,0.0,1,1.0,0
poi,1.5,poi-1.5.csv,org.apache.poi.poifs.eventfilesystem.POIFSReaderEvent,4,1,0,5,5,0,3,2,3,0.666666667,28,1.0,2,0.0,0.4375,0,0,5.25,1,0.75,0
poi,1.5,poi-1.5.csv,org.apache.poi.hssf.record.CategorySeriesAxisRecord,23,2,0,5,39,91,0,5,21,0.795454545,375,0.875,3,0.35483871,0.356521739,1,6,14.95652174,2,0.913,1
poi,1.5,poi-1.5.csv,org.apache.poi.hssf.record.FooterRecord,13,2,0,6,25,66,2,4,11,0.777777778,174,0.666666667,0,0.523809524,0.333333333,1,6,12.15384615,3,1.1538,2
poi,1.5,poi-1.5.csv,org.apache.poi.hssf.record.WriteAccessRecord,11,2,0,6,29,43,2,4,9,0.85,156,0.5,0,0.578947368,0.418181818,1,6,13.0,2,0.9091,1
poi,1.5,poi-1.5.csv,org.apache.poi.hssf.record.formula.AreaPtg,23,2,0,2,36,201,1,2,23,0.833333333,379,0.833333333,0,0.25,0.369565217,1,2,15.2173913,2,1.1304,8
poi,1.5,poi-1.5.csv,org.apache.poi.poifs.property.PropertyTable,11,1,0,11,34,0,2,9,10,0.566666667,210,1.0,1,0.0,0.272727273,0,0,17.81818182,3,1.0909,0
poi,1.5,poi-1.5.csv,org.apache.poi.hssf.usermodel.HSSFColorConstants,0,1,0,2,0,0,2,0,0,2.0,41,0.0,0,0.0,0.0,0,0,0.0,0,0.0,0
poi,1.5,poi-1.5.csv,org.apache.poi.hssf.record.BookBoolRecord,11,2,0,5,21,43,2,3,9,0.85,106,0.5,0,0.578947368,0.522727273,1,6,8.454545455,2,0.8182,0
poi,1.5,poi-1.5.csv,org.apache.poi.hssf.record.NumberRecord,24,2,0,10,39,252,6,4,22,0.782608696,365,0.8,0,0.34375,0.261904762,1,6,14.0,7,1.7917,1
poi,1.5,poi-1.5.csv,org.apache.poi.hssf.record.formula.FormulaParser,30,1,0,9,66,297,0,9,4,0.659003831,583,1.0,0,0.0,0.353448276,0,0,18.13333333,5,1.9,6
poi,1.5,poi-1.5.csv,org.apache.poi.poifs.storage.ListManagedBlock,1,1,0,13,1,0,13,0,1,2.0,1,0.0,0,0.0,1.0,0,0,0.0,1,1.0,0
poi,1.5,poi-1.5.csv,org.apache.poi.hssf.usermodel.HSSFRow,24,1,0,8,51,84,3,5,16,0.673913043,451,0.833333333,3,0.0,0.183333333,0,0,17.54166667,5,1.7083,0
poi,1.5,poi-1.5.csv,org.apache.poi.poifs.filesystem.POIFSDocument,16,1,0,20,55,0,9,14,14,0.5,453,1.0,3,0.0,0.198863636,0,0,27.0625,6,1.0625,0
poi,1.5,poi-1.5.csv,org.apache.poi.hpsf.Section,10,1,0,6,22,27,2,4,8,0.80952381,222,1.0,2,0.0,0.5,0,0,20.5,4,1.5,6
poi,1.5,poi-1.5.csv,org.apache.poi.hssf.record.InterfaceEndRecord,9,2,0,5,17,36,2,3,7,1.125,72,0.0,0,0.647058824,0.555555556,1,6,6.888888889,2,0.7778,0
poi,1.5,poi-1.5.csv,org.apache.poi.hssf.record.RkRec,1,1,0,1,2,0,1,0,0,2.0,6,0.0,0,0.0,1.0,0,0,3.0,0,0.0,0
poi,1.5,poi-1.5.csv,org.apache.poi.hssf.record.aggregates.RowRecordsAggregate,14,2,0,4,33,35,1,3,12,0.673076923,183,0.0,0,0.458333333,0.297619048,1,5,11.78571429,5,1.5714,3
poi,1.5,poi-1.5.csv,org.apache.poi.hssf.record.SelectionRecord,19,2,0,5,29,141,2,3,17,0.865079365,266,0.857142857,0,0.407407407,0.368421053,1,6,12.63157895,2,0.8947,1
poi,1.5,poi-1.5.csv,org.apache.poi.util.POILogger,25,1,0,7,53,28,5,2,21,0.895833333,840,0.166666667,0,0.0,0.485714286,0,0,32.36,12,2.84,0
poi,1.5,poi-1.5.csv,org.apache.poi.hpsf.Variant,1,1,0,0,2,0,0,0,1,2.0,51,0.0,0,0.0,1.0,0,0,3.0,0,0.0,3
poi,1.5,poi-1.5.csv,org.apache.poi.hssf.util.HSSFColor,5,1,40,40,46,10,40,38,5,1.25,288,1.0,0,0.0,0.8,0,0,56.4,1,0.8,1
poi,1.5,poi-1.5.csv,org.apache.poi.hssf.record.RowRecord,36,2,0,10,52,366,6,4,34,0.865306122,621,0.928571429,5,0.25,0.282407407,1,6,15.86111111,4,1.1389,1
poi,1.5,poi-1.5.csv,org.apache.poi.hpsf.NoSingleSectionException,4,5,0,2,8,6,1,1,4,2.0,20,0.0,0,1.0,0.666666667,0,0,4.0,0,0.0,1
poi,1.5,poi-1.5.csv,org.apache.poi.hssf.record.RefModeRecord,11,2,0,5,21,49,2,3,9,0.975,108,0.25,0,0.578947368,0.522727273,1,6,8.454545455,2,0.8182,1
poi,1.5,poi-1.5.csv,org.apache.poi.hssf.record.FormatRecord,15,2,0,6,28,85,2,4,13,0.814285714,209,0.8,0,0.47826087,0.322222222,1,6,12.6,2,0.8667,3
poi,1.5,poi-1.5.csv,org.apache.poi.hssf.record.DimensionsRecord,17,2,0,5,29,110,2,3,15,0.833333333,232,0.833333333,0,0.44,0.470588235,1,6,12.29411765,2,0.8824,1
poi,1.5,poi-1.5.csv,org.apache.poi.hpsf.PropertySet,21,1,1,14,53,176,4,10,16,0.725,353,0.75,4,0.0,0.3625,0,0,15.42857143,4,1.0,3
poi,1.5,poi-1.5.csv,org.apache.poi.poifs.filesystem.Entry,6,1,0,5,6,15,5,1,6,2.0,6,0.0,0,0.0,0.583333333,0,0,0.0,1,1.0,0
poi,1.5,poi-1.5.csv,org.apache.poi.poifs.filesystem.BATManaged,2,1,0,5,2,1,5,0,2,2.0,2,0.0,0,0.0,0.75,0,0,0.0,1,1.0,0
poi,1.5,poi-1.5.csv,org.apache.poi.hssf.record.aggregates.ValueRecordsAggregate,13,2,0,4,30,34,1,3,11,0.75,191,0.0,0,0.47826087,0.294871795,1,5,13.30769231,6,1.6923,4
poi,1.5,poi-1.5.csv,org.apache.poi.hpsf.littleendian.ClassID,3,2,0,7,8,3,3,4,3,1.5,168,0.0,0,0.6,0.777777778,1,4,54.66666667,4,1.6667,0
poi,1.5,poi-1.5.csv,org.apache.poi.hpsf.HPSFRuntimeException,5,4,1,1,7,4,1,0,5,0.5,29,1.0,0,0.944444444,0.6,0,0,4.6,1,0.2,1
poi,1.5,poi-1.5.csv,org.apache.poi.util.LittleEndian,31,1,0,116,38,463,114,2,27,0.866666667,340,1.0,0,0.0,0.203703704,0,0,9.870967742,2,1.0968,3
poi,1.5,poi-1.5.csv,org.apache.poi.hpsf.wellknown.SectionIDMap,8,3,0,3,15,26,2,1,7,0.857142857,219,0.25,1,0.9,0.342857143,1,1,25.875,3,1.125,1
poi,1.5,poi-1.5.csv,org.apache.poi.hssf.record.MMSRecord,13,2,0,5,22,66,2,3,11,0.805555556,140,0.666666667,0,0.523809524,0.4,1,6,9.538461538,2,0.8462,0
poi,1.5,poi-1.5.csv,org.apache.poi.poifs.storage.BlockAllocationTableReader,7,1,0,12,29,1,7,6,1,0.0,257,1.0,1,0.0,0.514285714,0,0,35.57142857,2,0.7143,0
poi,1.5,poi-1.5.csv,org.apache.poi.hpsf.UnexpectedPropertySetTypeException,4,4,0,4,8,6,3,1,4,2.0,20,0.0,0,1.0,0.666666667,0,0,4.0,0,0.0,1
poi,1.5,poi-1.5.csv,org.apache.poi.hssf.record.HideObjRecord,11,2,0,5,21,49,2,3,9,1.0,109,0.2,0,0.578947368,0.522727273,1,6,8.454545455,2,0.8182,0
poi,1.5,poi-1.5.csv,org.apache.poi.hssf.record.DefaultRowHeightRecord,13,2,0,5,23,66,2,3,11,0.805555556,140,0.666666667,0,0.523809524,0.5,1,6,9.538461538,2,0.8462,1
poi,1.5,poi-1.5.csv,org.apache.poi.util.BinaryTree,57,2,0,15,87,1362,14,7,17,0.927083333,1806,1.0,1,0.25,0.265306122,1,7,30.47368421,19,2.5263,0
poi,1.5,poi-1.5.csv,org.apache.poi.poifs.eventfilesystem.POIFSReaderRegistry,6,1,0,4,22,0,1,3,0,0.333333333,163,1.0,0,0.0,0.5,0,0,25.66666667,5,2.3333,0
poi,1.5,poi-1.5.csv,org.apache.poi.poifs.storage.HeaderBlockWriter,7,2,0,8,18,1,2,6,5,0.80952381,314,1.0,5,0.333333333,0.571428571,1,2,42.85714286,4,1.4286,1
poi,1.5,poi-1.5.csv,org.apache.poi.hssf.record.EndRecord,9,2,0,4,17,36,1,3,7,1.125,72,0.0,0,0.647058824,0.555555556,1,6,6.888888889,2,0.7778,0
poi,1.5,poi-1.5.csv,org.apache.poi.hssf.record.formula.IntPtg,12,2,0,4,26,48,3,2,10,0.890909091,171,0.6,0,0.4375,0.35,1,2,12.83333333,9,1.5,4
poi,1.5,poi-1.5.csv,org.apache.poi.hssf.record.SheetPropertiesRecord,23,2,0,6,40,0,1,5,21,0.838842975,386,0.636363636,5,0.35483871,0.297101449,1,6,15.30434783,2,0.913,1
poi,1.5,poi-1.5.csv,org.apache.poi.hssf.record.PrintSetupRecord,48,2,0,6,65,694,2,4,45,0.911702128,677,0.95,8,0.2,0.273049645,1,6,12.6875,2,0.9375,1
poi,1.5,poi-1.5.csv,org.apache.poi.hssf.record.FormulaRecord,35,2,0,8,53,535,3,5,30,0.941176471,396,0.818181818,0,0.255813953,0.225,1,5,10.0,7,1.6,10
poi,1.5,poi-1.5.csv,org.apache.poi.poifs.storage.BlockListImpl,6,1,2,5,13,0,2,3,4,0.5,107,1.0,2,0.0,0.458333333,0,0,16.5,3,1.1667,0
poi,1.5,poi-1.5.csv,org.apache.poi.hssf.record.PasswordRecord,11,2,0,5,21,49,2,3,9,0.85,106,0.5,0,0.578947368,0.522727273,1,6,8.454545455,2,0.8182,1
poi,1.5,poi-1.5.csv,org.apache.poi.hssf.record.NumberFormatIndexRecord,11,2,0,4,22,43,0,4,9,0.85,117,0.5,0,0.578947368,0.522727273,1,6,9.454545455,2,0.8182,1
poi,1.5,poi-1.5.csv,org.apache.poi.hssf.record.StyleRecord,24,2,0,6,37,210,2,4,21,0.875,368,0.625,0,0.34375,0.298611111,1,6,14.0,3,1.2083,2
poi,1.5,poi-1.5.csv,org.apache.poi.poifs.storage.BlockList,4,1,0,6,4,6,5,2,4,2.0,4,0.0,0,0.0,0.666666667,0,0,0.0,1,1.0,0
poi,1.5,poi-1.5.csv,org.apache.poi.hssf.record.Record,14,1,100,115,16,85,115,0,11,0.846153846,125,0.75,0,0.0,0.5,0,0,7.642857143,1,0.7857,1
poi,1.5,poi-1.5.csv,org.apache.poi.hssf.record.WSBoolRecord,30,2,0,7,43,183,3,4,27,0.864942529,391,0.916666667,9,0.297297297,0.287356322,1,6,11.63333333,2,0.9,1
poi,1.5,poi-1.5.csv,org.apache.poi.hssf.record.SeriesRecord,21,2,0,5,32,148,1,4,19,0.971052632,334,0.315789474,0,0.379310345,0.452380952,1,6,14.0,2,0.9048,1
poi,1.5,poi-1.5.csv,org.apache.poi.hssf.usermodel.HSSFDateUtil,8,1,0,1,20,26,1,0,3,1.047619048,169,1.0,0,0.0,0.2,0,0,19.75,2,1.25,1
poi,1.5,poi-1.5.csv,org.apache.poi.hssf.record.PrintHeadersRecord,11,2,0,5,21,43,2,3,9,0.85,117,0.5,0,0.578947368,0.418181818,1,6,9.454545455,2,1.0,1
poi,1.5,poi-1.5.csv,org.apache.poi.hssf.eventmodel.HSSFRequest,4,1,0,6,16,0,3,3,3,0.0,97,1.0,0,0.0,0.5,0,0,23.0,3,1.75,0
poi,1.5,poi-1.5.csv,org.apache.poi.hssf.record.DefaultDataLabelTextPropertiesRecord,11,2,0,4,22,43,0,4,9,1.0,120,0.2,0,0.578947368,0.522727273,1,6,9.454545455,2,0.8182,1
poi,1.5,poi-1.5.csv,org.apache.poi.hssf.record.CountryRecord,13,2,0,5,23,66,2,3,11,0.805555556,140,0.666666667,0,0.523809524,0.5,1,6,9.538461538,2,0.8462,0
poi,1.5,poi-1.5.csv,org.apache.poi.poifs.filesystem.POIFSFileSystem,17,1,0,35,91,106,9,27,13,0.354166667,453,1.0,2,0.0,0.14479638,0,0,25.47058824,2,1.1176,2
poi,1.5,poi-1.5.csv,org.apache.poi.poifs.filesystem.DirectoryNode,18,2,0,13,61,57,3,13,13,0.607843137,316,1.0,2,0.346153846,0.172222222,1,1,16.38888889,3,1.1667,1
poi,1.5,poi-1.5.csv,org.apache.poi.hssf.record.formula.MultiplyPtg,8,2,0,4,13,28,3,2,8,1.142857143,56,0.0,0,0.538461538,0.40625,1,2,5.75,1,0.75,4
poi,1.5,poi-1.5.csv,org.apache.poi.hssf.record.formula.NamePtg,5,2,0,2,7,10,1,2,5,1.1,41,0.8,0,0.7,0.6,1,2,6.2,1,0.6,6
poi,1.5,poi-1.5.csv,org.apache.poi.hssf.record.DSFRecord,11,2,0,5,21,49,2,3,9,0.85,106,0.5,0,0.578947368,0.522727273,1,6,8.454545455,2,0.8182,0
poi,1.5,poi-1.5.csv,org.apache.poi.hssf.record.PasswordRev4Record,11,2,0,5,21,49,2,3,9,0.85,106,0.5,0,0.578947368,0.522727273,1,6,8.454545455,2,0.8182,0
poi,1.5,poi-1.5.csv,org.apache.poi.hssf.record.ExtSSTRecord,14,2,0,6,34,65,2,4,12,0.794871795,234,0.666666667,0,0.5,0.4,1,6,15.5,2,1.0714,2
poi,1.5,poi-1.5.csv,org.apache.poi.hssf.record.VCenterRecord,11,2,0,6,21,43,3,3,9,0.85,117,0.5,0,0.578947368,0.418181818,1,6,9.454545455,2,1.0,1
poi,1.5,poi-1.5.csv,org.apache.poi.poifs.storage.DocumentBlock,10,2,0,4,19,5,2,2,8,0.740740741,223,1.0,0,0.3,0.228571429,1,2,21.0,3,1.2,1
poi,1.5,poi-1.5.csv,org.apache.poi.poifs.eventfilesystem.POIFSReader,7,1,0,17,51,3,0,17,6,0.083333333,282,1.0,1,0.0,0.303571429,0,0,39.0,6,1.8571,0
poi,1.5,poi-1.5.csv,org.apache.poi.hssf.util.RKUtil,2,1,0,2,4,1,2,0,1,2.0,39,0.0,0,0.0,0.5,0,0,18.5,3,1.5,0
poi,1.5,poi-1.5.csv,org.apache.poi.hssf.record.FontRecord,38,2,0,9,56,511,4,5,35,0.938063063,603,0.625,4,0.244444444,0.239382239,1,6,14.23684211,3,0.9737,2
poi,1.5,poi-1.5.csv,org.apache.poi.util.BitField,18,1,0,25,19,107,25,0,18,0.382352941,170,1.0,0,0.0,0.433333333,0,0,8.333333333,2,1.2222,0
poi,1.5,poi-1.5.csv,org.apache.poi.poifs.storage.HeaderBlockConstants,0,1,0,2,0,0,2,0,0,2.0,9,0.0,0,0.0,0.0,0,0,0.0,0,0.0,1
poi,1.5,poi-1.5.csv,org.apache.poi.hssf.record.DBCellRecord,15,2,0,6,31,79,3,3,13,0.785714286,251,0.666666667,0,0.47826087,0.483333333,1,6,15.53333333,3,1.2,2
poi,1.5,poi-1.5.csv,org.apache.poi.hssf.record.DatRecord,19,2,0,6,35,0,1,5,17,0.712962963,297,0.833333333,4,0.407407407,0.368421053,1,6,14.31578947,2,0.8947,1
poi,1.5,poi-1.5.csv,org.apache.poi.hssf.dev.FormulaViewer,6,1,0,7,34,13,0,7,6,0.6,233,1.0,0,0.0,0.375,0,0,37.66666667,4,1.6667,5
poi,1.5,poi-1.5.csv,org.apache.poi.poifs.property.PropertyConstants,0,1,0,0,0,0,0,0,0,2.0,4,0.0,0,0.0,0.0,0,0,0.0,0,0.0,0
poi,1.5,poi-1.5.csv,org.apache.poi.hssf.dev.EFHSSF,6,1,0,17,45,5,1,17,6,0.55,247,0.0,2,0.0,0.375,0,0,39.5,10,2.6667,0
poi,1.5,poi-1.5.csv,org.apache.poi.hpsf.SpecialPropertySet,10,2,2,7,20,0,2,5,10,0.0,53,1.0,1,0.64,0.55,1,2,4.2,1,0.9,1
poi,1.5,poi-1.5.csv,org.apache.poi.hssf.record.DefaultColWidthRecord,11,2,0,5,21,49,2,3,9,0.85,106,0.5,0,0.578947368,0.522727273,1,6,8.454545455,2,0.8182,1
poi,1.5,poi-1.5.csv,org.apache.poi.poifs.filesystem.DocumentOutputStream,8,2,0,3,15,4,3,0,5,0.428571429,90,1.0,0,0.416666667,0.425,1,1,9.875,1,0.875,0
poi,1.5,poi-1.5.csv,org.apache.poi.hssf.usermodel.HSSFSheet,48,1,0,16,117,0,3,13,39,0.832446809,617,0.875,3,0.0,0.165957447,0,0,11.6875,5,1.2708,4
poi,1.5,poi-1.5.csv,org.apache.poi.hpsf.NoPropertySetStreamException,4,4,0,3,8,6,2,1,4,2.0,20,0.0,0,1.0,0.666666667,0,0,4.0,0,0.0,1
poi,1.5,poi-1.5.csv,org.apache.poi.hssf.record.ChartFormatRecord,19,2,0,5,35,109,1,4,17,0.817460317,265,0.857142857,1,0.407407407,0.368421053,1,6,12.57894737,2,0.8947,0
poi,1.5,poi-1.5.csv,org.apache.poi.poifs.filesystem.DocumentNode,9,2,0,9,17,30,3,7,6,0.75,55,1.0,1,0.529411765,0.407407407,1,1,5.0,1,0.8889,0
poi,1.5,poi-1.5.csv,org.apache.poi.hssf.record.formula.ParenthesisPtg,7,2,0,3,8,21,1,2,7,2.0,21,0.0,0,0.538461538,0.357142857,1,2,2.0,1,0.8571,4
poi,1.5,poi-1.5.csv,org.apache.poi.poifs.storage.SmallBlockTableReader,2,1,0,9,8,1,2,7,2,2.0,24,0.0,0,0.0,0.5,0,0,11.0,1,0.5,0
poi,1.5,poi-1.5.csv,org.apache.poi.hssf.record.HCenterRecord,11,2,0,5,21,43,2,3,9,0.85,117,0.5,0,0.578947368,0.418181818,1,6,9.454545455,2,1.0,1
poi,1.5,poi-1.5.csv,org.apache.poi.hssf.record.GutsRecord,17,2,0,5,27,112,2,3,15,0.8125,208,0.8,0,0.44,0.470588235,1,6,10.94117647,2,0.8824,1
poi,1.5,poi-1.5.csv,org.apache.poi.poifs.storage.SmallBlockTableWriter,5,1,0,7,21,2,1,6,5,0.75,103,1.0,2,0.0,0.36,0,0,18.8,1,0.8,1
poi,2.0,poi-2.0.csv,org.apache.poi.hssf.record.SSTDeserializer,23,1,0,5,46,123,1,4,4,0.659090909,668,1.0,1,0.0,0.267080745,0,0,27.60869565,8,2.3043,0
poi,2.0,poi-2.0.csv,org.apache.poi.hssf.record.BottomMarginRecord,12,2,0,6,23,46,2,4,10,0.818181818,122,0.5,0,0.55,0.4,1,6,9.0,2,0.8333,0
poi,2.0,poi-2.0.csv,org.apache.poi.hssf.record.MergeCellsRecord,15,2,0,6,35,41,3,4,13,0.69047619,363,0.666666667,0,0.47826087,0.516666667,1,6,23.0,2,1.1333,0
poi,2.0,poi-2.0.csv,org.apache.poi.hssf.record.WindowProtectRecord,11,2,0,5,21,43,2,3,9,0.85,117,0.5,0,0.578947368,0.418181818,1,6,9.454545455,2,1.0,0
poi,2.0,poi-2.0.csv,org.apache.poi.hssf.eventusermodel.HSSFRequest,4,1,0,8,17,0,3,5,3,0.0,116,1.0,0,0.0,0.5,0,0,27.75,2,1.25,1
poi,2.0,poi-2.0.csv,org.apache.poi.hssf.record.formula.ConcatPtg,9,2,0,4,13,36,2,2,9,1.125,60,0.333333333,0,0.3,0.333333333,0,0,5.333333333,1,0.7778,0
poi,2.0,poi-2.0.csv,org.apache.poi.hssf.record.DataFormatRecord,20,2,0,6,37,88,1,5,18,0.763157895,348,0.833333333,1,0.392857143,0.36,1,6,16.1,2,0.9,0
poi,2.0,poi-2.0.csv,org.apache.poi.hssf.usermodel.HSSFCell,30,1,0,20,104,87,5,16,22,0.748275862,1151,0.6,4,0.0,0.146153846,0,0,36.7,20,2.9,1
poi,2.0,poi-2.0.csv,org.apache.poi.hssf.record.ExternSheetRecord,14,2,0,6,33,65,2,4,12,0.743589744,229,0.666666667,0,0.5,0.4,1,6,15.14285714,2,1.0714,0
poi,2.0,poi-2.0.csv,org.apache.poi.hssf.util.RangeAddress,30,1,0,3,53,331,3,0,24,0.873563218,767,0.0,0,0.0,0.391666667,0,0,24.36666667,6,2.6333,0
poi,2.0,poi-2.0.csv,org.apache.poi.hssf.record.MulBlankRecord,14,2,0,6,25,77,3,3,11,0.861538462,212,0.8,0,0.5,0.517857143,1,5,13.78571429,2,1.0,0
poi,2.0,poi-2.0.csv,org.apache.poi.util.StringUtil,12,1,0,14,37,66,14,0,10,1.090909091,494,1.0,0,0.0,0.273809524,0,0,40.08333333,10,2.5833,1
poi,2.0,poi-2.0.csv,org.apache.poi.hssf.record.PrintGridlinesRecord,12,2,0,6,22,46,3,3,10,0.818181818,128,0.5,0,0.55,0.4,1,6,9.5,2,1.0,0
poi,2.0,poi-2.0.csv,org.apache.poi.poifs.property.Parent,4,1,0,3,4,6,1,2,4,2.0,4,0.0,0,0.0,0.583333333,0,0,0.0,1,1.0,0
poi,2.0,poi-2.0.csv,org.apache.poi.hssf.record.LabelRecord,23,2,0,7,37,219,2,5,21,0.850649351,345,0.857142857,0,0.35483871,0.347826087,1,5,13.69565217,6,1.5652,0
poi,2.0,poi-2.0.csv,org.apache.poi.hssf.record.FooterRecord,14,2,0,8,26,69,4,4,12,0.743589744,187,0.666666667,0,0.5,0.321428571,1,6,12.14285714,3,1.1429,0
poi,2.0,poi-2.0.csv,org.apache.poi.hssf.record.formula.AreaPtg,29,2,0,7,53,100,2,6,28,0.75,556,0.888888889,3,0.212121212,0.221674877,1,2,17.86206897,5,1.0345,1
poi,2.0,poi-2.0.csv,org.apache.poi.hssf.record.CustomField,4,1,0,1,4,6,1,0,4,2.0,4,0.0,0,0.0,0.5,0,0,0.0,1,1.0,0
poi,2.0,poi-2.0.csv,org.apache.poi.hssf.usermodel.HSSFErrorConstants,0,1,0,0,0,0,0,0,0,2.0,7,0.0,0,0.0,0.0,0,0,0.0,0,0.0,0
poi,2.0,poi-2.0.csv,org.apache.poi.hssf.record.SCLRecord,14,2,0,7,26,57,3,4,12,0.769230769,195,0.666666667,0,0.5,0.482142857,1,6,12.71428571,2,0.8571,0
poi,2.0,poi-2.0.csv,org.apache.poi.hssf.record.NumberRecord,25,2,0,11,41,258,7,4,23,0.758333333,389,0.8,0,0.333333333,0.257142857,1,6,14.36,7,1.76,0
poi,2.0,poi-2.0.csv,org.apache.poi.hssf.eventmodel.ERFListener,1,1,0,4,1,0,3,1,1,2.0,1,0.0,0,0.0,1.0,0,0,0.0,1,1.0,0
poi,2.0,poi-2.0.csv,org.apache.poi.hssf.dev.EFHSSFListener,2,1,0,3,4,0,1,3,2,0.0,14,0.0,1,0.0,0.666666667,0,0,5.5,1,0.5,0
poi,2.0,poi-2.0.csv,org.apache.poi.hssf.record.formula.MultiplyPtg,11,2,0,4,16,55,2,3,11,1.1,96,0.333333333,0,0.25,0.272727273,0,0,7.454545455,1,0.8182,0
poi,2.0,poi-2.0.csv,org.apache.poi.hssf.record.MulRKRecord,15,2,0,8,34,87,3,5,12,0.871428571,230,0.8,0,0.47826087,0.516666667,1,5,14.0,2,1.0,0
poi,2.0,poi-2.0.csv,org.apache.poi.hssf.record.ExtSSTRecord,17,2,0,8,41,66,4,4,15,0.85,319,0.4,0,0.44,0.31372549,1,6,17.47058824,3,1.2353,0
poi,2.0,poi-2.0.csv,org.apache.poi.hssf.record.BlankRecord,23,2,0,9,36,221,5,4,21,0.727272727,350,0.75,0,0.35483871,0.304347826,1,6,14.04347826,7,1.8261,0
poi,2.0,poi-2.0.csv,org.apache.poi.hssf.record.formula.AbstractFunctionPtg,16,2,2,6,31,102,3,3,11,0.933333333,9849,0.75,1,0.176470588,0.19047619,0,0,614.0625,5,1.1875,1
poi,2.0,poi-2.0.csv,org.apache.poi.hssf.record.AxisRecord,20,2,0,5,35,114,1,4,18,0.877192982,360,0.555555556,0,0.392857143,0.45,1,6,16.55,2,0.9,0
poi,2.0,poi-2.0.csv,org.apache.poi.hssf.record.ExtSSTInfoSubRecord,13,2,0,3,24,64,1,2,11,0.883333333,143,0.6,0,0.523809524,0.5,1,6,9.615384615,1,0.7692,0
poi,2.0,poi-2.0.csv,org.apache.poi.poifs.property.Child,4,1,0,3,4,6,3,0,4,2.0,4,0.0,0,0.0,0.75,0,0,0.0,1,1.0,0
poi,2.0,poi-2.0.csv,org.apache.poi.hssf.record.LeftMarginRecord,12,2,0,6,23,46,2,4,10,0.818181818,122,0.5,0,0.55,0.4,1,6,9.0,2,0.8333,0
poi,2.0,poi-2.0.csv,org.apache.poi.hssf.record.RecordFormatException,1,4,0,124,2,0,124,0,1,2.0,5,0.0,0,1.0,1.0,0,0,4.0,0,0.0,0
poi,2.0,poi-2.0.csv,org.apache.poi.hssf.record.formula.ExpPtg,7,2,0,3,10,9,2,2,7,0.944444444,69,0.666666667,0,0.583333333,0.428571429,1,2,8.428571429,2,1.0,0
poi,2.0,poi-2.0.csv,org.apache.poi.hssf.record.RkRec,1,1,0,1,2,0,1,0,0,2.0,6,0.0,0,0.0,1.0,0,0,3.0,0,0.0,0
poi,2.0,poi-2.0.csv,org.apache.poi.hssf.record.aggregates.RowRecordsAggregate,14,2,0,3,30,35,1,2,12,0.673076923,173,0.0,0,0.458333333,0.328571429,1,5,11.07142857,5,1.3571,0
poi,2.0,poi-2.0.csv,org.apache.poi.util.POILogger,26,1,3,9,42,325,8,1,22,1.04,693,0.0,0,0.0,0.544871795,0,0,25.46153846,10,1.9615,1
poi,2.0,poi-2.0.csv,org.apache.poi.hssf.record.formula.StringPtg,9,2,0,5,22,2,2,4,8,0.666666667,202,0.166666667,1,0.538461538,0.333333333,1,2,20.77777778,2,0.8889,0
poi,2.0,poi-2.0.csv,org.apache.poi.util.IOUtils,3,1,0,3,5,3,3,0,2,2.0,43,0.0,0,0.0,0.5,0,0,13.33333333,1,0.6667,0
poi,2.0,poi-2.0.csv,org.apache.poi.poifs.storage.RawDataBlock,3,1,0,7,10,0,5,2,3,0.25,78,1.0,0,0.0,0.666666667,0,0,24.33333333,1,0.6667,0
poi,2.0,poi-2.0.csv,org.apache.poi.hssf.record.IterationRecord,12,2,0,5,22,46,2,3,10,0.818181818,127,0.5,0,0.55,0.4,1,6,9.416666667,2,1.0,0
poi,2.0,poi-2.0.csv,org.apache.poi.poifs.storage.PropertyBlock,4,2,0,5,11,4,1,4,2,0.833333333,108,1.0,1,0.5,0.4,1,1,25.5,3,1.25,0
poi,2.0,poi-2.0.csv,org.apache.poi.poifs.storage.BlockWritable,1,1,0,9,1,0,9,0,1,2.0,1,0.0,0,0.0,1.0,0,0,0.0,1,1.0,0
poi,2.0,poi-2.0.csv,org.apache.poi.hssf.record.WSBoolRecord,31,2,0,7,44,171,3,4,28,0.863888889,406,0.916666667,9,0.289473684,0.283333333,1,6,11.70967742,2,0.9032,0
poi,2.0,poi-2.0.csv,org.apache.poi.hssf.record.LegendRecord,36,2,0,6,57,196,1,5,34,0.90931677,744,0.565217391,6,0.25,0.277777778,1,6,19.02777778,2,0.9444,0
poi,2.0,poi-2.0.csv,org.apache.poi.util.IntegerField,11,1,0,7,17,9,4,3,11,0.25,85,1.0,0,0.0,0.522727273,0,0,6.545454545,1,0.6364,0
poi,2.0,poi-2.0.csv,org.apache.poi.hssf.record.PColor,3,1,0,1,9,0,1,0,3,0.0,86,0.0,0,0.0,0.5,0,0,26.66666667,1,0.6667,0
poi,2.0,poi-2.0.csv,org.apache.poi.hssf.record.CountryRecord,13,2,0,5,23,66,2,3,11,0.805555556,140,0.666666667,0,0.523809524,0.5,1,6,9.538461538,2,0.8462,0
poi,2.0,poi-2.0.csv,org.apache.poi.poifs.filesystem.POIFSFileSystem,17,1,0,36,95,106,9,28,13,0.354166667,461,1.0,2,0.0,0.14479638,0,0,25.94117647,2,1.1176,0
poi,2.0,poi-2.0.csv,org.apache.poi.hssf.record.NameRecord,62,2,0,14,108,1491,5,10,56,0.957965532,1284,0.487179487,0,0.15942029,0.203629032,1,6,19.08064516,6,1.4032,0
poi,2.0,poi-2.0.csv,org.apache.poi.hssf.record.ChartFormatRecord,19,2,0,5,35,109,1,4,17,0.817460317,265,0.857142857,1,0.407407407,0.368421053,1,6,12.57894737,2,0.8947,0
poi,2.0,poi-2.0.csv,org.apache.poi.poifs.filesystem.DocumentNode,9,2,0,9,17,30,3,7,6,0.75,55,1.0,1,0.529411765,0.407407407,1,1,5.0,1,0.8889,0
poi,2.0,poi-2.0.csv,org.apache.poi.hpsf.PropertySetFactory,2,1,0,6,8,1,0,6,2,2.0,28,0.0,0,0.0,0.5,0,0,13.0,1,0.5,1
poi,2.0,poi-2.0.csv,org.apache.poi.hssf.record.AxisParentRecord,20,2,0,5,35,114,1,4,18,0.855263158,359,0.625,0,0.392857143,0.45,1,6,16.55,2,0.9,0
poi,2.0,poi-2.0.csv,org.apache.poi.hssf.record.formula.UnionPtg,9,2,0,4,13,36,2,2,9,1.125,58,0.0,0,0.3,0.333333333,0,0,5.333333333,1,0.7778,0
poi,2.0,poi-2.0.csv,org.apache.poi.poifs.storage.SmallBlockTableWriter,6,1,0,7,22,3,1,6,6,0.75,111,1.0,2,0.0,0.333333333,0,0,16.83333333,1,0.8333,1
poi,2.0,poi-2.0.csv,org.apache.poi.hssf.record.formula.AttrPtg,25,2,0,6,39,106,2,4,25,0.753787879,487,0.909090909,7,0.115384615,0.18,0,0,18.04,8,1.32,0
poi,2.0,poi-2.0.csv,org.apache.poi.hpsf.Thumbnail,8,1,0,2,12,8,0,2,7,0.821428571,129,0.083333333,0,0.0,0.642857143,0,0,13.625,1,0.625,0
poi,2.0,poi-2.0.csv,org.apache.poi.hssf.record.UnicodeString,25,2,0,9,51,228,6,3,20,0.770833333,419,0.833333333,0,0.333333333,0.251428571,2,6,15.52,6,1.64,0
poi,2.0,poi-2.0.csv,org.apache.poi.hssf.record.LinkedDataRecord,22,2,0,7,46,105,1,6,20,0.920634921,422,0.4,2,0.366666667,0.253246753,1,6,17.5,2,0.9091,0
poi,2.0,poi-2.0.csv,org.apache.poi.util.ShortField,11,1,0,5,21,9,2,3,11,0.25,92,1.0,0,0.0,0.454545455,0,0,7.181818182,1,0.6364,0
poi,2.0,poi-2.0.csv,org.apache.poi.poifs.common.POIFSConstants,0,1,0,0,0,0,0,0,0,2.0,4,0.0,0,0.0,0.0,0,0,0.0,0,0.0,0
poi,2.0,poi-2.0.csv,org.apache.poi.hpsf.DocumentSummaryInformation,16,3,0,4,28,120,1,3,16,1.066666667,104,0.0,0,0.625,0.53125,0,0,5.4375,1,0.9375,0
poi,2.0,poi-2.0.csv,org.apache.poi.hssf.record.formula.GreaterThanPtg,10,2,0,4,14,45,2,2,10,1.111111111,67,0.333333333,0,0.272727273,0.32,0,0,5.4,1,0.8,1
poi,2.0,poi-2.0.csv,org.apache.poi.hpsf.Section,12,1,0,7,30,48,2,5,9,0.818181818,322,1.0,2,0.0,0.5,0,0,25.25,4,1.4167,1
poi,2.0,poi-2.0.csv,org.apache.poi.hssf.model.Model,0,1,0,4,0,0,4,0,0,2.0,0,0.0,0,0.0,0.0,0,0,0.0,0,0.0,0
poi,2.0,poi-2.0.csv,org.apache.poi.hssf.record.ExternSheetSubRecord,15,2,0,4,25,87,2,2,13,0.803571429,143,0.75,0,0.47826087,0.483333333,1,6,8.266666667,1,0.8,0
poi,2.0,poi-2.0.csv,org.apache.poi.poifs.filesystem.POIFSWriterEvent,5,1,0,5,6,2,3,2,4,0.75,36,1.0,2,0.0,0.36,0,0,5.4,1,0.8,0
poi,2.0,poi-2.0.csv,org.apache.poi.hssf.record.AxisLineFormatRecord,12,2,0,5,24,46,1,4,10,1.0,145,0.166666667,0,0.55,0.5,1,6,10.58333333,2,0.8333,0
poi,2.0,poi-2.0.csv,org.apache.poi.poifs.storage.DocumentBlock,10,2,0,5,19,5,2,3,8,0.740740741,223,1.0,0,0.3,0.228571429,1,2,21.0,3,1.2,0
poi,2.0,poi-2.0.csv,org.apache.poi.poifs.eventfilesystem.POIFSReader,7,1,0,17,51,3,0,17,6,0.083333333,282,1.0,1,0.0,0.303571429,0,0,39.0,6,1.8571,0
poi,2.0,poi-2.0.csv,org.apache.poi.hssf.record.formula.PowerPtg,9,2,0,4,13,36,2,2,9,1.125,62,0.0,0,0.3,0.333333333,0,0,5.666666667,1,0.7778,0
poi,2.0,poi-2.0.csv,org.apache.poi.poifs.dev.POIFSViewEngine,4,1,0,2,24,4,1,1,2,0.333333333,146,1.0,0,0.0,0.466666667,0,0,35.25,3,1.25,0
poi,2.0,poi-2.0.csv,org.apache.poi.hssf.record.RightMarginRecord,12,2,0,6,23,46,2,4,10,0.818181818,122,0.5,0,0.55,0.4,1,6,9.0,2,0.8333,0
poi,2.0,poi-2.0.csv,org.apache.poi.hssf.record.SSTRecord,25,2,0,13,74,94,3,10,20,0.897435897,490,0.384615385,2,0.333333333,0.262857143,2,7,18.08,6,1.52,0
poi,2.0,poi-2.0.csv,org.apache.poi.hssf.dev.EFHSSF,6,1,0,17,45,5,1,17,6,0.55,247,0.0,2,0.0,0.375,0,0,39.5,10,2.6667,1
poi,2.0,poi-2.0.csv,org.apache.poi.poifs.property.DocumentProperty,7,2,0,6,14,9,5,2,5,0.5,48,1.0,1,0.848484848,0.342857143,0,0,5.714285714,1,0.7143,0
poi,2.0,poi-2.0.csv,org.apache.poi.util.SystemOutLogger,4,2,0,1,12,4,0,1,4,0.666666667,44,1.0,0,0.888888889,0.5,1,1,9.75,2,1.25,0
poi,2.0,poi-2.0.csv,org.apache.poi.poifs.storage.BATBlock,12,2,0,6,18,54,4,2,8,0.924242424,222,1.0,1,0.230769231,0.3125,1,2,17.0,5,1.3333,0
poi,2.0,poi-2.0.csv,org.apache.poi.util.LittleEndianConsts,0,1,0,1,0,0,1,0,0,2.0,5,0.0,0,0.0,0.0,0,0,0.0,0,0.0,0
poi,2.0,poi-2.0.csv,org.apache.poi.hssf.record.WindowTwoRecord,48,2,0,7,64,162,3,4,46,0.861702128,891,0.95,12,0.196428571,0.325,1,6,17.14583333,3,1.0,0
poi,2.0,poi-2.0.csv,org.apache.poi.hssf.record.HeaderRecord,14,2,0,8,26,69,4,4,12,0.743589744,188,0.666666667,0,0.5,0.321428571,1,6,12.21428571,3,1.1429,0
poi,2.0,poi-2.0.csv,org.apache.poi.hssf.record.StringRecord,17,2,0,9,32,74,5,4,13,0.75,224,0.75,0,0.44,0.294117647,1,6,11.94117647,2,1.1176,0
poi,2.0,poi-2.0.csv,org.apache.poi.hssf.record.formula.OperationPtg,5,2,18,21,6,10,20,1,5,1.25,13,0.0,0,0.636363636,0.6,0,0,1.0,1,0.8,0
poi,2.0,poi-2.0.csv,org.apache.poi.util.LongField,11,1,0,5,21,9,2,3,11,0.25,92,1.0,0,0.0,0.454545455,0,0,7.181818182,1,0.6364,0
poi,2.0,poi-2.0.csv,org.apache.poi.hssf.record.FontBasisRecord,20,2,0,5,32,114,1,4,18,0.789473684,357,0.833333333,0,0.392857143,0.45,1,6,16.55,2,0.9,0
poi,2.0,poi-2.0.csv,org.apache.poi.hssf.record.SheetPropertiesRecord,24,2,0,6,42,0,1,5,22,0.818181818,423,0.636363636,5,0.34375,0.291666667,1,6,16.16666667,2,0.9167,0
poi,2.0,poi-2.0.csv,org.apache.poi.hssf.record.BOFRecord,22,2,0,8,35,169,5,3,20,0.946778711,316,0.352941176,0,0.366666667,0.443181818,1,6,12.59090909,2,0.9091,1
poi,2.0,poi-2.0.csv,org.apache.poi.hssf.model.Node,5,1,0,2,6,0,1,1,5,0.583333333,43,1.0,2,0.0,0.4,0,0,7.0,1,0.8,0
poi,2.0,poi-2.0.csv,org.apache.poi.hssf.record.RecordProcessor,9,1,0,4,17,0,1,3,7,0.5,234,1.0,1,0.0,0.511111111,0,0,24.55555556,2,1.1111,0
poi,2.0,poi-2.0.csv,org.apache.poi.hssf.record.TickRecord,38,2,0,6,61,367,1,5,36,0.854054054,807,0.933333333,4,0.239130435,0.276315789,1,6,19.84210526,2,0.9474,0
poi,2.0,poi-2.0.csv,org.apache.poi.poifs.storage.BigBlock,4,1,4,5,6,6,4,1,1,2.0,15,0.0,0,0.0,0.666666667,0,0,2.75,1,0.75,0
poi,2.0,poi-2.0.csv,org.apache.poi.hssf.record.WriteAccessRecord,11,2,0,7,29,43,2,5,9,0.85,154,0.5,0,0.578947368,0.418181818,1,6,12.81818182,2,0.9091,0
poi,2.0,poi-2.0.csv,org.apache.poi.hssf.record.PrecisionRecord,11,2,0,5,21,43,2,3,9,0.85,117,0.0,0,0.578947368,0.418181818,1,6,9.454545455,2,1.0,0
poi,2.0,poi-2.0.csv,org.apache.poi.util.CommonsLogger,5,2,0,3,20,0,0,3,4,0.5,138,1.0,0,0.888888889,0.5,1,1,26.2,12,4.8,1
poi,2.0,poi-2.0.csv,org.apache.poi.hssf.eventmodel.ModelFactoryListener,1,1,0,2,1,0,1,1,1,2.0,1,0.0,0,0.0,1.0,0,0,0.0,1,1.0,0
poi,2.0,poi-2.0.csv,org.apache.poi.poifs.storage.ListManagedBlock,1,1,0,13,1,0,13,0,1,2.0,1,0.0,0,0.0,1.0,0,0,0.0,1,1.0,0
poi,2.0,poi-2.0.csv,org.apache.poi.hssf.record.UnknownRecord,10,2,0,8,21,0,5,3,7,0.388888889,156,1.0,0,0.578947368,0.5,1,6,14.4,3,1.1,0
poi,2.0,poi-2.0.csv,org.apache.poi.hssf.record.formula.NamePtg,8,2,0,5,20,4,2,4,7,0.8,148,0.6,0,0.583333333,0.375,1,2,16.875,1,0.625,0
poi,2.0,poi-2.0.csv,org.apache.poi.hpsf.SummaryInformation,19,3,0,4,29,171,1,3,19,1.055555556,128,0.0,0,0.581395349,0.526315789,0,0,5.684210526,1,0.9474,1
poi,2.0,poi-2.0.csv,org.apache.poi.poifs.eventfilesystem.POIFSReaderListener,1,1,0,4,1,0,3,1,1,2.0,1,0.0,0,0.0,1.0,0,0,0.0,1,1.0,0
poi,2.0,poi-2.0.csv,org.apache.poi.hssf.record.VCenterRecord,12,2,0,6,22,46,3,3,10,0.818181818,128,0.5,0,0.55,0.4,1,6,9.5,2,1.0,0
poi,2.0,poi-2.0.csv,org.apache.poi.poifs.property.DirectoryProperty,8,2,1,11,37,0,7,5,6,0.357142857,278,1.0,0,0.823529412,0.375,1,1,33.5,6,1.625,0
poi,2.0,poi-2.0.csv,org.apache.poi.hssf.record.formula.Ref3DPtg,22,2,0,9,51,89,3,7,22,0.721088435,417,0.857142857,2,0.269230769,0.233766234,1,2,17.63636364,5,1.0455,0
poi,2.0,poi-2.0.csv,org.apache.poi.hssf.record.SeriesIndexRecord,12,2,0,5,24,46,1,4,10,0.818181818,141,0.5,0,0.55,0.5,1,6,10.58333333,2,0.8333,0
poi,2.0,poi-2.0.csv,org.apache.poi.util.BitField,18,1,0,32,19,107,32,0,18,0.382352941,170,1.0,0,0.0,0.433333333,0,0,8.333333333,2,1.2222,0
poi,2.0,poi-2.0.csv,org.apache.poi.util.BlockingInputStream,10,2,0,0,19,0,0,0,10,0.0,86,1.0,0,0.5,0.32,1,2,7.5,1,0.9,0
poi,2.0,poi-2.0.csv,org.apache.poi.hssf.record.AreaFormatRecord,26,2,0,6,46,153,1,5,24,0.8,501,0.888888889,2,0.323529412,0.346153846,1,6,17.92307692,2,0.9231,0
poi,2.0,poi-2.0.csv,org.apache.poi.hssf.record.UseSelFSRecord,11,2,0,5,21,49,2,3,9,0.975,108,0.25,0,0.578947368,0.522727273,1,6,8.454545455,2,0.8182,0
poi,2.0,poi-2.0.csv,org.apache.poi.hssf.model.Workbook,84,1,0,87,269,2582,45,43,46,0.907321594,3213,1.0,4,0.0,0.168674699,0,0,37.0952381,19,1.9286,1
poi,2.0,poi-2.0.csv,org.apache.poi.hpsf.Util,6,1,0,2,8,15,2,0,6,1.2,139,0.0,0,0.0,0.333333333,0,0,22.0,4,2.0,0
poi,2.0,poi-2.0.csv,org.apache.poi.hssf.record.formula.LessThanPtg,10,2,0,4,14,45,2,2,10,1.111111111,67,0.333333333,0,0.272727273,0.32,0,0,5.4,1,0.8,1
poi,2.0,poi-2.0.csv,org.apache.poi.util.NullLogger,23,2,0,2,24,253,1,1,23,2.0,49,0.0,0,0.52173913,0.669565217,1,2,1.130434783,1,0.9565,1
poi,2.0,poi-2.0.csv,org.apache.poi.hpsf.NoPropertySetStreamException,4,4,0,3,8,6,2,1,4,2.0,20,0.0,0,1.0,0.666666667,0,0,4.0,0,0.0,0
poi,2.0,poi-2.0.csv,org.apache.poi.hssf.record.HideObjRecord,11,2,0,5,21,49,2,3,9,1.0,109,0.2,0,0.578947368,0.522727273,1,6,8.454545455,2,0.8182,0
poi,2.0,poi-2.0.csv,org.apache.poi.hssf.record.DefaultRowHeightRecord,14,2,0,5,24,69,2,3,12,0.769230769,155,0.666666667,0,0.5,0.482142857,1,6,9.857142857,2,0.8571,0
poi,2.0,poi-2.0.csv,org.apache.poi.poifs.filesystem.EntryNode,10,1,2,6,14,19,3,4,6,0.611111111,71,1.0,2,0.0,0.325,0,0,5.9,3,1.3,0
poi,2.0,poi-2.0.csv,org.apache.poi.hssf.record.formula.IntPtg,10,2,0,4,18,33,2,3,9,0.866666667,89,0.6,0,0.5,0.283333333,1,2,7.4,1,0.7,0
poi,2.0,poi-2.0.csv,org.apache.poi.hpsf.Variant,1,1,0,0,2,0,0,0,1,2.0,51,0.0,0,0.0,1.0,0,0,3.0,0,0.0,0
poi,2.0,poi-2.0.csv,org.apache.poi.hssf.record.RowRecord,37,2,0,10,54,348,6,4,35,0.843253968,661,0.928571429,5,0.244444444,0.279279279,1,6,16.48648649,4,1.1351,0
poi,2.0,poi-2.0.csv,org.apache.poi.hssf.record.CalcCountRecord,12,2,0,5,22,54,2,3,10,0.818181818,117,0.5,0,0.55,0.5,1,6,8.583333333,2,0.8333,0
poi,2.0,poi-2.0.csv,org.apache.poi.hssf.record.SeriesChartGroupIndexRecord,12,2,0,4,24,46,0,4,10,0.818181818,141,0.5,0,0.55,0.5,1,6,10.58333333,2,0.8333,0
poi,2.0,poi-2.0.csv,org.apache.poi.hpsf.PropertySet,22,1,1,14,56,197,4,10,16,0.813852814,378,0.545454545,1,0.0,0.369047619,0,0,15.68181818,4,1.0455,1
poi,2.0,poi-2.0.csv,org.apache.poi.hssf.record.PaneRecord,20,2,0,6,32,114,2,4,18,0.894736842,361,0.5,0,0.392857143,0.45,1,6,16.55,2,0.9,0
poi,2.0,poi-2.0.csv,org.apache.poi.poifs.filesystem.BATManaged,2,1,0,5,2,1,5,0,2,2.0,2,0.0,0,0.0,0.75,0,0,0.0,1,1.0,0
poi,2.0,poi-2.0.csv,org.apache.poi.hssf.record.aggregates.ValueRecordsAggregate,14,2,0,8,34,41,1,7,12,0.711538462,225,0.0,0,0.458333333,0.285714286,1,5,14.78571429,9,2.0,1
poi,2.0,poi-2.0.csv,org.apache.poi.hssf.record.PaletteRecord,13,2,0,8,32,52,4,4,11,0.933333333,1216,0.4,0,0.55,0.415384615,1,6,92.15384615,4,1.3846,1
poi,2.0,poi-2.0.csv,org.apache.poi.hssf.usermodel.HSSFDataFormat,8,1,0,4,28,0,2,2,7,0.571428571,426,1.0,1,0.0,0.25,0,0,51.75,7,3.0,0
poi,2.0,poi-2.0.csv,org.apache.poi.util.LittleEndian,35,1,0,156,43,595,154,2,32,2.0,379,0.0,0,0.0,0.2,0,0,9.828571429,2,1.2,0
poi,2.0,poi-2.0.csv,org.apache.poi.hssf.record.formula.UnknownPtg,7,2,0,2,8,21,0,2,7,1.0,26,1.0,0,0.583333333,0.428571429,1,2,2.571428571,1,0.7143,0
poi,2.0,poi-2.0.csv,org.apache.poi.hssf.record.Margin,2,1,0,5,2,1,5,0,2,2.0,2,0.0,0,0.0,0.75,0,0,0.0,1,1.0,0
poi,2.0,poi-2.0.csv,org.apache.poi.hssf.record.FnGroupCountRecord,11,2,0,5,21,49,2,3,9,0.933333333,106,0.333333333,0,0.578947368,0.522727273,1,6,8.363636364,2,0.8182,0
poi,2.0,poi-2.0.csv,org.apache.poi.hpsf.TypeReader,2,1,0,3,16,1,1,2,2,2.0,231,0.0,0,0.0,0.5,0,0,114.5,17,8.5,0
poi,2.0,poi-2.0.csv,org.apache.poi.hssf.util.AreaReference,5,1,0,3,21,0,2,1,4,0.5,149,1.0,1,0.0,0.7,0,0,28.4,2,1.2,0
poi,2.0,poi-2.0.csv,org.apache.poi.hssf.record.BarRecord,24,2,0,6,41,38,1,5,22,0.75,429,0.875,4,0.34375,0.35,1,6,16.54166667,2,0.9167,0
poi,2.0,poi-2.0.csv,org.apache.poi.hssf.record.BackupRecord,11,2,0,6,21,49,3,3,9,0.85,106,0.5,0,0.578947368,0.522727273,1,6,8.454545455,2,0.8182,0
poi,2.0,poi-2.0.csv,org.apache.poi.hssf.eventmodel.EventRecordFactory,10,1,0,15,62,15,2,13,6,0.644444444,785,1.0,0,0.0,0.172839506,0,0,77.0,8,2.0,0
poi,2.0,poi-2.0.csv,org.apache.poi.hssf.model.FormulaParser,54,1,0,32,140,651,3,29,7,0.766925638,1806,0.705882353,1,0.0,0.174004193,0,0,32.12962963,14,3.0556,2
poi,2.0,poi-2.0.csv,org.apache.poi.hpsf.ClassID,8,1,0,8,19,0,7,1,8,0.642857143,333,0.5,0,0.0,0.46875,0,0,40.375,6,2.125,0
poi,2.0,poi-2.0.csv,org.apache.poi.hpsf.Property,6,1,0,5,25,7,2,3,4,0.75,230,1.0,0,0.0,0.55,0,0,36.66666667,9,2.0,2
poi,2.0,poi-2.0.csv,org.apache.poi.hssf.record.CategorySeriesAxisRecord,24,2,0,6,41,82,1,5,22,0.766304348,438,0.875,3,0.34375,0.35,1,6,16.91666667,2,0.9167,0
poi,2.0,poi-2.0.csv,org.apache.poi.hssf.dev.EFBiffViewer,4,1,0,6,16,4,1,6,4,0.333333333,82,0.0,0,0.0,0.416666667,0,0,19.25,3,1.25,1
poi,2.0,poi-2.0.csv,org.apache.poi.hssf.util.SheetReferences,3,1,0,3,8,0,3,0,3,0.0,32,0.0,0,0.0,0.666666667,0,0,9.333333333,1,0.6667,0
poi,2.0,poi-2.0.csv,org.apache.poi.hssf.record.FormulaRecord,37,2,0,12,80,470,6,6,32,0.863425926,866,0.833333333,0,0.244444444,0.219594595,1,6,22.08108108,7,1.8919,0
poi,2.0,poi-2.0.csv,org.apache.poi.hssf.record.AxisOptionsRecord,44,2,0,6,61,312,1,5,42,0.860465116,933,0.944444444,8,0.211538462,0.327272727,1,6,19.79545455,2,0.9545,0
poi,2.0,poi-2.0.csv,org.apache.poi.hpsf.wellknown.PropertyIDMap,6,3,0,1,15,15,1,0,6,1.178378378,287,0.054054054,2,0.915254237,0.3,1,2,40.66666667,2,1.1667,0
poi,2.0,poi-2.0.csv,org.apache.poi.hssf.record.NumberFormatIndexRecord,12,2,0,4,24,46,0,4,10,0.818181818,141,0.5,0,0.55,0.5,1,6,10.58333333,2,0.8333,0
poi,2.0,poi-2.0.csv,org.apache.poi.hssf.record.SSTRecordHeader,2,1,0,3,5,0,2,1,2,0.0,42,0.0,0,0.0,0.833333333,0,0,19.0,1,0.5,0
poi,2.0,poi-2.0.csv,org.apache.poi.poifs.storage.BlockList,4,1,0,6,4,6,5,2,4,2.0,4,0.0,0,0.0,0.666666667,0,0,0.0,1,1.0,0
poi,2.0,poi-2.0.csv,org.apache.poi.hssf.record.SeriesRecord,22,2,0,5,34,141,1,4,20,0.957393484,423,0.315789474,0,0.366666667,0.443181818,1,6,17.36363636,2,0.9091,0
poi,2.0,poi-2.0.csv,org.apache.poi.poifs.property.PropertyFactory,2,1,0,5,10,1,1,4,0,2.0,82,0.0,0,0.0,0.5,0,0,40.0,1,0.5,0
poi,2.0,poi-2.0.csv,org.apache.poi.hssf.record.formula.NameXPtg,8,2,0,3,12,22,1,3,7,0.885714286,102,0.8,0,0.583333333,0.35,1,2,11.125,1,0.625,0
poi,2.0,poi-2.0.csv,org.apache.poi.hssf.record.formula.FuncVarPtg,8,3,0,4,19,0,2,2,7,1.142857143,161,0.5,0,0.772727273,0.35,1,5,18.875,1,0.625,0
poi,2.0,poi-2.0.csv,org.apache.poi.hssf.record.formula.ParenthesisPtg,10,2,0,4,14,45,2,2,10,1.111111111,52,0.5,0,0.272727273,0.32,0,0,4.0,1,0.8,0
poi,2.0,poi-2.0.csv,org.apache.poi.poifs.storage.SmallBlockTableReader,2,1,0,9,8,1,2,7,2,2.0,24,0.0,0,0.0,0.5,0,0,11.0,1,0.5,0
poi,2.0,poi-2.0.csv,org.apache.poi.hssf.record.GutsRecord,18,2,0,5,28,111,2,3,16,0.776470588,231,0.8,0,0.423076923,0.458333333,1,6,11.55555556,2,0.8889,0
poi,2.0,poi-2.0.csv,org.apache.poi.hssf.util.Region,16,1,0,3,17,78,2,1,16,0.533333333,172,1.0,0,0.0,0.291666667,0,0,9.5,9,1.625,0
poi,2.0,poi-2.0.csv,org.apache.poi.poifs.filesystem.Entry,6,1,0,6,6,15,6,1,6,2.0,6,0.0,0,0.0,0.583333333,0,0,0.0,1,1.0,0
poi,2.0,poi-2.0.csv,org.apache.poi.hpsf.HPSFRuntimeException,5,4,2,5,7,4,5,0,5,0.5,29,1.0,0,0.944444444,0.6,0,0,4.6,1,0.2,0
poi,2.0,poi-2.0.csv,org.apache.poi.hpsf.wellknown.SectionIDMap,8,3,0,3,15,26,2,1,7,0.857142857,219,0.25,1,0.9,0.342857143,1,1,25.875,3,1.125,0
poi,2.0,poi-2.0.csv,org.apache.poi.hssf.record.SeriesLabelsRecord,24,2,0,5,41,0,0,5,22,0.717391304,411,0.875,6,0.34375,0.35,1,6,15.79166667,2,0.9167,0
poi,2.0,poi-2.0.csv,org.apache.poi.hssf.eventusermodel.HSSFUserException,5,3,0,3,7,4,3,0,5,0.5,29,1.0,0,0.944444444,0.6,0,0,4.6,1,0.2,0
poi,2.0,poi-2.0.csv,org.apache.poi.hssf.dev.BiffViewer,9,1,0,121,151,32,0,121,5,0.75,1303,0.5,0,0.0,0.253968254,0,0,143.5555556,117,14.2222,0
poi,2.0,poi-2.0.csv,org.apache.poi.poifs.storage.SmallDocumentBlock,12,1,0,8,25,24,6,2,8,0.863636364,319,1.0,0,0.0,0.214285714,0,0,25.25,3,1.25,0
poi,2.0,poi-2.0.csv,org.apache.poi.poifs.storage.RawDataBlockList,5,2,0,8,16,10,4,4,5,2.0,50,0.0,0,0.555555556,0.5,0,0,9.0,1,0.8,0
poi,2.0,poi-2.0.csv,org.apache.poi.hssf.eventmodel.ModelFactory,5,1,0,8,24,2,0,8,4,0.666666667,117,0.0,1,0.0,0.36,0,0,21.8,7,2.2,0
poi,2.0,poi-2.0.csv,org.apache.poi.util.HexDump,13,1,0,41,35,60,41,0,8,0.333333333,618,0.666666667,0,0.0,0.212962963,0,0,46.30769231,10,1.8462,1
poi,2.0,poi-2.0.csv,org.apache.poi.poifs.storage.BlockAllocationTableWriter,8,1,0,7,17,0,2,5,7,0.571428571,134,1.0,2,0.0,0.458333333,0,0,15.375,3,1.375,1
poi,2.0,poi-2.0.csv,org.apache.poi.poifs.dev.POIFSViewer,3,1,0,2,21,3,0,2,2,2.0,112,0.0,0,0.0,0.333333333,0,0,36.33333333,4,2.3333,0
poi,2.0,poi-2.0.csv,org.apache.poi.hssf.record.CalcModeRecord,12,2,0,5,22,54,2,3,10,0.981818182,120,0.2,0,0.55,0.5,1,6,8.583333333,2,0.8333,0
poi,2.0,poi-2.0.csv,org.apache.poi.hssf.record.BeginRecord,9,2,0,4,17,36,1,3,7,1.125,72,0.0,0,0.647058824,0.555555556,1,6,6.888888889,2,0.7778,0
poi,2.0,poi-2.0.csv,org.apache.poi.poifs.eventfilesystem.POIFSReaderEvent,4,1,0,5,5,0,3,2,3,0.666666667,28,1.0,2,0.0,0.4375,0,0,5.25,1,0.75,0
poi,2.0,poi-2.0.csv,org.apache.poi.hssf.record.SeriesTextRecord,18,2,0,6,33,81,1,5,16,0.764705882,308,0.8,0,0.423076923,0.305555556,1,6,15.83333333,2,0.8889,0
poi,2.0,poi-2.0.csv,org.apache.poi.hssf.record.formula.MemFuncPtg,10,3,0,5,13,3,2,3,10,0.722222222,73,0.5,0,0.466666667,0.4,1,2,6.1,1,0.8,0
poi,2.0,poi-2.0.csv,org.apache.poi.hssf.usermodel.HSSFPalette,4,1,0,5,8,0,1,4,3,0.0,79,1.0,1,0.0,0.5625,0,0,18.5,5,2.0,0
poi,2.0,poi-2.0.csv,org.apache.poi.poifs.property.PropertyTable,11,1,0,11,34,0,2,9,10,0.566666667,210,1.0,1,0.0,0.272727273,0,0,17.81818182,3,1.0909,0
poi,2.0,poi-2.0.csv,org.apache.poi.hssf.record.BookBoolRecord,11,2,0,5,21,43,2,3,9,0.85,106,0.5,0,0.578947368,0.522727273,1,6,8.454545455,2,0.8182,0
poi,2.0,poi-2.0.csv,org.apache.poi.poifs.filesystem.DirectoryEntry,9,1,0,8,9,36,5,4,9,2.0,9,0.0,0,0.0,0.314814815,0,0,0.0,1,1.0,0
poi,2.0,poi-2.0.csv,org.apache.poi.hssf.usermodel.HSSFCellStyle,42,1,0,6,89,0,4,2,41,1.0,361,0.066666667,1,0.0,0.304761905,0,0,6.523809524,5,1.0952,0
poi,2.0,poi-2.0.csv,org.apache.poi.hssf.record.SupBookRecord,13,2,0,5,24,56,2,3,11,0.777777778,141,0.666666667,0,0.523809524,0.5,1,6,9.615384615,2,0.8462,0
poi,2.0,poi-2.0.csv,org.apache.poi.hssf.record.TopMarginRecord,12,2,0,6,23,46,2,4,10,0.818181818,122,0.5,0,0.55,0.4,1,6,9.0,2,0.8333,0
poi,2.0,poi-2.0.csv,org.apache.poi.hssf.record.formula.BoolPtg,10,2,0,3,12,3,2,2,9,0.916666667,87,0.5,0,0.5,0.283333333,1,2,7.3,2,0.9,0
poi,2.0,poi-2.0.csv,org.apache.poi.hssf.record.DSFRecord,11,2,0,5,21,49,2,3,9,0.85,106,0.5,0,0.578947368,0.522727273,1,6,8.454545455,2,0.8182,0
poi,2.0,poi-2.0.csv,org.apache.poi.hssf.record.formula.MissingArgPtg,7,2,0,2,8,21,1,2,7,1.166666667,32,0.5,0,0.583333333,0.428571429,1,2,3.285714286,1,0.7143,0
poi,2.0,poi-2.0.csv,org.apache.poi.hssf.record.LineFormatRecord,26,2,0,6,46,117,1,5,24,0.936363636,505,0.363636364,3,0.323529412,0.346153846,1,6,17.57692308,2,0.9231,0
poi,2.0,poi-2.0.csv,org.apache.poi.hssf.record.RKRecord,24,2,0,9,50,244,3,6,22,0.90821256,402,0.444444444,0,0.34375,0.284722222,1,5,15.375,6,1.4583,0
poi,2.0,poi-2.0.csv,org.apache.poi.hssf.record.formula.NotEqualPtg,9,2,0,4,13,36,2,2,9,1.125,62,0.0,0,0.3,0.333333333,0,0,5.666666667,1,0.7778,0
poi,2.0,poi-2.0.csv,org.apache.poi.poifs.storage.HeaderBlockReader,7,1,0,7,20,9,2,5,7,0.833333333,173,1.0,5,0.0,0.571428571,0,0,22.85714286,2,1.0,0
poi,2.0,poi-2.0.csv,org.apache.poi.hssf.record.InterfaceHdrRecord,11,2,0,5,21,49,2,3,9,0.933333333,107,0.333333333,0,0.578947368,0.522727273,1,6,8.454545455,2,0.8182,0
poi,2.0,poi-2.0.csv,org.apache.poi.hssf.dev.HSSF,4,1,0,10,49,0,0,10,4,0.0,492,1.0,2,0.0,0.5625,0,0,121.0,8,2.0,0
poi,2.0,poi-2.0.csv,org.apache.poi.hssf.record.formula.SubtractPtg,9,2,0,4,13,36,2,2,9,1.125,59,0.0,0,0.3,0.333333333,0,0,5.333333333,1,0.7778,0
poi,2.0,poi-2.0.csv,org.apache.poi.poifs.filesystem.POIFSDocument,16,1,0,20,55,0,9,14,14,0.5,453,1.0,3,0.0,0.198863636,0,0,27.0625,6,1.0625,0
poi,2.0,poi-2.0.csv,org.apache.poi.hssf.record.InterfaceEndRecord,9,2,0,5,17,36,2,3,7,1.125,72,0.0,0,0.647058824,0.555555556,1,6,6.888888889,2,0.7778,0
poi,2.0,poi-2.0.csv,org.apache.poi.poifs.filesystem.POIFSDocumentPath,9,1,0,10,20,0,10,0,9,0.25,294,1.0,0,0.0,0.311111111,1,1,31.44444444,7,1.8889,1
poi,2.0,poi-2.0.csv,org.apache.poi.poifs.property.Property,32,1,3,19,65,290,13,6,18,0.962648557,732,1.0,16,0.0,0.17578125,0,0,20.6875,3,1.1563,0
poi,2.0,poi-2.0.csv,org.apache.poi.hssf.record.ContinueRecord,14,2,0,6,28,61,3,3,11,0.807692308,245,0.5,0,0.5,0.5,1,5,16.35714286,4,1.0714,0
poi,2.0,poi-2.0.csv,org.apache.poi.hssf.util.HSSFColor,6,1,48,49,56,15,49,46,6,1.2,923,1.0,0,0.0,0.666666667,0,0,152.5,1,0.8333,0
poi,2.0,poi-2.0.csv,org.apache.poi.hssf.record.RefModeRecord,12,2,0,5,22,54,2,3,10,0.954545455,119,0.25,0,0.55,0.5,1,6,8.583333333,2,0.8333,0
poi,2.0,poi-2.0.csv,org.apache.poi.hssf.record.FormatRecord,17,2,0,7,32,72,3,4,15,0.791666667,282,0.833333333,0,0.44,0.268907563,1,6,15.23529412,4,1.2941,0
poi,2.0,poi-2.0.csv,org.apache.poi.hssf.record.SaveRecalcRecord,12,2,0,5,22,46,2,3,10,0.818181818,127,0.5,0,0.55,0.4,1,6,9.416666667,2,1.0,0
poi,2.0,poi-2.0.csv,org.apache.poi.hssf.record.EOFRecord,10,2,0,6,18,45,3,3,8,1.111111111,79,0.0,0,0.611111111,0.525,1,6,6.8,2,0.8,0
poi,2.0,poi-2.0.csv,org.apache.poi.hssf.record.formula.EqualPtg,9,2,0,4,13,36,2,2,9,1.125,62,0.0,0,0.3,0.333333333,0,0,5.666666667,1,0.7778,0
poi,2.0,poi-2.0.csv,org.apache.poi.hssf.record.DefaultDataLabelTextPropertiesRecord,12,2,0,5,24,46,1,4,10,0.981818182,144,0.2,0,0.55,0.5,1,6,10.58333333,2,0.8333,0
poi,2.0,poi-2.0.csv,org.apache.poi.hssf.eventmodel.ListenerWrapper,2,1,0,3,5,0,1,2,1,0.0,49,1.0,1,0.0,0.6,0,0,22.0,5,2.5,0
poi,2.0,poi-2.0.csv,org.apache.poi.hssf.record.SeriesListRecord,12,2,0,4,24,36,1,3,10,0.772727273,143,0.5,0,0.55,0.4,1,6,10.75,2,0.8333,0
poi,2.0,poi-2.0.csv,org.apache.poi.hssf.record.formula.Ptg,12,1,16,46,56,60,25,35,12,1.0,415,0.25,0,0.0,0.283333333,0,0,33.25,4,1.1667,1
poi,2.0,poi-2.0.csv,org.apache.poi.hssf.record.formula.AddPtg,10,2,0,4,14,45,2,2,10,1.111111111,63,0.333333333,0,0.272727273,0.32,0,0,5.0,1,0.8,0
poi,2.0,poi-2.0.csv,org.apache.poi.poifs.filesystem.DirectoryNode,20,2,0,14,65,94,3,14,15,0.649122807,327,1.0,2,0.321428571,0.154545455,1,1,15.2,3,1.15,0
poi,2.0,poi-2.0.csv,org.apache.poi.dev.RecordGenerator,3,1,0,1,30,3,0,1,2,2.0,315,0.0,0,0.0,0.333333333,0,0,104.0,1,0.6667,0
poi,2.0,poi-2.0.csv,org.apache.poi.hssf.record.PlotAreaRecord,10,2,0,4,18,45,1,3,8,1.111111111,87,0.0,0,0.611111111,0.525,1,6,7.6,2,0.8,0
poi,2.0,poi-2.0.csv,org.apache.poi.hssf.record.CellValueRecordInterface,10,1,0,13,10,45,13,0,10,2.0,10,0.0,0,0.0,0.4,0,0,0.0,1,1.0,0
poi,2.0,poi-2.0.csv,org.apache.poi.hssf.record.DateWindow1904Record,11,2,0,5,21,49,2,3,9,0.85,106,0.5,0,0.578947368,0.522727273,1,6,8.454545455,2,0.8182,0
poi,2.0,poi-2.0.csv,org.apache.poi.hssf.record.RefreshAllRecord,11,2,0,5,21,43,2,3,9,0.85,116,0.5,0,0.578947368,0.418181818,1,6,9.363636364,2,1.0,0
poi,2.0,poi-2.0.csv,org.apache.poi.hssf.record.LinkedDataFormulaField,10,1,0,4,31,3,1,3,9,0.222222222,183,0.0,0,0.0,0.333333333,0,0,17.2,2,1.3,0
poi,2.0,poi-2.0.csv,org.apache.poi.hssf.util.CellReference,12,1,0,6,30,34,6,0,9,0.690909091,306,1.0,0,0.0,0.375,0,0,24.08333333,6,1.5833,0
poi,2.0,poi-2.0.csv,org.apache.poi.hssf.record.DeltaRecord,12,2,0,5,23,54,2,3,10,0.909090909,117,0.333333333,0,0.55,0.4,1,6,8.5,2,0.8333,0
poi,2.0,poi-2.0.csv,org.apache.poi.hssf.record.formula.NumberPtg,10,2,0,4,18,39,2,3,9,0.851851852,78,0.333333333,0,0.5,0.283333333,1,2,6.5,1,0.7,0
poi,2.0,poi-2.0.csv,org.apache.poi.hpsf.MarkUnsupportedException,4,4,0,3,8,6,2,1,4,2.0,20,0.0,0,1.0,0.666666667,0,0,4.0,0,0.0,0
poi,2.0,poi-2.0.csv,org.apache.poi.hssf.record.SSTRecordSizeCalculator,8,1,0,3,20,0,2,2,3,0.369047619,441,1.0,1,0.0,0.416666667,0,0,52.625,6,2.375,0
poi,2.0,poi-2.0.csv,org.apache.poi.hssf.record.UnitsRecord,12,2,0,5,24,46,1,4,10,0.818181818,141,0.5,0,0.55,0.5,1,6,10.58333333,2,0.8333,0
poi,2.0,poi-2.0.csv,org.apache.poi.hssf.record.formula.DividePtg,9,2,0,4,13,36,2,2,9,1.125,64,0.0,0,0.3,0.333333333,0,0,5.888888889,1,0.7778,0
poi,2.0,poi-2.0.csv,org.apache.poi.hpsf.HPSFException,5,3,3,4,7,4,4,0,5,0.5,29,1.0,0,0.944444444,0.6,0,0,4.6,1,0.2,0
poi,2.0,poi-2.0.csv,org.apache.poi.hssf.record.BoundSheetRecord,20,2,0,7,40,142,3,4,18,0.798245614,342,0.833333333,0,0.392857143,0.3,1,6,15.8,10,1.5,0
poi,2.0,poi-2.0.csv,org.apache.poi.hssf.eventusermodel.AbortableHSSFListener,3,1,0,4,4,3,1,3,3,2.0,7,0.0,0,0.0,0.833333333,0,0,1.333333333,1,0.6667,1
poi,2.0,poi-2.0.csv,org.apache.poi.hssf.record.SelectionRecord,20,2,0,5,31,138,2,3,18,0.827067669,306,0.857142857,0,0.392857143,0.36,1,6,13.95,2,0.9,0
poi,2.0,poi-2.0.csv,org.apache.poi.util.POILogFactory,4,1,0,6,15,4,4,2,2,0.333333333,55,1.0,0,0.0,0.333333333,0,0,12.5,2,0.75,0
poi,2.0,poi-2.0.csv,org.apache.poi.hssf.record.BoolErrRecord,30,2,0,6,50,327,2,4,28,0.775862069,505,0.833333333,0,0.289473684,0.216666667,1,6,15.63333333,8,2.0667,0
poi,2.0,poi-2.0.csv,org.apache.poi.hssf.record.FrameRecord,18,2,0,6,35,37,1,5,16,0.806722689,287,0.571428571,2,0.423076923,0.366666667,1,6,14.55555556,2,0.8889,0
poi,2.0,poi-2.0.csv,org.apache.poi.hssf.record.GridsetRecord,12,2,0,5,22,46,2,3,10,0.818181818,128,0.0,0,0.55,0.4,1,6,9.5,2,1.0,0
poi,2.0,poi-2.0.csv,org.apache.poi.poifs.storage.HeaderBlockConstants,0,1,0,2,0,0,2,0,0,2.0,10,0.0,0,0.0,0.0,0,0,0.0,0,0.0,0
poi,2.0,poi-2.0.csv,org.apache.poi.hssf.record.formula.FuncPtg,7,3,0,4,17,0,2,2,6,0.888888889,120,0.333333333,0,0.772727273,0.523809524,1,5,15.71428571,1,0.7143,0
poi,2.0,poi-2.0.csv,org.apache.poi.hssf.dev.FormulaViewer,9,1,0,11,43,28,0,11,6,0.6875,416,1.0,0,0.0,0.333333333,0,0,45.0,13,3.2222,0
poi,2.0,poi-2.0.csv,org.apache.poi.hssf.usermodel.HSSFName,7,1,0,4,22,0,1,3,5,0.166666667,88,1.0,2,0.0,0.428571429,0,0,11.28571429,2,1.0,1
poi,2.0,poi-2.0.csv,org.apache.poi.hssf.record.SSTSerializer,12,1,0,7,35,16,2,6,8,0.727272727,359,0.555555556,2,0.0,0.319444444,0,0,28.16666667,9,2.0,0
poi,2.0,poi-2.0.csv,org.apache.poi.hssf.usermodel.HSSFPrintSetup,39,1,0,3,78,0,2,1,38,0.9,261,0.0,1,0.0,0.302564103,0,0,5.435897436,2,1.0256,0
poi,2.0,poi-2.0.csv,org.apache.poi.poifs.filesystem.DocumentOutputStream,8,2,0,3,15,4,3,0,5,0.428571429,90,1.0,0,0.416666667,0.425,1,1,9.875,1,0.875,0
poi,2.0,poi-2.0.csv,org.apache.poi.hssf.record.IndexRecord,18,2,0,6,40,103,2,4,16,0.848739496,327,0.0,1,0.423076923,0.472222222,1,6,16.77777778,2,1.1667,0
poi,2.0,poi-2.0.csv,org.apache.poi.hssf.record.MMSRecord,13,2,0,5,22,66,2,3,11,0.805555556,140,0.666666667,0,0.523809524,0.4,1,6,9.538461538,2,0.8462,0
poi,2.0,poi-2.0.csv,org.apache.poi.hpsf.UnexpectedPropertySetTypeException,4,4,0,4,8,6,3,1,4,2.0,20,0.0,0,1.0,0.666666667,0,0,4.0,0,0.0,0
poi,2.0,poi-2.0.csv,org.apache.poi.poifs.storage.BlockAllocationTableReader,7,1,0,12,29,1,7,6,1,0.0,257,1.0,1,0.0,0.514285714,0,0,35.57142857,2,0.7143,0
poi,2.0,poi-2.0.csv,org.apache.poi.util.BinaryTree,57,2,0,18,87,1362,17,7,17,0.927083333,1806,1.0,1,0.25,0.265306122,1,7,30.47368421,19,2.5263,0
poi,2.0,poi-2.0.csv,org.apache.poi.poifs.eventfilesystem.POIFSReaderRegistry,6,1,0,4,22,0,1,3,0,0.333333333,163,1.0,0,0.0,0.5,0,0,25.66666667,5,2.3333,0
poi,2.0,poi-2.0.csv,org.apache.poi.hssf.eventusermodel.HSSFEventFactory,6,1,0,10,19,15,2,8,5,2.0,171,0.0,0,0.0,0.666666667,0,0,27.5,1,0.8333,0
poi,2.0,poi-2.0.csv,org.apache.poi.hssf.record.EndRecord,9,2,0,4,17,36,1,3,7,1.125,72,0.0,0,0.647058824,0.555555556,1,6,6.888888889,2,0.7778,0
poi,2.0,poi-2.0.csv,org.apache.poi.hssf.model.WorkbookRecordList,28,1,0,2,35,198,1,1,28,0.841750842,388,1.0,0,0.0,0.383928571,0,0,12.46428571,12,1.75,0
poi,2.0,poi-2.0.csv,org.apache.poi.hssf.record.PrintSetupRecord,49,2,0,8,66,664,4,4,46,0.902083333,728,0.95,8,0.196428571,0.270833333,1,6,13.44897959,2,0.9388,0
poi,2.0,poi-2.0.csv,org.apache.poi.hssf.record.SeriesToChartGroupRecord,12,2,0,5,24,46,1,4,10,0.818181818,141,0.5,0,0.55,0.5,1,6,10.58333333,2,0.8333,0
poi,2.0,poi-2.0.csv,org.apache.poi.hssf.record.ProtectionRev4Record,11,2,0,5,21,43,2,3,9,0.85,116,0.5,0,0.578947368,0.418181818,1,6,9.363636364,2,1.0,0
poi,2.0,poi-2.0.csv,org.apache.poi.hssf.record.StyleRecord,24,2,0,7,39,204,2,5,21,0.882608696,418,0.7,1,0.34375,0.298611111,1,6,16.0,4,1.2917,0
poi,2.0,poi-2.0.csv,org.apache.poi.hssf.record.formula.Area3DPtg,34,2,0,10,60,187,4,7,34,0.747474747,728,0.888888889,2,0.184210526,0.198529412,2,3,20.14705882,8,1.4118,1
poi,2.0,poi-2.0.csv,org.apache.poi.hssf.record.formula.LessEqualPtg,9,2,0,4,13,36,2,2,9,1.125,62,0.0,0,0.3,0.333333333,0,0,5.666666667,1,0.7778,0
poi,2.0,poi-2.0.csv,org.apache.poi.hssf.record.CodepageRecord,11,2,0,5,21,49,2,3,9,0.933333333,107,0.333333333,0,0.578947368,0.522727273,1,6,8.454545455,2,0.8182,1
poi,2.0,poi-2.0.csv,org.apache.poi.util.HexRead,6,1,0,0,27,15,0,0,5,2.0,264,0.0,0,0.0,0.291666667,0,0,43.0,1,0.8333,0
poi,2.0,poi-2.0.csv,org.apache.poi.hssf.record.ValueRangeRecord,40,2,0,6,60,90,1,5,38,0.838141026,786,0.9375,9,0.229166667,0.275,1,6,18.25,2,0.95,0
poi,2.0,poi-2.0.csv,org.apache.poi.hssf.usermodel.HSSFRow,24,1,0,8,51,86,3,5,16,0.673913043,447,0.833333333,3,0.0,0.183333333,0,0,17.375,5,1.7083,1
poi,2.0,poi-2.0.csv,org.apache.poi.hssf.record.ObjectLinkRecord,16,2,0,5,28,72,1,4,14,0.933333333,254,0.333333333,0,0.458333333,0.46875,1,6,14.3125,2,0.875,0
poi,2.0,poi-2.0.csv,org.apache.poi.hssf.record.AxisUsedRecord,12,2,0,5,24,46,1,4,10,0.818181818,141,0.5,0,0.55,0.5,1,6,10.58333333,2,0.8333,0
poi,2.0,poi-2.0.csv,org.apache.poi.hssf.record.PasswordRev4Record,11,2,0,5,21,49,2,3,9,0.85,106,0.5,0,0.578947368,0.522727273,1,6,8.454545455,2,0.8182,0
poi,2.0,poi-2.0.csv,org.apache.poi.hssf.record.ChartRecord,18,2,0,5,31,91,1,4,16,0.776470588,303,0.8,0,0.423076923,0.458333333,1,6,15.55555556,2,0.8889,0
poi,2.0,poi-2.0.csv,org.apache.poi.hssf.util.RKUtil,2,1,0,2,4,1,2,0,1,2.0,39,0.0,0,0.0,0.5,0,0,18.5,3,1.5,0
poi,2.0,poi-2.0.csv,org.apache.poi.hssf.usermodel.HSSFHeader,16,1,0,2,30,88,1,1,14,0.683333333,250,0.0,1,0.0,0.21875,0,0,14.375,4,1.125,0
poi,2.0,poi-2.0.csv,org.apache.poi.hssf.record.FontRecord,38,2,0,9,56,511,4,5,35,0.938063063,604,0.625,4,0.244444444,0.239382239,1,6,14.26315789,3,1.0,0
poi,2.0,poi-2.0.csv,org.apache.poi.hssf.record.LabelSSTRecord,25,2,0,8,40,258,4,4,23,0.758333333,390,0.8,0,0.333333333,0.3,1,6,14.4,7,1.76,0
poi,2.0,poi-2.0.csv,org.apache.poi.hssf.record.TextRecord,62,2,0,6,85,611,1,5,60,0.953972257,1390,0.5,14,0.157142857,0.266129032,1,6,20.58064516,2,0.9677,0
poi,2.0,poi-2.0.csv,org.apache.poi.hssf.record.DBCellRecord,15,2,0,7,32,79,4,3,13,0.785714286,251,0.666666667,0,0.47826087,0.483333333,1,6,15.53333333,3,1.2,0
poi,2.0,poi-2.0.csv,org.apache.poi.hssf.record.DatRecord,20,2,0,6,37,0,1,5,18,0.684210526,321,0.833333333,4,0.392857143,0.36,1,6,14.75,2,0.9,0
poi,2.0,poi-2.0.csv,org.apache.poi.poifs.property.PropertyConstants,0,1,0,0,0,0,0,0,0,2.0,4,0.0,0,0.0,0.0,0,0,0.0,0,0.0,0
poi,2.0,poi-2.0.csv,org.apache.poi.hpsf.SpecialPropertySet,10,2,2,5,20,0,2,3,10,0.0,53,1.0,1,0.64,0.55,1,2,4.2,1,0.9,0
poi,2.0,poi-2.0.csv,org.apache.poi.hssf.record.DefaultColWidthRecord,12,2,0,5,22,54,2,3,10,0.818181818,117,0.5,0,0.55,0.5,1,6,8.583333333,2,0.8333,0
poi,2.0,poi-2.0.csv,org.apache.poi.hssf.usermodel.HSSFSheet,75,1,0,26,200,281,3,23,63,0.923141892,1168,0.4375,3,0.0,0.141891892,0,0,14.36,18,1.68,0
poi,2.0,poi-2.0.csv,org.apache.poi.hssf.eventusermodel.HSSFListener,1,1,0,7,1,0,6,1,1,2.0,1,0.0,0,0.0,1.0,0,0,0.0,1,1.0,0
poi,2.0,poi-2.0.csv,org.apache.poi.hssf.usermodel.HSSFWorkbook,53,1,0,32,172,106,2,30,44,0.877622378,1743,0.727272727,4,0.0,0.146449704,0,0,31.67924528,32,2.0943,1
poi,2.0,poi-2.0.csv,org.apache.poi.hssf.record.WindowOneRecord,38,2,0,6,52,479,2,4,35,0.898648649,536,0.9375,6,0.244444444,0.335135135,1,6,12.68421053,2,0.9211,0
poi,2.0,poi-2.0.csv,org.apache.poi.hssf.record.ColumnInfoRecord,27,2,0,6,42,209,2,4,24,0.846153846,372,0.9,3,0.323529412,0.346153846,1,6,12.40740741,2,0.8889,0
poi,2.0,poi-2.0.csv,org.apache.poi.poifs.storage.HeaderBlockWriter,8,2,0,8,19,0,2,6,6,0.821428571,324,1.0,6,0.3,0.583333333,1,2,38.5,4,1.375,0
poi,2.0,poi-2.0.csv,org.apache.poi.util.FixedField,4,1,0,5,4,6,4,1,4,2.0,4,0.0,0,0.0,0.583333333,0,0,0.0,1,1.0,0
poi,2.0,poi-2.0.csv,org.apache.poi.hssf.record.ExtendedFormatRecord,96,2,0,9,117,3214,5,4,93,0.981194559,1478,0.483146067,34,0.106796117,0.313684211,1,6,13.46875,3,0.9896,1
poi,2.0,poi-2.0.csv,org.apache.poi.hssf.record.formula.GreaterEqualPtg,9,2,0,4,13,36,2,2,9,1.125,62,0.0,0,0.3,0.333333333,0,0,5.666666667,1,0.7778,0
poi,2.0,poi-2.0.csv,org.apache.poi.hpsf.NoSingleSectionException,4,5,0,2,8,6,1,1,4,2.0,20,0.0,0,1.0,0.666666667,0,0,4.0,0,0.0,0
poi,2.0,poi-2.0.csv,org.apache.poi.hssf.record.DimensionsRecord,18,2,0,5,30,107,2,3,16,0.794117647,259,0.833333333,0,0.423076923,0.458333333,1,6,13.05555556,2,0.8889,0
poi,2.0,poi-2.0.csv,org.apache.poi.hssf.record.formula.UnaryPlusPtg,10,2,0,4,14,45,2,2,10,1.111111111,59,0.333333333,0,0.272727273,0.32,0,0,4.6,1,0.8,0
poi,2.0,poi-2.0.csv,org.apache.poi.hssf.record.RecordFactory,7,1,0,15,56,9,4,11,5,0.722222222,713,1.0,0,0.0,0.166666667,0,0,100.4285714,8,2.0,0
poi,2.0,poi-2.0.csv,org.apache.poi.hssf.model.Sheet,108,1,0,60,341,4268,5,55,75,0.93564753,3365,0.714285714,16,0.0,0.078971963,0,0,29.83333333,34,2.0556,1
poi,2.0,poi-2.0.csv,org.apache.poi.poifs.filesystem.DocumentEntry,1,1,0,7,1,0,6,1,1,2.0,1,0.0,0,0.0,1.0,0,0,0.0,1,1.0,0
poi,2.0,poi-2.0.csv,org.apache.poi.hssf.record.SharedFormulaRecord,11,2,0,6,23,25,3,3,9,0.8,183,0.5,0,0.55,0.431818182,1,6,15.27272727,3,1.1818,0
poi,2.0,poi-2.0.csv,org.apache.poi.hssf.record.formula.ControlPtg,1,2,1,2,2,0,1,1,1,2.0,4,0.0,0,1.0,1.0,0,0,3.0,0,0.0,0
poi,2.0,poi-2.0.csv,org.apache.poi.hssf.record.PlotGrowthRecord,14,2,0,5,27,57,1,4,12,0.769230769,195,0.666666667,0,0.5,0.482142857,1,6,12.71428571,2,0.8571,0
poi,2.0,poi-2.0.csv,org.apache.poi.hpsf.IllegalPropertySetDataException,4,5,0,1,8,6,0,1,4,2.0,20,0.0,0,1.0,0.666666667,0,0,4.0,0,0.0,0
poi,2.0,poi-2.0.csv,org.apache.poi.poifs.property.RootProperty,3,3,0,8,10,3,6,2,1,2.0,27,0.0,0,0.971428571,0.666666667,1,1,8.0,1,0.3333,0
poi,2.0,poi-2.0.csv,org.apache.poi.hssf.record.formula.UnaryMinusPtg,10,2,0,4,15,45,1,3,10,1.111111111,59,0.333333333,0,0.272727273,0.32,0,0,4.6,1,0.8,0
poi,2.0,poi-2.0.csv,org.apache.poi.poifs.storage.SmallDocumentBlockList,5,2,0,5,12,10,1,4,5,2.0,32,0.0,0,0.555555556,0.5,0,0,5.4,1,0.8,0
poi,2.0,poi-2.0.csv,org.apache.poi.hssf.record.aggregates.FormulaRecordAggregate,28,2,0,8,51,0,3,5,26,0.731481481,237,0.75,3,0.297297297,0.198412698,1,6,7.321428571,3,1.1786,0
poi,2.0,poi-2.0.csv,org.apache.poi.poifs.filesystem.DocumentInputStream,13,2,0,13,23,0,10,3,11,0.642857143,271,1.0,1,0.45,0.256410256,1,2,19.30769231,2,0.9231,0
poi,2.0,poi-2.0.csv,org.apache.poi.hssf.record.formula.MemErrPtg,11,2,0,3,14,33,1,3,11,0.9,66,0.75,0,0.4375,0.327272727,1,2,4.636363636,1,0.8182,0
poi,2.0,poi-2.0.csv,org.apache.poi.hssf.usermodel.HSSFFont,20,1,0,4,39,0,3,1,19,0.978947368,140,0.133333333,1,0.0,0.258333333,0,0,5.25,1,0.95,1
poi,2.0,poi-2.0.csv,org.apache.poi.hssf.record.AreaRecord,18,2,0,6,35,1,1,5,16,0.670588235,276,0.8,3,0.423076923,0.366666667,1,6,14.05555556,2,0.8889,0
poi,2.0,poi-2.0.csv,org.apache.poi.poifs.dev.POIFSViewable,4,1,0,6,4,6,6,0,4,2.0,4,0.0,0,0.0,1.0,0,0,0.0,1,1.0,0
poi,2.0,poi-2.0.csv,org.apache.poi.poifs.filesystem.POIFSWriterListener,1,1,0,7,1,0,6,1,1,2.0,1,0.0,0,0.0,1.0,0,0,0.0,1,1.0,0
poi,2.0,poi-2.0.csv,org.apache.poi.poifs.filesystem.DocumentDescriptor,4,1,0,2,18,0,1,1,4,0.222222222,129,1.0,1,0.0,0.4375,1,1,30.5,6,2.5,0
poi,2.0,poi-2.0.csv,org.apache.poi.hssf.record.FontIndexRecord,12,2,0,5,24,46,1,4,10,0.818181818,141,0.5,0,0.55,0.5,1,6,10.58333333,2,0.8333,0
poi,2.0,poi-2.0.csv,org.apache.poi.hssf.record.ProtectRecord,12,2,0,7,22,46,4,3,10,0.818181818,127,0.5,0,0.55,0.4,1,6,9.416666667,2,1.0,0
poi,2.0,poi-2.0.csv,org.apache.poi.util.ByteField,11,1,0,4,15,21,1,3,11,0.533333333,90,1.0,0,0.0,0.454545455,0,0,6.909090909,1,0.6364,0
poi,2.0,poi-2.0.csv,org.apache.poi.poifs.storage.BlockListImpl,6,1,2,5,13,0,2,3,4,0.5,107,1.0,2,0.0,0.458333333,0,0,16.5,3,1.1667,0
poi,2.0,poi-2.0.csv,org.apache.poi.hssf.record.PasswordRecord,12,2,0,5,22,54,2,3,10,0.818181818,117,0.5,0,0.55,0.5,1,6,8.583333333,2,0.8333,0
poi,2.0,poi-2.0.csv,org.apache.poi.hssf.record.formula.ReferencePtg,19,2,0,6,38,21,2,5,18,0.685185185,284,0.833333333,2,0.304347826,0.22556391,1,2,13.63157895,3,0.9474,0
poi,2.0,poi-2.0.csv,org.apache.poi.hssf.record.TabIdRecord,11,2,0,5,25,43,2,3,9,0.8,182,0.0,0,0.578947368,0.418181818,1,6,15.36363636,2,1.0909,0
poi,2.0,poi-2.0.csv,org.apache.poi.hssf.record.Record,15,1,125,146,23,105,146,0,12,2.0,84,0.0,0,0.0,0.483333333,0,0,4.6,1,0.8,0
poi,2.0,poi-2.0.csv,org.apache.poi.hssf.record.RecalcIdRecord,13,2,0,4,27,46,1,3,11,0.777777778,201,0.333333333,0,0.523809524,0.333333333,1,6,14.23076923,2,1.0769,0
poi,2.0,poi-2.0.csv,org.apache.poi.hssf.usermodel.HSSFDateUtil,11,1,0,2,26,53,1,2,6,1.033333333,226,1.0,0,0.0,0.157142857,0,0,19.27272727,24,3.6364,1
poi,2.0,poi-2.0.csv,org.apache.poi.hssf.record.PrintHeadersRecord,12,2,0,5,22,46,2,3,10,0.818181818,128,0.5,0,0.55,0.4,1,6,9.5,2,1.0,0
poi,2.0,poi-2.0.csv,org.apache.poi.util.ShortList,25,1,0,0,29,0,0,0,24,0.388888889,629,1.0,0,0.0,0.313333333,1,1,24.04,9,2.6,0
poi,2.0,poi-2.0.csv,org.apache.poi.hssf.usermodel.HSSFFooter,16,1,0,2,30,88,1,1,14,0.683333333,250,0.0,1,0.0,0.21875,0,0,14.375,4,1.125,0
poi,2.0,poi-2.0.csv,org.apache.poi.hssf.record.HCenterRecord,12,2,0,6,22,46,3,3,10,0.818181818,128,0.5,0,0.55,0.4,1,6,9.5,2,1.0,0
poi,2.0,poi-2.0.csv,org.apache.poi.util.IntList,25,1,0,4,29,0,4,0,24,0.388888889,629,1.0,0,0.0,0.36,1,1,24.04,9,2.6,0
poi,2.5,poi-2.5.csv,org.apache.poi.hssf.record.ValueRangeRecord,40,2,0,6,60,90,1,5,38,0.838141026,786,0.9375,9,0.229166667,0.275,1,6,18.25,2,0.95,2
poi,2.5,poi-2.5.csv,org.apache.poi.ddf.EscherRecord,20,1,14,32,36,164,31,4,18,0.842105263,141,1.0,0,0.0,0.2375,0,0,5.95,2,1.05,0
poi,2.5,poi-2.5.csv,org.apache.poi.hssf.usermodel.HSSFRow,24,1,0,9,52,86,4,5,16,0.673913043,451,0.833333333,3,0.0,0.183333333,0,0,17.54166667,5,1.7083,4
poi,2.5,poi-2.5.csv,org.apache.poi.hssf.record.ObjectLinkRecord,16,2,0,5,28,72,1,4,14,0.933333333,254,0.333333333,0,0.458333333,0.46875,1,6,14.3125,2,0.875,2
poi,2.5,poi-2.5.csv,org.apache.poi.hssf.record.formula.NamePtg,8,2,0,5,20,4,2,4,7,0.8,148,0.6,0,0.583333333,0.375,1,2,16.875,1,0.625,1
poi,2.5,poi-2.5.csv,org.apache.poi.hssf.record.PasswordRev4Record,11,2,0,5,21,49,2,3,9,0.85,106,0.5,0,0.578947368,0.522727273,1,6,8.454545455,2,0.8182,2
poi,2.5,poi-2.5.csv,org.apache.poi.ddf.EscherBoolProperty,3,3,0,6,4,1,5,1,3,2.0,24,0.0,0,0.875,0.555555556,0,0,7.0,2,1.3333,0
poi,2.5,poi-2.5.csv,org.apache.poi.hssf.model.TextboxShape,8,2,0,20,59,20,2,19,4,0.821428571,267,1.0,4,0.416666667,0.666666667,1,1,31.875,1,0.875,0
poi,2.5,poi-2.5.csv,org.apache.poi.hssf.usermodel.HSSFPatriarch,12,1,0,10,24,6,2,9,11,0.787878788,156,0.0,1,0.0,0.375,0,0,11.5,2,1.0,1
poi,2.5,poi-2.5.csv,org.apache.poi.poifs.property.DirectoryProperty,8,2,1,11,37,0,7,5,6,0.357142857,278,1.0,0,0.823529412,0.375,1,1,33.5,6,1.625,1
poi,2.5,poi-2.5.csv,org.apache.poi.hssf.usermodel.HSSFHeader,16,1,0,2,30,88,1,1,14,0.683333333,250,0.0,1,0.0,0.21875,0,0,14.375,4,1.125,1
poi,2.5,poi-2.5.csv,org.apache.poi.hssf.record.formula.Ref3DPtg,22,2,0,9,51,89,3,7,22,0.721088435,417,0.857142857,2,0.269230769,0.233766234,1,2,17.63636364,5,1.0455,2
poi,2.5,poi-2.5.csv,org.apache.poi.hssf.record.LabelSSTRecord,25,2,0,8,40,258,4,4,23,0.758333333,390,0.8,0,0.333333333,0.3,1,6,14.4,7,1.76,2
poi,2.5,poi-2.5.csv,org.apache.poi.hssf.record.TextRecord,62,2,0,6,85,611,1,5,60,0.953972257,1390,0.5,14,0.157142857,0.266129032,1,6,20.58064516,2,0.9677,2
poi,2.5,poi-2.5.csv,org.apache.poi.hssf.record.DBCellRecord,15,2,0,7,32,79,4,3,13,0.785714286,251,0.666666667,0,0.47826087,0.483333333,1,6,15.53333333,3,1.2,3
poi,2.5,poi-2.5.csv,org.apache.poi.hssf.record.DatRecord,20,2,0,6,37,0,1,5,18,0.684210526,321,0.833333333,4,0.392857143,0.36,1,6,14.75,2,0.9,2
poi,2.5,poi-2.5.csv,org.apache.poi.poifs.property.PropertyConstants,0,1,0,0,0,0,0,0,0,2.0,4,0.0,0,0.0,0.0,0,0,0.0,0,0.0,0
poi,2.5,poi-2.5.csv,org.apache.poi.hpsf.SpecialPropertySet,10,2,2,5,20,0,2,3,10,0.0,53,1.0,1,0.64,0.55,1,2,4.2,1,0.9,1
poi,2.5,poi-2.5.csv,org.apache.poi.hssf.record.DefaultColWidthRecord,12,2,0,5,22,54,2,3,10,0.818181818,117,0.5,0,0.55,0.5,1,6,8.583333333,2,0.8333,2
poi,2.5,poi-2.5.csv,org.apache.poi.hssf.usermodel.HSSFSheet,93,1,0,33,244,0,6,28,79,0.925951087,1441,0.4375,3,0.0,0.144927536,0,0,14.32258065,18,1.6559,4
poi,2.5,poi-2.5.csv,org.apache.poi.hssf.eventusermodel.HSSFListener,1,1,0,7,1,0,6,1,1,2.0,1,0.0,0,0.0,1.0,0,0,0.0,1,1.0,0
poi,2.5,poi-2.5.csv,org.apache.poi.hssf.record.EscherAggregate,20,3,0,34,126,130,3,32,10,1.047117794,1170,0.019047619,2,0.558139535,0.161538462,2,7,47.0,11,2.4,1
poi,2.5,poi-2.5.csv,org.apache.poi.hssf.usermodel.HSSFWorkbook,54,1,0,34,183,89,4,30,45,0.878216123,1831,0.727272727,4,0.0,0.140161725,0,0,32.7037037,32,2.2963,11
poi,2.5,poi-2.5.csv,org.apache.poi.hssf.record.WindowOneRecord,38,2,0,6,52,479,2,4,35,0.898648649,536,0.9375,6,0.244444444,0.335135135,1,6,12.68421053,2,0.9211,2
poi,2.5,poi-2.5.csv,org.apache.poi.hssf.record.ColumnInfoRecord,27,2,0,7,42,209,3,4,24,0.846153846,372,0.9,3,0.323529412,0.346153846,1,6,12.40740741,2,0.8889,1
poi,2.5,poi-2.5.csv,org.apache.poi.poifs.storage.HeaderBlockWriter,8,2,0,8,19,0,2,6,6,0.821428571,324,1.0,6,0.3,0.583333333,1,2,38.5,4,1.375,0
poi,2.5,poi-2.5.csv,org.apache.poi.util.FixedField,4,1,0,5,4,6,4,1,4,2.0,4,0.0,0,0.0,0.583333333,0,0,0.0,1,1.0,0
poi,2.5,poi-2.5.csv,org.apache.poi.hssf.record.ProtectRecord,12,2,0,7,22,46,4,3,10,0.818181818,127,0.5,0,0.55,0.4,1,6,9.416666667,2,1.0,2
poi,2.5,poi-2.5.csv,org.apache.poi.hssf.record.SubRecord,4,2,3,6,11,6,4,5,4,2.0,61,0.0,0,0.916666667,0.6875,0,0,14.25,5,1.25,3
poi,2.5,poi-2.5.csv,org.apache.poi.hssf.record.AxisOptionsRecord,44,2,0,6,61,312,1,5,42,0.860465116,933,0.944444444,8,0.211538462,0.327272727,1,6,19.79545455,2,0.9545,2
poi,2.5,poi-2.5.csv,org.apache.poi.poifs.storage.BlockListImpl,6,1,2,5,13,0,2,3,4,0.5,107,1.0,2,0.0,0.458333333,0,0,16.5,3,1.1667,0
poi,2.5,poi-2.5.csv,org.apache.poi.hssf.record.PasswordRecord,12,2,0,5,22,54,2,3,10,0.818181818,117,0.5,0,0.55,0.5,1,6,8.583333333,2,0.8333,2
poi,2.5,poi-2.5.csv,org.apache.poi.hssf.record.formula.ReferencePtg,19,2,0,6,38,21,2,5,18,0.685185185,284,0.833333333,2,0.304347826,0.22556391,1,2,13.63157895,3,0.9474,2
poi,2.5,poi-2.5.csv,org.apache.poi.hssf.record.TabIdRecord,11,2,0,5,25,43,2,3,9,0.8,182,0.0,0,0.578947368,0.418181818,1,6,15.36363636,2,1.0909,2
poi,2.5,poi-2.5.csv,org.apache.poi.hssf.record.Record,15,1,132,155,23,105,155,0,12,2.0,84,0.0,0,0.0,0.483333333,0,0,4.6,1,0.8,1
poi,2.5,poi-2.5.csv,org.apache.poi.hssf.record.RecalcIdRecord,13,2,0,4,27,46,1,3,11,0.777777778,201,0.333333333,0,0.523809524,0.333333333,1,6,14.23076923,2,1.0769,2
poi,2.5,poi-2.5.csv,org.apache.poi.hssf.usermodel.HSSFDateUtil,11,1,0,2,24,53,1,2,6,1.033333333,241,1.0,0,0.0,0.157142857,0,0,20.63636364,4,1.6364,0
poi,2.5,poi-2.5.csv,org.apache.poi.hssf.record.PrintHeadersRecord,12,2,0,5,22,46,2,3,10,0.818181818,128,0.5,0,0.55,0.4,1,6,9.5,2,1.0,2
poi,2.5,poi-2.5.csv,org.apache.poi.hssf.usermodel.HSSFAnchor,12,1,2,15,13,42,15,0,12,0.818181818,62,0.0,0,0.0,0.708333333,0,0,3.833333333,1,0.8333,0
poi,2.5,poi-2.5.csv,org.apache.poi.hssf.usermodel.HSSFFont,21,1,0,6,44,0,5,1,20,0.976666667,153,0.133333333,1,0.0,0.253968254,0,0,5.571428571,1,0.9524,2
poi,2.5,poi-2.5.csv,org.apache.poi.poifs.dev.POIFSViewable,4,1,0,6,4,6,6,0,4,2.0,4,0.0,0,0.0,1.0,0,0,0.0,1,1.0,0
poi,2.5,poi-2.5.csv,org.apache.poi.hpsf.Property,6,1,0,5,25,7,2,3,4,0.75,230,1.0,0,0.0,0.55,0,0,36.66666667,9,2.0,2
poi,2.5,poi-2.5.csv,org.apache.poi.ddf.EscherShapePathProperty,1,3,0,4,2,0,3,1,1,2.0,13,0.0,0,1.0,1.0,0,0,7.0,0,0.0,0
poi,2.5,poi-2.5.csv,org.apache.poi.poifs.filesystem.DocumentDescriptor,4,1,0,2,18,0,1,1,4,0.222222222,129,1.0,1,0.0,0.4375,1,1,30.5,6,2.5,0
poi,2.5,poi-2.5.csv,org.apache.poi.hssf.record.FontIndexRecord,12,2,0,5,24,46,1,4,10,0.818181818,141,0.5,0,0.55,0.5,1,6,10.58333333,2,0.8333,2
poi,2.5,poi-2.5.csv,org.apache.poi.hssf.record.formula.LessEqualPtg,9,2,0,4,13,36,2,2,9,1.125,62,0.0,0,0.3,0.333333333,0,0,5.666666667,1,0.7778,1
poi,2.5,poi-2.5.csv,org.apache.poi.hssf.usermodel.HSSFShapeGroup,12,2,0,10,23,6,3,7,12,0.672727273,154,0.0,0,0.592592593,0.316666667,1,1,11.41666667,2,1.0,1
poi,2.5,poi-2.5.csv,org.apache.poi.util.CommonsLogger,5,2,0,3,20,0,0,3,4,0.5,138,1.0,0,0.888888889,0.5,1,1,26.2,12,4.8,0
poi,2.5,poi-2.5.csv,org.apache.poi.ddf.EscherSplitMenuColorsRecord,15,2,0,7,33,43,1,6,15,0.833333333,258,0.666666667,0,0.575757576,0.333333333,1,5,15.8,2,1.0,0
poi,2.5,poi-2.5.csv,org.apache.poi.util.HexRead,6,1,0,1,27,15,1,0,5,2.0,264,0.0,0,0.0,0.291666667,0,0,43.0,1,0.8333,0
poi,2.5,poi-2.5.csv,org.apache.poi.hssf.model.DrawingManager,7,1,0,7,30,0,4,3,4,0.333333333,212,0.0,1,0.0,0.476190476,0,0,29.0,7,2.1429,0
poi,2.5,poi-2.5.csv,org.apache.poi.hssf.record.DrawingSelectionRecord,5,3,0,2,8,10,1,1,4,1.25,26,0.0,0,0.923076923,0.5,1,2,4.0,1,0.4,1
poi,2.5,poi-2.5.csv,org.apache.poi.hssf.usermodel.HSSFFooter,16,1,0,2,30,88,1,1,14,0.683333333,250,0.0,1,0.0,0.21875,0,0,14.375,4,1.125,0
poi,2.5,poi-2.5.csv,org.apache.poi.hssf.usermodel.DummyGraphics2d,85,3,0,0,181,0,0,0,85,0.5,2890,0.5,0,0.514450867,0.075456389,2,20,32.97647059,1,0.9882,1
poi,2.5,poi-2.5.csv,org.apache.poi.ddf.EscherProperty,10,1,2,12,12,3,11,1,10,0.333333333,69,1.0,0,0.0,0.34,0,0,5.8,2,1.0,0
poi,2.5,poi-2.5.csv,org.apache.poi.hssf.record.GutsRecord,18,2,0,5,28,111,2,3,16,0.776470588,231,0.8,0,0.423076923,0.458333333,1,6,11.55555556,2,0.8889,2
poi,2.5,poi-2.5.csv,org.apache.poi.hssf.util.Region,16,1,0,3,17,78,2,1,16,0.533333333,172,1.0,0,0.0,0.291666667,0,0,9.5,9,1.625,0
poi,2.5,poi-2.5.csv,org.apache.poi.hssf.record.SCLRecord,14,2,0,7,26,57,3,4,12,0.769230769,195,0.666666667,0,0.5,0.482142857,1,6,12.71428571,2,0.8571,2
poi,2.5,poi-2.5.csv,org.apache.poi.hssf.record.NumberRecord,25,2,0,11,41,258,7,4,23,0.758333333,389,0.8,0,0.333333333,0.257142857,1,6,14.36,7,1.76,2
poi,2.5,poi-2.5.csv,org.apache.poi.ddf.DefaultEscherRecordFactory,4,1,1,10,26,4,3,7,2,0.833333333,193,1.0,0,0.0,0.416666667,0,0,46.75,6,2.0,1
poi,2.5,poi-2.5.csv,org.apache.poi.ddf.EscherTextboxRecord,9,2,0,7,41,4,1,6,8,0.875,302,0.5,0,0.730769231,0.35,1,5,32.11111111,4,1.3333,1
poi,2.5,poi-2.5.csv,org.apache.poi.hssf.dev.EFHSSFListener,2,1,0,3,4,0,1,3,2,0.0,14,0.0,1,0.0,0.666666667,0,0,5.5,1,0.5,0
poi,2.5,poi-2.5.csv,org.apache.poi.hssf.record.formula.MultiplyPtg,11,2,0,4,16,55,2,3,11,1.1,96,0.333333333,0,0.25,0.272727273,0,0,7.454545455,1,0.8182,2
poi,2.5,poi-2.5.csv,org.apache.poi.hssf.model.AbstractShape,6,1,4,20,28,15,5,19,3,2.0,191,0.0,0,0.0,0.333333333,0,0,30.83333333,6,2.3333,1
poi,2.5,poi-2.5.csv,org.apache.poi.hssf.record.MulRKRecord,15,2,0,8,34,87,3,5,12,0.871428571,230,0.8,0,0.47826087,0.516666667,1,5,14.0,2,1.0,2
poi,2.5,poi-2.5.csv,org.apache.poi.hssf.record.ExtSSTRecord,17,2,0,8,41,66,4,4,15,0.85,319,0.4,0,0.44,0.31372549,1,6,17.47058824,3,1.2353,1
poi,2.5,poi-2.5.csv,org.apache.poi.hssf.record.formula.MissingArgPtg,7,2,0,2,8,21,1,2,7,1.166666667,32,0.5,0,0.583333333,0.428571429,1,2,3.285714286,1,0.7143,2
poi,2.5,poi-2.5.csv,org.apache.poi.hssf.record.PageBreakRecord,17,2,2,7,44,106,4,4,15,0.760416667,483,0.5,0,0.458333333,0.485294118,1,6,27.05882353,5,1.5294,2
poi,2.5,poi-2.5.csv,org.apache.poi.poifs.storage.DocumentBlock,10,2,0,5,19,5,2,3,8,0.740740741,223,1.0,0,0.3,0.228571429,1,2,21.0,3,1.2,0
poi,2.5,poi-2.5.csv,org.apache.poi.ddf.EscherPropertyFactory,2,1,0,10,20,1,1,9,2,2.0,175,0.0,0,0.0,0.625,0,0,86.5,12,6.0,0
poi,2.5,poi-2.5.csv,org.apache.poi.hssf.record.GridsetRecord,12,2,0,5,22,46,2,3,10,0.818181818,128,0.0,0,0.55,0.4,1,6,9.5,2,1.0,2
poi,2.5,poi-2.5.csv,org.apache.poi.poifs.storage.HeaderBlockConstants,0,1,0,2,0,0,2,0,0,2.0,10,0.0,0,0.0,0.0,0,0,0.0,0,0.0,0
poi,2.5,poi-2.5.csv,org.apache.poi.hssf.record.formula.FuncPtg,7,3,0,4,17,0,2,2,6,0.888888889,120,0.333333333,0,0.772727273,0.523809524,1,5,15.71428571,1,0.7143,1
poi,2.5,poi-2.5.csv,org.apache.poi.hssf.dev.FormulaViewer,9,1,0,11,43,28,0,11,6,0.6875,416,1.0,0,0.0,0.333333333,0,0,45.0,13,3.2222,1
poi,2.5,poi-2.5.csv,org.apache.poi.hssf.usermodel.HSSFName,7,1,0,4,22,0,1,3,5,0.166666667,88,1.0,2,0.0,0.428571429,0,0,11.28571429,2,1.0,1
poi,2.5,poi-2.5.csv,org.apache.poi.poifs.property.DocumentProperty,7,2,0,6,14,9,5,2,5,0.5,48,1.0,1,0.848484848,0.342857143,0,0,5.714285714,1,0.7143,0
poi,2.5,poi-2.5.csv,org.apache.poi.hssf.usermodel.HSSFPrintSetup,39,1,0,3,78,0,2,1,38,0.923684211,234,0.0,1,0.0,0.302564103,0,0,4.743589744,2,1.0256,0
poi,2.5,poi-2.5.csv,org.apache.poi.hssf.model.ConvertAnchor,2,1,0,8,36,1,2,6,2,2.0,137,0.0,0,0.0,0.5,0,0,67.5,2,1.0,0
poi,2.5,poi-2.5.csv,org.apache.poi.poifs.storage.BATBlock,12,2,0,6,18,54,4,2,8,0.924242424,222,1.0,1,0.230769231,0.3125,1,2,17.0,5,1.3333,0
poi,2.5,poi-2.5.csv,org.apache.poi.ddf.EscherBSERecord,31,2,0,5,55,281,0,5,31,0.940909091,567,0.545454545,0,0.387755102,0.230414747,1,5,16.58064516,3,1.0645,0
poi,2.5,poi-2.5.csv,org.apache.poi.util.LittleEndianConsts,0,1,0,1,0,0,1,0,0,2.0,5,0.0,0,0.0,0.0,0,0,0.0,0,0.0,0
poi,2.5,poi-2.5.csv,org.apache.poi.hssf.record.MMSRecord,13,2,0,5,22,66,2,3,11,0.805555556,140,0.666666667,0,0.523809524,0.4,1,6,9.538461538,2,0.8462,2
poi,2.5,poi-2.5.csv,org.apache.poi.hssf.record.HeaderRecord,14,2,0,8,26,69,4,4,12,0.743589744,188,0.666666667,0,0.5,0.321428571,1,6,12.21428571,3,1.1429,2
poi,2.5,poi-2.5.csv,org.apache.poi.hssf.record.StringRecord,17,2,0,9,32,74,5,4,13,0.75,224,0.75,0,0.44,0.294117647,1,6,11.94117647,2,1.1176,3
poi,2.5,poi-2.5.csv,org.apache.poi.poifs.eventfilesystem.POIFSReaderRegistry,6,1,0,4,22,0,1,3,0,0.333333333,163,1.0,0,0.0,0.5,0,0,25.66666667,5,2.3333,0
poi,2.5,poi-2.5.csv,org.apache.poi.util.LongField,11,1,0,5,21,9,2,3,11,0.25,92,1.0,0,0.0,0.454545455,0,0,7.181818182,1,0.6364,0
poi,2.5,poi-2.5.csv,org.apache.poi.hssf.record.FontBasisRecord,20,2,0,5,32,114,1,4,18,0.789473684,357,0.833333333,0,0.392857143,0.45,1,6,16.55,2,0.9,2
poi,2.5,poi-2.5.csv,org.apache.poi.hssf.record.SheetPropertiesRecord,24,2,0,6,42,0,1,5,22,0.818181818,423,0.636363636,5,0.34375,0.291666667,1,6,16.16666667,2,0.9167,2
poi,2.5,poi-2.5.csv,org.apache.poi.hssf.record.BOFRecord,22,2,0,8,35,169,5,3,20,0.946778711,316,0.352941176,0,0.366666667,0.443181818,1,6,12.59090909,2,0.9091,2
poi,2.5,poi-2.5.csv,org.apache.poi.hssf.model.Node,5,1,0,2,6,0,1,1,5,0.583333333,43,1.0,2,0.0,0.4,0,0,7.0,1,0.8,0
poi,2.5,poi-2.5.csv,org.apache.poi.hssf.record.RecordProcessor,9,1,0,4,17,0,1,3,7,0.5,234,1.0,1,0.0,0.511111111,0,0,24.55555556,2,1.1111,2
poi,2.5,poi-2.5.csv,org.apache.poi.hssf.record.HorizontalPageBreakRecord,5,3,0,2,9,10,1,1,5,1.25,28,0.0,0,0.96,0.55,1,3,4.4,1,0.2,1
poi,2.5,poi-2.5.csv,org.apache.poi.poifs.storage.BigBlock,4,1,4,5,6,6,4,1,1,2.0,15,0.0,0,0.0,0.666666667,0,0,2.75,1,0.75,0
poi,2.5,poi-2.5.csv,org.apache.poi.hssf.record.CommonObjectDataSubRecord,30,3,0,10,50,155,6,5,28,0.975369458,622,0.238095238,4,0.307692308,0.34,1,6,18.33333333,2,0.9333,2
poi,2.5,poi-2.5.csv,org.apache.poi.poifs.storage.BlockWritable,1,1,0,9,1,0,9,0,1,2.0,1,0.0,0,0.0,1.0,0,0,0.0,1,1.0,0
poi,2.5,poi-2.5.csv,org.apache.poi.hssf.record.EOFRecord,10,2,0,6,18,45,3,3,8,1.111111111,79,0.0,0,0.611111111,0.525,1,6,6.8,2,0.8,2
poi,2.5,poi-2.5.csv,org.apache.poi.hssf.record.LegendRecord,36,2,0,6,57,196,1,5,34,0.90931677,744,0.565217391,6,0.25,0.277777778,1,6,19.02777778,2,0.9444,2
poi,2.5,poi-2.5.csv,org.apache.poi.hssf.record.MulBlankRecord,14,2,0,6,25,77,3,3,11,0.861538462,212,0.8,0,0.5,0.517857143,1,5,13.78571429,2,1.0,2
poi,2.5,poi-2.5.csv,org.apache.poi.util.StringUtil,12,1,0,15,37,66,15,0,10,1.090909091,494,1.0,0,0.0,0.273809524,0,0,40.08333333,10,2.5833,1
poi,2.5,poi-2.5.csv,org.apache.poi.hssf.record.CalcModeRecord,12,2,0,5,22,54,2,3,10,0.981818182,120,0.2,0,0.55,0.5,1,6,8.583333333,2,0.8333,2
poi,2.5,poi-2.5.csv,org.apache.poi.hssf.record.BeginRecord,9,2,0,4,17,36,1,3,7,1.125,72,0.0,0,0.647058824,0.555555556,1,6,6.888888889,2,0.7778,2
poi,2.5,poi-2.5.csv,org.apache.poi.ddf.EscherClientDataRecord,9,2,0,10,27,6,5,5,9,0.875,180,0.333333333,0,0.703703704,0.355555556,1,5,18.66666667,2,1.1111,0
poi,2.5,poi-2.5.csv,org.apache.poi.hssf.record.LabelRecord,23,2,0,7,37,219,2,5,21,0.850649351,345,0.857142857,0,0.35483871,0.347826087,1,5,13.69565217,6,1.5652,2
poi,2.5,poi-2.5.csv,org.apache.poi.hssf.record.FooterRecord,14,2,0,8,26,69,4,4,12,0.743589744,187,0.666666667,0,0.5,0.321428571,1,6,12.14285714,3,1.1429,2
poi,2.5,poi-2.5.csv,org.apache.poi.hssf.record.formula.AreaPtg,29,2,0,7,53,100,2,6,28,0.75,556,0.888888889,3,0.212121212,0.221674877,1,2,17.86206897,5,1.0345,2
poi,2.5,poi-2.5.csv,org.apache.poi.hssf.record.CustomField,4,1,0,1,4,6,1,0,4,2.0,4,0.0,0,0.0,0.5,0,0,0.0,1,1.0,1
poi,2.5,poi-2.5.csv,org.apache.poi.hssf.usermodel.HSSFErrorConstants,0,1,0,0,0,0,0,0,0,2.0,7,0.0,0,0.0,0.0,0,0,0.0,0,0.0,0
poi,2.5,poi-2.5.csv,org.apache.poi.ddf.EscherDggRecord,17,2,0,10,48,38,3,8,17,0.822916667,419,0.666666667,1,0.542857143,0.274509804,1,5,23.29411765,3,1.1765,0
poi,2.5,poi-2.5.csv,org.apache.poi.hssf.record.formula.UnionPtg,9,2,0,4,13,36,2,2,9,1.125,58,0.0,0,0.3,0.333333333,0,0,5.333333333,1,0.7778,1
poi,2.5,poi-2.5.csv,org.apache.poi.poifs.filesystem.POIFSDocumentPath,9,1,0,10,20,0,10,0,9,0.25,294,1.0,0,0.0,0.311111111,1,1,31.44444444,7,1.8889,0
poi,2.5,poi-2.5.csv,org.apache.poi.poifs.storage.SmallBlockTableWriter,6,1,0,7,22,3,1,6,6,0.75,111,1.0,2,0.0,0.333333333,0,0,16.83333333,1,0.8333,0
poi,2.5,poi-2.5.csv,org.apache.poi.hssf.record.aggregates.RowRecordsAggregate,22,2,0,3,47,175,1,2,20,0.630952381,475,0.0,0,0.34375,0.303030303,1,5,20.40909091,7,2.0909,3
poi,2.5,poi-2.5.csv,org.apache.poi.hssf.record.formula.AttrPtg,25,2,0,6,39,106,2,4,25,0.753787879,487,0.909090909,7,0.115384615,0.18,0,0,18.04,8,1.32,2
poi,2.5,poi-2.5.csv,org.apache.poi.util.POILogger,26,1,3,11,42,325,10,1,22,1.04,693,0.0,0,0.0,0.544871795,0,0,25.46153846,10,1.9615,0
poi,2.5,poi-2.5.csv,org.apache.poi.hpsf.Thumbnail,8,1,0,2,12,8,0,2,7,0.821428571,129,0.083333333,0,0.0,0.642857143,0,0,13.625,1,0.625,1
poi,2.5,poi-2.5.csv,org.apache.poi.ddf.EscherRGBProperty,5,3,0,4,6,0,3,1,5,2.0,37,0.0,0,0.777777778,0.466666667,0,0,6.4,1,0.8,0
poi,2.5,poi-2.5.csv,org.apache.poi.hssf.model.PolygonShape,5,2,0,17,48,6,1,17,2,0.916666667,439,0.666666667,2,0.555555556,0.55,1,1,86.2,4,1.4,1
poi,2.5,poi-2.5.csv,org.apache.poi.hssf.util.HSSFColor,6,1,48,50,56,15,50,46,6,1.2,923,1.0,0,0.0,0.666666667,0,0,152.5,1,0.8333,2
poi,2.5,poi-2.5.csv,org.apache.poi.hssf.record.UnicodeString,25,2,0,9,51,228,6,3,20,0.770833333,419,0.833333333,0,0.333333333,0.251428571,2,6,15.52,6,1.64,4
poi,2.5,poi-2.5.csv,org.apache.poi.util.IOUtils,3,1,0,3,5,3,3,0,2,2.0,43,0.0,0,0.0,0.5,0,0,13.33333333,1,0.6667,0
poi,2.5,poi-2.5.csv,org.apache.poi.hssf.record.formula.NumberPtg,10,2,0,4,18,39,2,3,9,0.851851852,78,0.333333333,0,0.5,0.283333333,1,2,6.5,1,0.7,1
poi,2.5,poi-2.5.csv,org.apache.poi.poifs.storage.RawDataBlock,3,1,0,7,10,0,5,2,3,0.25,78,1.0,0,0.0,0.666666667,0,0,24.33333333,1,0.6667,1
poi,2.5,poi-2.5.csv,org.apache.poi.util.ShortField,11,1,0,5,21,9,2,3,11,0.25,92,1.0,0,0.0,0.454545455,0,0,7.181818182,1,0.6364,0
poi,2.5,poi-2.5.csv,org.apache.poi.ddf.EscherSpRecord,12,2,0,12,33,32,7,5,11,1.034090909,320,0.125,0,0.633333333,0.35,1,5,24.33333333,13,1.9167,1
poi,2.5,poi-2.5.csv,org.apache.poi.poifs.common.POIFSConstants,0,1,0,0,0,0,0,0,0,2.0,4,0.0,0,0.0,0.0,0,0,0.0,0,0.0,0
poi,2.5,poi-2.5.csv,org.apache.poi.hssf.record.IterationRecord,12,2,0,5,22,46,2,3,10,0.818181818,127,0.5,0,0.55,0.4,1,6,9.416666667,2,1.0,2
poi,2.5,poi-2.5.csv,org.apache.poi.util.DrawingDump,2,1,0,3,8,1,0,3,2,2.0,27,0.0,0,0.0,0.5,0,0,12.5,1,0.5,0
poi,2.5,poi-2.5.csv,org.apache.poi.poifs.storage.PropertyBlock,4,2,0,5,11,4,1,4,2,0.833333333,108,1.0,1,0.5,0.4,1,1,25.5,3,1.25,0
poi,2.5,poi-2.5.csv,org.apache.poi.hssf.record.formula.DividePtg,9,2,0,4,13,36,2,2,9,1.125,64,0.0,0,0.3,0.333333333,0,0,5.888888889,1,0.7778,2
poi,2.5,poi-2.5.csv,org.apache.poi.hssf.record.SSTDeserializer,23,1,0,5,46,123,1,4,4,0.659090909,668,1.0,1,0.0,0.267080745,0,0,27.60869565,8,2.3043,1
poi,2.5,poi-2.5.csv,org.apache.poi.hpsf.HPSFException,5,3,3,4,7,4,4,0,5,0.5,29,1.0,0,0.944444444,0.6,0,0,4.6,1,0.2,1
poi,2.5,poi-2.5.csv,org.apache.poi.hpsf.HPSFRuntimeException,5,4,2,5,7,4,5,0,5,0.5,29,1.0,0,0.944444444,0.6,0,0,4.6,1,0.2,1
poi,2.5,poi-2.5.csv,org.apache.poi.hssf.record.BoundSheetRecord,20,2,0,7,40,142,3,4,18,0.798245614,342,0.833333333,0,0.392857143,0.3,1,6,15.8,10,1.5,2
poi,2.5,poi-2.5.csv,org.apache.poi.hssf.record.BottomMarginRecord,12,2,0,6,23,46,2,4,10,0.818181818,122,0.5,0,0.55,0.4,1,6,9.0,2,0.8333,2
poi,2.5,poi-2.5.csv,org.apache.poi.hssf.eventusermodel.AbortableHSSFListener,3,1,0,4,4,3,1,3,3,2.0,7,0.0,0,0.0,0.833333333,0,0,1.333333333,1,0.6667,0
poi,2.5,poi-2.5.csv,org.apache.poi.hssf.record.MergeCellsRecord,15,2,0,6,39,49,3,4,13,0.75,369,0.5,0,0.47826087,0.516666667,1,6,23.46666667,2,1.2667,1
poi,2.5,poi-2.5.csv,org.apache.poi.hssf.record.ExternSheetSubRecord,15,2,0,4,25,87,2,2,13,0.803571429,143,0.75,0,0.47826087,0.483333333,1,6,8.266666667,1,0.8,2
poi,2.5,poi-2.5.csv,org.apache.poi.hssf.record.WindowProtectRecord,11,2,0,5,21,43,2,3,9,0.85,117,0.5,0,0.578947368,0.418181818,1,6,9.454545455,2,1.0,2
poi,2.5,poi-2.5.csv,org.apache.poi.hssf.record.SelectionRecord,20,2,0,5,31,138,2,3,18,0.827067669,306,0.857142857,0,0.392857143,0.36,1,6,13.95,2,0.9,2
poi,2.5,poi-2.5.csv,org.apache.poi.hssf.model.SimpleFilledShape,6,2,0,12,36,11,1,12,2,0.8,173,1.0,2,0.5,0.541666667,1,1,27.5,3,1.1667,0
poi,2.5,poi-2.5.csv,org.apache.poi.util.POILogFactory,4,1,0,8,15,4,6,2,2,0.333333333,55,1.0,0,0.0,0.333333333,0,0,12.5,2,0.75,0
poi,2.5,poi-2.5.csv,org.apache.poi.ddf.EscherDump,9,1,0,8,45,36,1,8,5,2.0,3581,0.0,0,0.0,0.296296296,0,0,396.8888889,3,1.3333,0
poi,2.5,poi-2.5.csv,org.apache.poi.hssf.record.ExtendedFormatRecord,96,2,0,9,117,3214,5,4,93,0.981194559,1478,0.483146067,34,0.106796117,0.313684211,1,6,13.46875,3,0.9896,2
poi,2.5,poi-2.5.csv,org.apache.poi.hssf.record.formula.ConcatPtg,9,2,0,4,13,36,2,2,9,1.125,60,0.333333333,0,0.3,0.333333333,0,0,5.333333333,1,0.7778,2
poi,2.5,poi-2.5.csv,org.apache.poi.hssf.record.formula.GreaterEqualPtg,9,2,0,4,13,36,2,2,9,1.125,62,0.0,0,0.3,0.333333333,0,0,5.666666667,1,0.7778,1
poi,2.5,poi-2.5.csv,org.apache.poi.hssf.record.DataFormatRecord,20,2,0,6,37,88,1,5,18,0.763157895,348,0.833333333,1,0.392857143,0.36,1,6,16.1,2,0.9,2
poi,2.5,poi-2.5.csv,org.apache.poi.hpsf.NoSingleSectionException,4,5,0,2,8,6,1,1,4,2.0,20,0.0,0,1.0,0.666666667,0,0,4.0,0,0.0,1
poi,2.5,poi-2.5.csv,org.apache.poi.poifs.storage.RawDataBlockList,5,2,0,8,16,10,4,4,5,2.0,50,0.0,0,0.555555556,0.5,0,0,9.0,1,0.8,0
poi,2.5,poi-2.5.csv,org.apache.poi.hssf.usermodel.HSSFSimpleShape,3,2,1,10,4,0,8,2,2,1.125,22,0.0,0,0.888888889,0.5,0,0,5.0,1,0.6667,1
poi,2.5,poi-2.5.csv,org.apache.poi.hssf.record.ExternSheetRecord,14,2,0,6,33,65,2,4,12,0.743589744,229,0.666666667,0,0.5,0.4,1,6,15.14285714,2,1.0714,2
poi,2.5,poi-2.5.csv,org.apache.poi.hssf.usermodel.HSSFShape,17,1,3,14,19,84,11,3,16,0.994047619,152,0.0,2,0.0,0.317647059,0,0,6.705882353,4,1.1176,0
poi,2.5,poi-2.5.csv,org.apache.poi.util.HexDump,13,1,0,63,35,60,63,0,8,0.333333333,618,0.666666667,0,0.0,0.212962963,0,0,46.30769231,10,1.8462,0
poi,2.5,poi-2.5.csv,org.apache.poi.hssf.record.formula.UnaryPlusPtg,10,2,0,4,14,45,2,2,10,1.111111111,59,0.333333333,0,0.272727273,0.32,0,0,4.6,1,0.8,1
poi,2.5,poi-2.5.csv,org.apache.poi.hssf.record.DrawingRecord,11,2,0,5,17,25,2,3,8,0.8,126,0.5,0,0.578947368,0.568181818,1,5,10.27272727,3,1.2727,1
poi,2.5,poi-2.5.csv,org.apache.poi.hssf.record.RecordFactory,7,1,0,15,56,9,4,11,5,0.722222222,743,1.0,0,0.0,0.166666667,0,0,104.7142857,8,2.0,7
poi,2.5,poi-2.5.csv,org.apache.poi.hssf.usermodel.HSSFTextbox,11,3,0,9,14,41,5,4,11,0.916666667,66,0.0,1,0.642857143,0.327272727,0,0,4.454545455,1,0.9091,0
poi,2.5,poi-2.5.csv,org.apache.poi.hssf.record.aggregates.ValueRecordsAggregate,14,2,0,8,34,41,1,7,12,0.711538462,225,0.0,0,0.458333333,0.285714286,1,5,14.78571429,9,2.0,7
poi,2.5,poi-2.5.csv,org.apache.poi.hssf.record.PaletteRecord,13,2,0,8,32,52,4,4,11,0.933333333,1216,0.4,0,0.55,0.415384615,1,6,92.15384615,4,1.3846,2
poi,2.5,poi-2.5.csv,org.apache.poi.hssf.usermodel.HSSFClientAnchor,16,2,0,7,30,54,4,3,14,0.7,388,0.0,0,0.416666667,0.3625,1,1,23.0,4,1.5625,0
poi,2.5,poi-2.5.csv,org.apache.poi.hssf.record.formula.ControlPtg,1,2,1,2,2,0,1,1,1,2.0,4,0.0,0,1.0,1.0,0,0,3.0,0,0.0,0
poi,2.5,poi-2.5.csv,org.apache.poi.hssf.record.PlotGrowthRecord,14,2,0,5,27,57,1,4,12,0.769230769,195,0.666666667,0,0.5,0.482142857,1,6,12.71428571,2,0.8571,2
poi,2.5,poi-2.5.csv,org.apache.poi.hpsf.IllegalPropertySetDataException,4,5,0,1,8,6,0,1,4,2.0,20,0.0,0,1.0,0.666666667,0,0,4.0,0,0.0,1
poi,2.5,poi-2.5.csv,org.apache.poi.poifs.property.RootProperty,3,3,0,8,10,3,6,2,1,2.0,27,0.0,0,0.971428571,0.666666667,1,1,8.0,1,0.3333,0
poi,2.5,poi-2.5.csv,org.apache.poi.hssf.record.aggregates.ColumnInfoRecordsAggregate,25,2,0,3,67,22,1,2,22,0.5,961,0.0,0,0.314285714,0.244444444,1,5,37.36,23,3.6,2
poi,2.5,poi-2.5.csv,org.apache.poi.poifs.storage.SmallDocumentBlockList,5,2,0,5,12,10,1,4,5,2.0,32,0.0,0,0.555555556,0.5,0,0,5.4,1,0.8,0
poi,2.5,poi-2.5.csv,org.apache.poi.hpsf.TypeReader,2,1,0,3,16,1,1,2,2,2.0,231,0.0,0,0.0,0.5,0,0,114.5,17,8.5,0
poi,2.5,poi-2.5.csv,org.apache.poi.hssf.util.AreaReference,5,1,0,3,21,0,2,1,4,0.5,149,1.0,1,0.0,0.7,0,0,28.4,2,1.2,0
poi,2.5,poi-2.5.csv,org.apache.poi.hssf.record.BarRecord,24,2,0,6,41,38,1,5,22,0.75,429,0.875,4,0.34375,0.35,1,6,16.54166667,2,0.9167,2
poi,2.5,poi-2.5.csv,org.apache.poi.hssf.record.BackupRecord,11,2,0,6,21,49,3,3,9,0.85,106,0.5,0,0.578947368,0.522727273,1,6,8.454545455,2,0.8182,2
poi,2.5,poi-2.5.csv,org.apache.poi.hssf.usermodel.HSSFShapeContainer,1,1,0,3,1,0,3,0,1,2.0,1,0.0,0,0.0,1.0,0,0,0.0,1,1.0,0
poi,2.5,poi-2.5.csv,org.apache.poi.hssf.record.LineFormatRecord,26,2,0,6,46,117,1,5,24,0.936363636,505,0.363636364,3,0.323529412,0.346153846,1,6,17.57692308,2,0.9231,2
poi,2.5,poi-2.5.csv,org.apache.poi.hssf.record.DefaultDataLabelTextPropertiesRecord,12,2,0,5,24,46,1,4,10,0.981818182,144,0.2,0,0.55,0.5,1,6,10.58333333,2,0.8333,2
poi,2.5,poi-2.5.csv,org.apache.poi.hssf.record.RKRecord,24,2,0,9,50,244,3,6,22,0.90821256,402,0.444444444,0,0.34375,0.284722222,1,5,15.375,6,1.4583,2
poi,2.5,poi-2.5.csv,org.apache.poi.hssf.eventmodel.ListenerWrapper,2,1,0,3,5,0,1,2,1,0.0,49,1.0,1,0.0,0.6,0,0,22.0,5,2.5,0
poi,2.5,poi-2.5.csv,org.apache.poi.hssf.record.EndSubRecord,10,3,0,8,18,45,6,3,8,1.111111111,86,0.0,0,0.631578947,0.525,1,6,7.5,2,0.8,2
poi,2.5,poi-2.5.csv,org.apache.poi.hssf.record.SeriesListRecord,12,2,0,4,24,36,1,3,10,0.772727273,143,0.5,0,0.55,0.4,1,6,10.75,2,0.8333,2
poi,2.5,poi-2.5.csv,org.apache.poi.hssf.record.formula.AbstractFunctionPtg,16,2,2,6,31,102,3,3,11,0.933333333,9857,0.75,1,0.176470588,0.19047619,0,0,614.5625,5,1.1875,1
poi,2.5,poi-2.5.csv,org.apache.poi.ddf.EscherRecordFactory,1,1,0,19,1,0,19,1,1,2.0,1,0.0,0,0.0,1.0,0,0,0.0,1,1.0,0
poi,2.5,poi-2.5.csv,org.apache.poi.hssf.record.AxisRecord,20,2,0,5,35,114,1,4,18,0.877192982,360,0.555555556,0,0.392857143,0.45,1,6,16.55,2,0.9,2
poi,2.5,poi-2.5.csv,org.apache.poi.poifs.filesystem.POIFSFileSystem,17,1,0,37,95,106,10,28,13,0.354166667,461,1.0,2,0.0,0.14479638,0,0,25.94117647,2,1.1176,0
poi,2.5,poi-2.5.csv,org.apache.poi.hssf.record.ExtSSTInfoSubRecord,13,2,0,3,24,64,1,2,11,0.883333333,143,0.6,0,0.523809524,0.5,1,6,9.615384615,1,0.7692,1
poi,2.5,poi-2.5.csv,org.apache.poi.poifs.filesystem.DirectoryNode,20,2,0,14,65,94,3,14,15,0.649122807,327,1.0,2,0.321428571,0.154545455,1,1,15.2,3,1.15,0
poi,2.5,poi-2.5.csv,org.apache.poi.hssf.usermodel.HSSFChildAnchor,5,2,0,5,7,6,4,1,5,2.0,46,0.0,0,0.769230769,0.7,1,1,8.2,2,1.0,0
poi,2.5,poi-2.5.csv,org.apache.poi.dev.RecordGenerator,3,1,0,1,30,3,0,1,2,2.0,315,0.0,0,0.0,0.333333333,0,0,104.0,1,0.6667,1
poi,2.5,poi-2.5.csv,org.apache.poi.hssf.record.LeftMarginRecord,12,2,0,6,23,46,2,4,10,0.818181818,122,0.5,0,0.55,0.4,1,6,9.0,2,0.8333,2
poi,2.5,poi-2.5.csv,org.apache.poi.ddf.NullEscherSerializationListener,3,1,0,3,4,3,2,2,3,2.0,8,0.0,0,0.0,0.75,0,0,1.666666667,1,0.6667,0
poi,2.5,poi-2.5.csv,org.apache.poi.hssf.record.formula.SubtractPtg,9,2,0,4,13,36,2,2,9,1.125,59,0.0,0,0.3,0.333333333,0,0,5.333333333,1,0.7778,1
poi,2.5,poi-2.5.csv,org.apache.poi.hssf.record.PlotAreaRecord,10,2,0,4,18,45,1,3,8,1.111111111,87,0.0,0,0.611111111,0.525,1,6,7.6,2,0.8,2
poi,2.5,poi-2.5.csv,org.apache.poi.poifs.filesystem.POIFSDocument,16,1,0,20,55,0,9,14,14,0.5,453,1.0,3,0.0,0.198863636,0,0,27.0625,6,1.0625,0
poi,2.5,poi-2.5.csv,org.apache.poi.hssf.record.CellValueRecordInterface,10,1,0,13,10,45,13,0,10,2.0,10,0.0,0,0.0,0.4,0,0,0.0,1,1.0,0
poi,2.5,poi-2.5.csv,org.apache.poi.hssf.record.InterfaceEndRecord,9,2,0,5,17,36,2,3,7,1.125,72,0.0,0,0.647058824,0.555555556,1,6,6.888888889,2,0.7778,2
poi,2.5,poi-2.5.csv,org.apache.poi.hssf.record.AxisParentRecord,20,2,0,5,35,114,1,4,18,0.855263158,359,0.625,0,0.392857143,0.45,1,6,16.55,2,0.9,2
poi,2.5,poi-2.5.csv,org.apache.poi.hssf.eventmodel.ModelFactoryListener,1,1,0,2,1,0,1,1,1,2.0,1,0.0,0,0.0,1.0,0,0,0.0,1,1.0,0
poi,2.5,poi-2.5.csv,org.apache.poi.poifs.storage.ListManagedBlock,1,1,0,13,1,0,13,0,1,2.0,1,0.0,0,0.0,1.0,0,0,0.0,1,1.0,0
poi,2.5,poi-2.5.csv,org.apache.poi.hssf.record.UnknownRecord,11,2,0,10,22,0,7,3,8,0.35,180,1.0,0,0.578947368,0.545454545,1,6,15.18181818,3,1.0,3
poi,2.5,poi-2.5.csv,org.apache.poi.ddf.EscherSerializationListener,2,1,0,19,2,1,19,1,2,2.0,2,0.0,0,0.0,1.0,0,0,0.0,1,1.0,0
poi,2.5,poi-2.5.csv,org.apache.poi.hssf.record.AxisUsedRecord,12,2,0,5,24,46,1,4,10,0.818181818,141,0.5,0,0.55,0.5,1,6,10.58333333,2,0.8333,2
poi,2.5,poi-2.5.csv,org.apache.poi.hpsf.SummaryInformation,19,3,0,4,29,171,1,3,19,1.055555556,128,0.0,0,0.581395349,0.526315789,0,0,5.684210526,1,0.9474,2
poi,2.5,poi-2.5.csv,org.apache.poi.poifs.eventfilesystem.POIFSReaderListener,1,1,0,4,1,0,3,1,1,2.0,1,0.0,0,0.0,1.0,0,0,0.0,1,1.0,0
poi,2.5,poi-2.5.csv,org.apache.poi.hssf.record.ChartRecord,18,2,0,5,31,91,1,4,16,0.776470588,303,0.8,0,0.423076923,0.458333333,1,6,15.55555556,2,0.8889,2
poi,2.5,poi-2.5.csv,org.apache.poi.hssf.record.VCenterRecord,12,2,0,6,22,46,3,3,10,0.818181818,128,0.5,0,0.55,0.4,1,6,9.5,2,1.0,2
poi,2.5,poi-2.5.csv,org.apache.poi.hssf.util.RKUtil,2,1,0,2,4,1,2,0,1,2.0,39,0.0,0,0.0,0.5,0,0,18.5,3,1.5,0
poi,2.5,poi-2.5.csv,org.apache.poi.ddf.EscherContainerRecord,11,2,0,14,46,25,8,6,11,0.957142857,366,0.142857143,0,0.655172414,0.222222222,1,6,31.63636364,3,1.8182,0
poi,2.5,poi-2.5.csv,org.apache.poi.hssf.record.FontRecord,38,2,0,9,56,511,4,5,35,0.938063063,604,0.625,4,0.244444444,0.239382239,1,6,14.26315789,3,1.0,2
poi,2.5,poi-2.5.csv,org.apache.poi.hssf.record.SeriesIndexRecord,12,2,0,5,24,46,1,4,10,0.818181818,141,0.5,0,0.55,0.5,1,6,10.58333333,2,0.8333,2
poi,2.5,poi-2.5.csv,org.apache.poi.util.BitField,18,1,0,34,19,107,34,0,18,0.382352941,170,1.0,0,0.0,0.433333333,0,0,8.333333333,2,1.2222,0
poi,2.5,poi-2.5.csv,org.apache.poi.util.BlockingInputStream,10,2,0,0,19,0,0,0,10,0.0,86,1.0,0,0.5,0.32,1,2,7.5,1,0.9,0
poi,2.5,poi-2.5.csv,org.apache.poi.hssf.record.AreaFormatRecord,26,2,0,6,46,153,1,5,24,0.8,501,0.888888889,2,0.323529412,0.346153846,1,6,17.92307692,2,0.9231,2
poi,2.5,poi-2.5.csv,org.apache.poi.hssf.record.UseSelFSRecord,11,2,0,5,21,49,2,3,9,0.975,108,0.25,0,0.578947368,0.522727273,1,6,8.454545455,2,0.8182,2
poi,2.5,poi-2.5.csv,org.apache.poi.hssf.model.Workbook,86,1,0,98,300,2749,45,54,48,0.914285714,3446,1.0,5,0.0,0.167320261,0,0,38.90697674,35,2.2209,7
poi,2.5,poi-2.5.csv,org.apache.poi.hpsf.Util,6,1,0,2,8,15,2,0,6,1.2,139,0.0,0,0.0,0.333333333,0,0,22.0,4,2.0,1
poi,2.5,poi-2.5.csv,org.apache.poi.hssf.record.formula.LessThanPtg,10,2,0,4,14,45,2,2,10,1.111111111,67,0.333333333,0,0.272727273,0.32,0,0,5.4,1,0.8,1
poi,2.5,poi-2.5.csv,org.apache.poi.util.NullLogger,23,2,0,2,24,253,1,1,23,2.0,49,0.0,0,0.52173913,0.669565217,1,2,1.130434783,1,0.9565,0
poi,2.5,poi-2.5.csv,org.apache.poi.hpsf.NoPropertySetStreamException,4,4,0,3,8,6,2,1,4,2.0,20,0.0,0,1.0,0.666666667,0,0,4.0,0,0.0,0
poi,2.5,poi-2.5.csv,org.apache.poi.ddf.EscherBlipRecord,32,2,0,7,64,312,1,6,32,0.909274194,614,0.8125,0,0.38,0.265625,1,5,17.6875,1,0.9688,0
poi,2.5,poi-2.5.csv,org.apache.poi.hssf.record.HideObjRecord,11,2,0,5,21,49,2,3,9,1.0,109,0.2,0,0.578947368,0.522727273,1,6,8.454545455,2,0.8182,2
poi,2.5,poi-2.5.csv,org.apache.poi.hssf.record.DefaultRowHeightRecord,14,2,0,5,24,69,2,3,12,0.769230769,155,0.666666667,0,0.5,0.482142857,1,6,9.857142857,2,0.8571,2
poi,2.5,poi-2.5.csv,org.apache.poi.poifs.filesystem.EntryNode,10,1,2,6,14,19,3,4,6,0.611111111,71,1.0,2,0.0,0.325,0,0,5.9,3,1.3,0
poi,2.5,poi-2.5.csv,org.apache.poi.hssf.record.formula.IntPtg,10,2,0,4,18,33,2,3,9,0.866666667,89,0.6,0,0.5,0.283333333,1,2,7.4,1,0.7,1
poi,2.5,poi-2.5.csv,org.apache.poi.hssf.util.SheetReferences,3,1,0,3,8,0,3,0,3,0.0,32,0.0,0,0.0,0.666666667,0,0,9.333333333,1,0.6667,0
poi,2.5,poi-2.5.csv,org.apache.poi.hssf.record.FormulaRecord,37,2,0,12,80,470,6,6,32,0.863425926,866,0.833333333,0,0.244444444,0.219594595,1,6,22.08108108,7,1.8919,3
poi,2.5,poi-2.5.csv,org.apache.poi.util.ByteField,11,1,0,4,15,21,1,3,11,0.533333333,90,1.0,0,0.0,0.454545455,0,0,6.909090909,1,0.6364,0
poi,2.5,poi-2.5.csv,org.apache.poi.hssf.usermodel.EscherGraphics2d,80,3,0,3,153,3060,0,3,72,0.839059675,838,1.0,2,0.529761905,0.07962963,2,20,9.3875,3,1.1375,0
poi,2.5,poi-2.5.csv,org.apache.poi.hpsf.wellknown.PropertyIDMap,6,3,0,1,15,15,1,0,6,1.178378378,287,0.054054054,2,0.915254237,0.3,1,2,40.66666667,2,1.1667,1
poi,2.5,poi-2.5.csv,org.apache.poi.hssf.record.NumberFormatIndexRecord,12,2,0,4,24,46,0,4,10,0.818181818,141,0.5,0,0.55,0.5,1,6,10.58333333,2,0.8333,2
poi,2.5,poi-2.5.csv,org.apache.poi.hssf.record.SSTRecordHeader,2,1,0,3,5,0,2,1,2,0.0,42,0.0,0,0.0,0.833333333,0,0,19.0,1,0.5,1
poi,2.5,poi-2.5.csv,org.apache.poi.poifs.storage.BlockList,4,1,0,6,4,6,5,2,4,2.0,4,0.0,0,0.0,0.666666667,0,0,0.0,1,1.0,0
poi,2.5,poi-2.5.csv,org.apache.poi.hssf.record.SeriesRecord,22,2,0,5,34,141,1,4,20,0.957393484,423,0.315789474,0,0.366666667,0.443181818,1,6,17.36363636,2,0.9091,2
poi,2.5,poi-2.5.csv,org.apache.poi.poifs.property.PropertyFactory,2,1,0,5,10,1,1,4,0,2.0,82,0.0,0,0.0,0.5,0,0,40.0,1,0.5,0
poi,2.5,poi-2.5.csv,org.apache.poi.hssf.record.formula.NameXPtg,8,2,0,3,12,22,1,3,7,0.885714286,102,0.8,0,0.583333333,0.35,1,2,11.125,1,0.625,1
poi,2.5,poi-2.5.csv,org.apache.poi.hssf.usermodel.HSSFPolygon,8,2,0,7,9,14,5,2,6,0.785714286,73,0.0,0,0.695652174,0.325,0,0,7.625,2,1.0,0
poi,2.5,poi-2.5.csv,org.apache.poi.hssf.model.FormulaParser,54,1,0,33,141,651,3,30,7,0.766925638,1861,0.705882353,1,0.0,0.174004193,0,0,33.14814815,14,3.1667,5
poi,2.5,poi-2.5.csv,org.apache.poi.hssf.record.AreaRecord,18,2,0,6,35,1,1,5,16,0.670588235,276,0.8,3,0.423076923,0.366666667,1,6,14.05555556,2,0.8889,2
poi,2.5,poi-2.5.csv,org.apache.poi.hpsf.ClassID,8,1,0,8,19,0,7,1,8,0.642857143,333,0.5,0,0.0,0.46875,0,0,40.375,6,2.125,2
poi,2.5,poi-2.5.csv,org.apache.poi.poifs.filesystem.POIFSWriterListener,1,1,0,7,1,0,6,1,1,2.0,1,0.0,0,0.0,1.0,0,0,0.0,1,1.0,0
poi,2.5,poi-2.5.csv,org.apache.poi.hssf.record.CategorySeriesAxisRecord,24,2,0,6,41,82,1,5,22,0.766304348,438,0.875,3,0.34375,0.35,1,6,16.91666667,2,0.9167,2
poi,2.5,poi-2.5.csv,org.apache.poi.hssf.dev.EFBiffViewer,4,1,0,6,16,4,1,6,4,0.333333333,82,0.0,0,0.0,0.416666667,0,0,19.25,3,1.25,1
poi,2.5,poi-2.5.csv,org.apache.poi.hssf.record.WriteAccessRecord,11,2,0,7,29,43,2,5,9,0.85,154,0.5,0,0.578947368,0.418181818,1,6,12.81818182,2,0.9091,2
poi,2.5,poi-2.5.csv,org.apache.poi.hssf.record.PrecisionRecord,11,2,0,5,21,43,2,3,9,0.85,117,0.0,0,0.578947368,0.418181818,1,6,9.454545455,2,1.0,2
poi,2.5,poi-2.5.csv,org.apache.poi.hssf.record.CodepageRecord,11,2,0,5,21,49,2,3,9,0.933333333,107,0.333333333,0,0.578947368,0.522727273,1,6,8.454545455,2,0.8182,2
poi,2.5,poi-2.5.csv,org.apache.poi.hssf.record.TextObjectBaseRecord,38,2,1,6,60,255,1,5,36,0.924924925,801,0.518518519,6,0.239130435,0.331578947,1,6,19.36842105,2,0.9474,2
poi,2.5,poi-2.5.csv,org.apache.poi.hssf.usermodel.EscherGraphics,47,2,0,15,101,665,1,14,41,0.836956522,997,1.0,3,0.531914894,0.185618729,2,18,20.04255319,7,1.5319,0
poi,2.5,poi-2.5.csv,org.apache.poi.hssf.record.formula.FuncVarPtg,8,3,0,4,19,0,2,2,7,1.142857143,161,0.5,0,0.772727273,0.35,1,5,18.875,1,0.625,1
poi,2.5,poi-2.5.csv,org.apache.poi.util.ShortList,25,1,0,0,29,0,0,0,24,0.388888889,629,1.0,0,0.0,0.313333333,1,1,24.04,9,2.6,0
poi,2.5,poi-2.5.csv,org.apache.poi.hssf.record.formula.ParenthesisPtg,10,2,0,4,14,45,2,2,10,1.111111111,52,0.5,0,0.272727273,0.32,0,0,4.0,1,0.8,2
poi,2.5,poi-2.5.csv,org.apache.poi.poifs.storage.SmallBlockTableReader,2,1,0,9,8,1,2,7,2,2.0,24,0.0,0,0.0,0.5,0,0,11.0,1,0.5,0
poi,2.5,poi-2.5.csv,org.apache.poi.hssf.record.HCenterRecord,12,2,0,6,22,46,3,3,10,0.818181818,128,0.5,0,0.55,0.4,1,6,9.5,2,1.0,2
poi,2.5,poi-2.5.csv,org.apache.poi.hssf.record.TextObjectRecord,13,3,0,10,65,0,3,7,9,0.375,644,0.0,1,0.821428571,0.369230769,3,5,48.38461538,4,1.5385,2
poi,2.5,poi-2.5.csv,org.apache.poi.util.IntList,25,1,0,4,29,0,4,0,24,0.388888889,629,1.0,0,0.0,0.36,1,1,24.04,9,2.6,0
poi,2.5,poi-2.5.csv,org.apache.poi.hssf.record.BookBoolRecord,11,2,0,5,21,43,2,3,9,0.85,106,0.5,0,0.578947368,0.522727273,1,6,8.454545455,2,0.8182,2
poi,2.5,poi-2.5.csv,org.apache.poi.poifs.filesystem.DirectoryEntry,9,1,0,8,9,36,5,4,9,2.0,9,0.0,0,0.0,0.314814815,0,0,0.0,1,1.0,0
poi,2.5,poi-2.5.csv,org.apache.poi.hssf.usermodel.HSSFCellStyle,42,1,0,6,89,0,4,2,41,1.0,361,0.066666667,1,0.0,0.304761905,0,0,6.523809524,5,1.0952,2
poi,2.5,poi-2.5.csv,org.apache.poi.hssf.eventmodel.ERFListener,1,1,0,4,1,0,3,1,1,2.0,1,0.0,0,0.0,1.0,0,0,0.0,1,1.0,0
poi,2.5,poi-2.5.csv,org.apache.poi.hssf.record.SupBookRecord,13,2,0,5,24,56,2,3,11,0.777777778,141,0.666666667,0,0.523809524,0.5,1,6,9.615384615,2,0.8462,2
poi,2.5,poi-2.5.csv,org.apache.poi.hssf.record.TopMarginRecord,12,2,0,6,23,46,2,4,10,0.818181818,122,0.5,0,0.55,0.4,1,6,9.0,2,0.8333,2
poi,2.5,poi-2.5.csv,org.apache.poi.hssf.record.formula.BoolPtg,10,2,0,3,12,3,2,2,9,0.916666667,87,0.5,0,0.5,0.283333333,1,2,7.3,2,0.9,2
poi,2.5,poi-2.5.csv,org.apache.poi.hssf.usermodel.FontDetails,9,1,0,2,32,20,2,0,8,0.625,291,1.0,0,0.0,0.301587302,0,0,31.0,8,2.4444,0
poi,2.5,poi-2.5.csv,org.apache.poi.hssf.record.DSFRecord,11,2,0,5,21,49,2,3,9,0.85,106,0.5,0,0.578947368,0.522727273,1,6,8.454545455,2,0.8182,2
poi,2.5,poi-2.5.csv,org.apache.poi.ddf.EscherOptRecord,12,2,0,15,49,0,8,8,11,0.757575758,269,0.333333333,0,0.633333333,0.277777778,1,5,21.16666667,3,1.25,0
poi,2.5,poi-2.5.csv,org.apache.poi.hssf.record.AxisLineFormatRecord,12,2,0,5,24,46,1,4,10,1.0,145,0.166666667,0,0.55,0.5,1,6,10.58333333,2,0.8333,2
poi,2.5,poi-2.5.csv,org.apache.poi.hssf.record.BoolErrRecord,30,2,0,6,50,327,2,4,28,0.775862069,505,0.833333333,0,0.289473684,0.216666667,1,6,15.63333333,8,2.0667,2
poi,2.5,poi-2.5.csv,org.apache.poi.hssf.record.FrameRecord,18,2,0,6,35,37,1,5,16,0.806722689,287,0.571428571,2,0.423076923,0.366666667,1,6,14.55555556,2,0.8889,2
poi,2.5,poi-2.5.csv,org.apache.poi.poifs.eventfilesystem.POIFSReader,7,1,0,17,51,3,0,17,6,0.083333333,282,1.0,1,0.0,0.303571429,0,0,39.0,6,1.8571,0
poi,2.5,poi-2.5.csv,org.apache.poi.hssf.record.formula.PowerPtg,9,2,0,4,13,36,2,2,9,1.125,62,0.0,0,0.3,0.333333333,0,0,5.666666667,1,0.7778,1
poi,2.5,poi-2.5.csv,org.apache.poi.poifs.dev.POIFSViewEngine,4,1,0,2,24,4,1,1,2,0.333333333,146,1.0,0,0.0,0.466666667,0,0,35.25,3,1.25,0
poi,2.5,poi-2.5.csv,org.apache.poi.hssf.record.RightMarginRecord,12,2,0,6,23,46,2,4,10,0.818181818,122,0.5,0,0.55,0.4,1,6,9.0,2,0.8333,2
poi,2.5,poi-2.5.csv,org.apache.poi.hssf.record.SSTRecord,25,2,0,13,74,94,3,10,20,0.897435897,490,0.384615385,2,0.333333333,0.262857143,2,7,18.08,6,1.52,2
poi,2.5,poi-2.5.csv,org.apache.poi.hssf.dev.EFHSSF,6,1,0,17,45,5,1,17,6,0.55,247,0.0,2,0.0,0.375,0,0,39.5,10,2.6667,1
poi,2.5,poi-2.5.csv,org.apache.poi.hssf.record.SSTSerializer,12,1,0,7,35,16,2,6,8,0.727272727,359,0.555555556,2,0.0,0.319444444,0,0,28.16666667,9,2.0,3
poi,2.5,poi-2.5.csv,org.apache.poi.util.SystemOutLogger,4,2,0,1,12,4,0,1,4,0.666666667,44,1.0,0,0.888888889,0.5,1,1,9.75,2,1.25,0
poi,2.5,poi-2.5.csv,org.apache.poi.poifs.filesystem.DocumentOutputStream,8,2,0,3,15,4,3,0,5,0.428571429,90,1.0,0,0.416666667,0.425,1,1,9.875,1,0.875,0
poi,2.5,poi-2.5.csv,org.apache.poi.hssf.model.LineShape,5,2,0,16,41,6,1,16,2,0.75,181,1.0,2,0.555555556,0.55,1,1,34.8,3,1.2,0
poi,2.5,poi-2.5.csv,org.apache.poi.hssf.record.IndexRecord,18,2,0,6,40,103,2,4,16,0.848739496,327,0.0,1,0.423076923,0.472222222,1,6,16.77777778,2,1.1667,3
poi,2.5,poi-2.5.csv,org.apache.poi.hssf.record.WindowTwoRecord,48,2,0,7,64,162,3,4,46,0.861702128,891,0.95,12,0.196428571,0.325,1,6,17.14583333,3,1.0,2
poi,2.5,poi-2.5.csv,org.apache.poi.poifs.storage.BlockAllocationTableReader,7,1,0,12,29,1,7,6,1,0.0,257,1.0,1,0.0,0.514285714,0,0,35.57142857,2,0.7143,0
poi,2.5,poi-2.5.csv,org.apache.poi.hpsf.UnexpectedPropertySetTypeException,4,4,0,4,8,6,3,1,4,2.0,20,0.0,0,1.0,0.666666667,0,0,4.0,0,0.0,1
poi,2.5,poi-2.5.csv,org.apache.poi.util.BinaryTree,57,2,0,18,87,1362,17,7,17,0.927083333,1806,1.0,1,0.25,0.265306122,1,7,30.47368421,19,2.5263,0
poi,2.5,poi-2.5.csv,org.apache.poi.hssf.record.formula.OperationPtg,5,2,18,21,6,10,20,1,5,1.25,13,0.0,0,0.636363636,0.6,0,0,1.0,1,0.8,0
poi,2.5,poi-2.5.csv,org.apache.poi.hssf.eventusermodel.HSSFEventFactory,6,1,0,10,19,15,2,8,5,2.0,171,0.0,0,0.0,0.666666667,0,0,27.5,1,0.8333,2
poi,2.5,poi-2.5.csv,org.apache.poi.hssf.record.EndRecord,9,2,0,4,17,36,1,3,7,1.125,72,0.0,0,0.647058824,0.555555556,1,6,6.888888889,2,0.7778,2
poi,2.5,poi-2.5.csv,org.apache.poi.hssf.model.WorkbookRecordList,28,1,0,2,35,198,1,1,28,0.841750842,388,1.0,0,0.0,0.383928571,0,0,12.46428571,12,1.75,1
poi,2.5,poi-2.5.csv,org.apache.poi.hssf.record.PrintSetupRecord,49,2,0,8,66,664,4,4,46,0.902083333,728,0.95,8,0.196428571,0.270833333,1,6,13.44897959,2,0.9388,2
poi,2.5,poi-2.5.csv,org.apache.poi.hssf.record.SeriesToChartGroupRecord,12,2,0,5,24,46,1,4,10,0.818181818,141,0.5,0,0.55,0.5,1,6,10.58333333,2,0.8333,2
poi,2.5,poi-2.5.csv,org.apache.poi.hssf.record.ProtectionRev4Record,11,2,0,5,21,43,2,3,9,0.85,116,0.5,0,0.578947368,0.418181818,1,6,9.363636364,2,1.0,2
poi,2.5,poi-2.5.csv,org.apache.poi.hssf.record.TickRecord,38,2,0,6,61,367,1,5,36,0.854054054,807,0.933333333,4,0.239130435,0.276315789,1,6,19.84210526,2,0.9474,2
poi,2.5,poi-2.5.csv,org.apache.poi.hssf.record.StyleRecord,24,2,0,7,39,204,2,5,21,0.882608696,418,0.7,1,0.34375,0.298611111,1,6,16.0,4,1.2917,2
poi,2.5,poi-2.5.csv,org.apache.poi.hssf.record.formula.Area3DPtg,34,2,0,10,60,187,4,7,34,0.747474747,728,0.888888889,2,0.184210526,0.198529412,2,3,20.14705882,8,1.4118,2
poi,2.5,poi-2.5.csv,org.apache.poi.hssf.record.WSBoolRecord,31,2,0,7,44,171,3,4,28,0.863888889,406,0.916666667,9,0.289473684,0.283333333,1,6,11.70967742,2,0.9032,2
poi,2.5,poi-2.5.csv,org.apache.poi.hssf.record.formula.EqualPtg,9,2,0,4,13,36,2,2,9,1.125,62,0.0,0,0.3,0.333333333,0,0,5.666666667,1,0.7778,1
poi,2.5,poi-2.5.csv,org.apache.poi.util.IntegerField,11,1,0,7,17,9,4,3,11,0.25,85,1.0,0,0.0,0.522727273,0,0,6.545454545,1,0.6364,0
poi,2.5,poi-2.5.csv,org.apache.poi.poifs.dev.POIFSViewer,3,1,0,2,21,3,0,2,2,2.0,112,0.0,0,0.0,0.333333333,0,0,36.33333333,4,2.3333,0
poi,2.5,poi-2.5.csv,org.apache.poi.hssf.usermodel.StaticFontMetrics,3,1,0,2,24,1,1,1,1,0.75,121,1.0,0,0.0,0.5,0,0,38.66666667,8,2.6667,0
poi,2.5,poi-2.5.csv,org.apache.poi.hssf.record.PrintGridlinesRecord,12,2,0,6,22,46,3,3,10,0.818181818,128,0.5,0,0.55,0.4,1,6,9.5,2,1.0,2
poi,2.5,poi-2.5.csv,org.apache.poi.poifs.property.Parent,4,1,0,3,4,6,1,2,4,2.0,4,0.0,0,0.0,0.583333333,0,0,0.0,1,1.0,0
poi,2.5,poi-2.5.csv,org.apache.poi.poifs.eventfilesystem.POIFSReaderEvent,4,1,0,5,5,0,3,2,3,0.666666667,28,1.0,2,0.0,0.4375,0,0,5.25,1,0.75,0
poi,2.5,poi-2.5.csv,org.apache.poi.hssf.record.SeriesTextRecord,18,2,0,6,33,81,1,5,16,0.764705882,308,0.8,0,0.423076923,0.305555556,1,6,15.83333333,2,0.8889,2
poi,2.5,poi-2.5.csv,org.apache.poi.hssf.record.formula.MemFuncPtg,10,3,0,5,13,3,2,3,10,0.722222222,73,0.5,0,0.466666667,0.4,1,2,6.1,1,0.8,1
poi,2.5,poi-2.5.csv,org.apache.poi.hssf.usermodel.HSSFPalette,6,1,0,6,11,0,2,4,5,0.0,170,1.0,1,0.0,0.541666667,0,0,27.16666667,5,2.3333,1
poi,2.5,poi-2.5.csv,org.apache.poi.poifs.property.PropertyTable,11,1,0,11,34,0,2,9,10,0.566666667,210,1.0,1,0.0,0.272727273,0,0,17.81818182,3,1.0909,0
poi,2.5,poi-2.5.csv,org.apache.poi.ddf.EscherProperties,7,1,0,6,16,9,5,1,3,1.164242424,1460,0.003636364,0,0.0,0.19047619,0,0,168.2857143,2,1.2857,0
poi,2.5,poi-2.5.csv,org.apache.poi.hssf.record.DateWindow1904Record,11,2,0,5,21,49,2,3,9,0.85,106,0.5,0,0.578947368,0.522727273,1,6,8.454545455,2,0.8182,2
poi,2.5,poi-2.5.csv,org.apache.poi.hssf.record.RkRec,1,1,0,1,2,0,1,0,0,2.0,6,0.0,0,0.0,1.0,0,0,3.0,0,0.0,0
poi,2.5,poi-2.5.csv,org.apache.poi.hssf.record.RefreshAllRecord,11,2,0,5,21,43,2,3,9,0.85,116,0.5,0,0.578947368,0.418181818,1,6,9.363636364,2,1.0,2
poi,2.5,poi-2.5.csv,org.apache.poi.ddf.EscherComplexProperty,9,2,1,6,32,0,2,4,9,0.125,172,0.0,0,0.533333333,0.351851852,1,1,18.0,4,1.1111,0
poi,2.5,poi-2.5.csv,org.apache.poi.hssf.record.LinkedDataFormulaField,10,1,0,4,31,3,1,3,9,0.222222222,183,0.0,0,0.0,0.333333333,0,0,17.2,2,1.3,2
poi,2.5,poi-2.5.csv,org.apache.poi.poifs.property.Property,32,1,3,19,65,290,13,6,18,0.962648557,732,1.0,16,0.0,0.17578125,0,0,20.6875,3,1.1563,0
poi,2.5,poi-2.5.csv,org.apache.poi.hssf.util.CellReference,12,1,0,6,30,34,6,0,9,0.690909091,306,1.0,0,0.0,0.375,0,0,24.08333333,6,1.5833,1
poi,2.5,poi-2.5.csv,org.apache.poi.hssf.record.ContinueRecord,14,2,0,7,28,61,4,3,11,0.807692308,245,0.5,0,0.5,0.5,1,5,16.35714286,4,1.0714,2
poi,2.5,poi-2.5.csv,org.apache.poi.hssf.usermodel.HSSFRichTextString,14,1,0,5,41,21,4,1,14,0.564102564,243,0.0,0,0.0,0.297619048,0,0,16.14285714,8,1.5714,1
poi,2.5,poi-2.5.csv,org.apache.poi.hssf.record.formula.StringPtg,9,2,0,5,22,2,2,4,8,0.666666667,202,0.166666667,1,0.538461538,0.333333333,1,2,20.77777778,2,0.8889,4
poi,2.5,poi-2.5.csv,org.apache.poi.hssf.record.DeltaRecord,12,2,0,5,23,54,2,3,10,0.909090909,117,0.333333333,0,0.55,0.4,1,6,8.5,2,0.8333,2
poi,2.5,poi-2.5.csv,org.apache.poi.ddf.UnknownEscherRecord,12,2,0,6,47,28,1,5,11,0.636363636,353,1.0,0,0.655172414,0.246753247,1,6,28.16666667,3,1.3333,0
poi,2.5,poi-2.5.csv,org.apache.poi.hssf.record.LinkedDataRecord,22,2,0,7,46,105,1,6,20,0.920634921,422,0.4,2,0.366666667,0.253246753,1,6,17.5,2,0.9091,2
poi,2.5,poi-2.5.csv,org.apache.poi.ddf.EscherPropertyMetaData,4,1,0,1,5,0,1,0,4,1.125,33,0.25,0,0.0,0.583333333,0,0,5.25,1,0.5,0
poi,2.5,poi-2.5.csv,org.apache.poi.hpsf.MarkUnsupportedException,4,4,0,3,8,6,2,1,4,2.0,20,0.0,0,1.0,0.666666667,0,0,4.0,0,0.0,1
poi,2.5,poi-2.5.csv,org.apache.poi.hssf.record.RefModeRecord,12,2,0,5,22,54,2,3,10,0.954545455,119,0.25,0,0.55,0.5,1,6,8.583333333,2,0.8333,2
poi,2.5,poi-2.5.csv,org.apache.poi.hssf.record.SSTRecordSizeCalculator,8,1,0,3,20,0,2,2,3,0.369047619,441,1.0,1,0.0,0.416666667,0,0,52.625,6,2.375,2
poi,2.5,poi-2.5.csv,org.apache.poi.hssf.record.FormatRecord,17,2,0,7,32,72,3,4,15,0.791666667,282,0.833333333,0,0.44,0.268907563,1,6,15.23529412,4,1.2941,2
poi,2.5,poi-2.5.csv,org.apache.poi.hssf.record.UnitsRecord,12,2,0,5,24,46,1,4,10,0.818181818,141,0.5,0,0.55,0.5,1,6,10.58333333,2,0.8333,2
poi,2.5,poi-2.5.csv,org.apache.poi.hssf.record.SaveRecalcRecord,12,2,0,5,22,46,2,3,10,0.818181818,127,0.5,0,0.55,0.4,1,6,9.416666667,2,1.0,2
poi,2.5,poi-2.5.csv,org.apache.poi.hpsf.DocumentSummaryInformation,16,3,0,4,28,120,1,3,16,1.066666667,104,0.0,0,0.625,0.53125,0,0,5.4375,1,0.9375,1
poi,2.5,poi-2.5.csv,org.apache.poi.poifs.filesystem.Entry,6,1,0,6,6,15,6,1,6,2.0,6,0.0,0,0.0,0.583333333,0,0,0.0,1,1.0,0
poi,2.5,poi-2.5.csv,org.apache.poi.hssf.record.formula.GreaterThanPtg,10,2,0,4,14,45,2,2,10,1.111111111,67,0.333333333,0,0.272727273,0.32,0,0,5.4,1,0.8,1
poi,2.5,poi-2.5.csv,org.apache.poi.ddf.EscherArrayProperty,14,3,0,6,34,19,2,4,13,1.076923077,379,1.0,0,0.555555556,0.385714286,1,4,26.0,3,1.4286,2
poi,2.5,poi-2.5.csv,org.apache.poi.hpsf.Section,12,1,0,7,30,48,2,5,9,0.818181818,322,1.0,2,0.0,0.5,0,0,25.25,4,1.4167,2
poi,2.5,poi-2.5.csv,org.apache.poi.hssf.record.VerticalPageBreakRecord,5,3,0,2,9,10,1,1,5,1.25,28,0.0,0,0.96,0.55,1,3,4.4,1,0.2,2
poi,2.5,poi-2.5.csv,org.apache.poi.hssf.model.Model,0,1,0,4,0,0,4,0,0,2.0,0,0.0,0,0.0,0.0,0,0,0.0,0,0.0,0
poi,2.5,poi-2.5.csv,org.apache.poi.hpsf.wellknown.SectionIDMap,8,3,0,3,15,26,2,1,7,0.857142857,219,0.25,1,0.9,0.342857143,1,1,25.875,3,1.125,1
poi,2.5,poi-2.5.csv,org.apache.poi.ddf.EscherSimpleProperty,8,2,3,11,23,0,7,4,8,0.142857143,115,1.0,0,0.571428571,0.375,1,1,13.25,5,1.25,0
poi,2.5,poi-2.5.csv,org.apache.poi.hssf.record.SeriesLabelsRecord,24,2,0,5,41,0,0,5,22,0.717391304,411,0.875,6,0.34375,0.35,1,6,15.79166667,2,0.9167,2
poi,2.5,poi-2.5.csv,org.apache.poi.poifs.filesystem.POIFSWriterEvent,5,1,0,5,6,2,3,2,4,0.75,36,1.0,2,0.0,0.36,0,0,5.4,1,0.8,0
poi,2.5,poi-2.5.csv,org.apache.poi.hssf.eventusermodel.HSSFUserException,5,3,0,3,7,4,3,0,5,0.5,29,1.0,0,0.944444444,0.6,0,0,4.6,1,0.2,0
poi,2.5,poi-2.5.csv,org.apache.poi.hssf.record.GroupMarkerSubRecord,10,3,0,5,24,0,2,4,8,0.666666667,171,0.5,0,0.631578947,0.525,1,6,15.9,2,0.9,1
poi,2.5,poi-2.5.csv,org.apache.poi.hssf.eventusermodel.HSSFRequest,4,1,0,8,17,0,3,5,3,0.0,116,1.0,0,0.0,0.5,0,0,27.75,2,1.25,0
poi,2.5,poi-2.5.csv,org.apache.poi.hpsf.Variant,1,1,0,0,2,0,0,0,1,2.0,51,0.0,0,0.0,1.0,0,0,3.0,0,0.0,1
poi,2.5,poi-2.5.csv,org.apache.poi.hssf.dev.BiffViewer,12,1,0,129,165,62,1,129,5,0.818181818,1358,0.5,0,0.0,0.239583333,0,0,112.0,123,11.4167,4
poi,2.5,poi-2.5.csv,org.apache.poi.hssf.record.RowRecord,37,2,0,10,54,348,6,4,35,0.843253968,661,0.928571429,5,0.244444444,0.279279279,1,6,16.48648649,4,1.1351,4
poi,2.5,poi-2.5.csv,org.apache.poi.poifs.storage.SmallDocumentBlock,12,1,0,8,25,24,6,2,8,0.863636364,319,1.0,0,0.0,0.214285714,0,0,25.25,3,1.25,0
poi,2.5,poi-2.5.csv,org.apache.poi.hssf.record.CalcCountRecord,12,2,0,5,22,54,2,3,10,0.818181818,117,0.5,0,0.55,0.5,1,6,8.583333333,2,0.8333,2
poi,2.5,poi-2.5.csv,org.apache.poi.hssf.record.AbstractEscherHolderRecord,17,2,4,12,48,44,4,8,13,0.75,298,1.0,0,0.458333333,0.3875,1,6,16.35294118,4,1.3529,1
poi,2.5,poi-2.5.csv,org.apache.poi.hssf.record.SeriesChartGroupIndexRecord,12,2,0,4,24,46,0,4,10,0.818181818,141,0.5,0,0.55,0.5,1,6,10.58333333,2,0.8333,2
poi,2.5,poi-2.5.csv,org.apache.poi.hssf.usermodel.HSSFCell,30,1,0,20,104,87,5,16,22,0.748275862,1151,0.6,4,0.0,0.146153846,0,0,36.7,20,2.9,6
poi,2.5,poi-2.5.csv,org.apache.poi.hssf.record.DimensionsRecord,18,2,0,5,30,107,2,3,16,0.794117647,259,0.833333333,0,0.423076923,0.458333333,1,6,13.05555556,2,0.8889,2
poi,2.5,poi-2.5.csv,org.apache.poi.hssf.eventmodel.ModelFactory,5,1,0,8,24,2,0,8,4,0.666666667,117,0.0,1,0.0,0.36,0,0,21.8,7,2.2,0
poi,2.5,poi-2.5.csv,org.apache.poi.hpsf.PropertySet,22,1,1,14,56,197,4,10,16,0.813852814,378,0.545454545,1,0.0,0.369047619,0,0,15.68181818,4,1.0455,3
poi,2.5,poi-2.5.csv,org.apache.poi.poifs.storage.BlockAllocationTableWriter,8,1,0,7,17,0,2,5,7,0.571428571,134,1.0,2,0.0,0.458333333,0,0,15.375,3,1.375,0
poi,2.5,poi-2.5.csv,org.apache.poi.hssf.record.PaneRecord,20,2,0,6,32,114,2,4,18,0.894736842,361,0.5,0,0.392857143,0.45,1,6,16.55,2,0.9,2
poi,2.5,poi-2.5.csv,org.apache.poi.hssf.util.RangeAddress,30,1,0,3,53,331,3,0,24,0.873563218,767,0.0,0,0.0,0.391666667,0,0,24.36666667,6,2.6333,1
poi,2.5,poi-2.5.csv,org.apache.poi.poifs.filesystem.BATManaged,2,1,0,5,2,1,5,0,2,2.0,2,0.0,0,0.0,0.75,0,0,0.0,1,1.0,0
poi,2.5,poi-2.5.csv,org.apache.poi.hssf.model.Sheet,129,1,0,67,376,6636,5,62,95,0.942356419,3629,0.72972973,19,0.0,0.0671875,0,0,26.84496124,42,2.2171,11
poi,2.5,poi-2.5.csv,org.apache.poi.poifs.filesystem.DocumentEntry,1,1,0,7,1,0,6,1,1,2.0,1,0.0,0,0.0,1.0,0,0,0.0,1,1.0,0
poi,2.5,poi-2.5.csv,org.apache.poi.hssf.record.SharedFormulaRecord,11,2,0,6,23,25,3,3,9,0.8,183,0.5,0,0.55,0.431818182,1,6,15.27272727,3,1.1818,4
poi,2.5,poi-2.5.csv,org.apache.poi.hssf.usermodel.HSSFDataFormat,8,1,0,4,28,0,2,2,7,0.571428571,426,1.0,1,0.0,0.25,0,0,51.75,7,3.0,3
poi,2.5,poi-2.5.csv,org.apache.poi.util.LittleEndian,35,1,0,186,43,595,184,2,32,2.0,379,0.0,0,0.0,0.2,0,0,9.828571429,2,1.2,1
poi,2.5,poi-2.5.csv,org.apache.poi.hssf.record.formula.UnknownPtg,7,2,0,2,8,21,0,2,7,1.0,26,1.0,0,0.583333333,0.428571429,1,2,2.571428571,1,0.7143,1
poi,2.5,poi-2.5.csv,org.apache.poi.hssf.record.Margin,2,1,0,5,2,1,5,0,2,2.0,2,0.0,0,0.0,0.75,0,0,0.0,1,1.0,0
poi,2.5,poi-2.5.csv,org.apache.poi.hssf.record.FnGroupCountRecord,11,2,0,5,21,49,2,3,9,0.933333333,106,0.333333333,0,0.578947368,0.522727273,1,6,8.363636364,2,0.8182,2
poi,2.5,poi-2.5.csv,org.apache.poi.hssf.record.formula.UnaryMinusPtg,10,2,0,5,15,45,2,3,10,1.111111111,59,0.333333333,0,0.272727273,0.32,0,0,4.6,1,0.8,1
poi,2.5,poi-2.5.csv,org.apache.poi.ddf.EscherChildAnchorRecord,15,2,0,6,31,43,1,5,15,0.833333333,229,0.666666667,0,0.575757576,0.333333333,1,5,13.86666667,1,0.9333,0
poi,2.5,poi-2.5.csv,org.apache.poi.hssf.record.DrawingGroupRecord,5,3,0,3,8,10,2,1,4,1.25,26,0.0,0,0.923076923,0.5,1,2,4.0,1,0.4,1
poi,2.5,poi-2.5.csv,org.apache.poi.hssf.record.aggregates.FormulaRecordAggregate,28,2,0,8,51,0,3,5,26,0.731481481,237,0.75,3,0.297297297,0.198412698,1,6,7.321428571,3,1.1786,3
poi,2.5,poi-2.5.csv,org.apache.poi.poifs.filesystem.DocumentInputStream,13,2,0,13,23,0,10,3,11,0.642857143,271,1.0,1,0.45,0.256410256,1,2,19.30769231,2,0.9231,0
poi,2.5,poi-2.5.csv,org.apache.poi.hssf.record.formula.MemErrPtg,11,2,0,3,14,33,1,3,11,0.9,66,0.75,0,0.4375,0.327272727,1,2,4.636363636,1,0.8182,2
poi,2.5,poi-2.5.csv,org.apache.poi.hssf.eventmodel.EventRecordFactory,10,1,0,15,62,15,2,13,6,0.644444444,785,1.0,0,0.0,0.172839506,0,0,77.0,8,2.0,5
poi,2.5,poi-2.5.csv,org.apache.poi.ddf.EscherClientAnchorRecord,27,2,0,8,47,195,3,5,27,0.875,484,0.833333333,0,0.422222222,0.265432099,1,5,16.48148148,2,1.037,1
poi,2.5,poi-2.5.csv,org.apache.poi.hssf.record.BlankRecord,23,2,0,9,36,221,5,4,21,0.727272727,350,0.75,0,0.35483871,0.304347826,1,6,14.04347826,7,1.8261,2
poi,2.5,poi-2.5.csv,org.apache.poi.hssf.record.ObjRecord,14,2,0,12,39,1,8,4,12,0.692307692,243,0.5,0,0.5,0.4,1,6,16.21428571,2,1.2143,5
poi,2.5,poi-2.5.csv,org.apache.poi.hssf.record.DrawingRecordForBiffViewer,5,3,0,2,8,10,1,1,4,1.25,26,0.0,0,0.923076923,0.5,1,2,4.0,1,0.4,1
poi,2.5,poi-2.5.csv,org.apache.poi.hssf.record.PColor,3,1,0,1,9,0,1,0,3,0.0,86,0.0,0,0.0,0.5,0,0,26.66666667,1,0.6667,0
poi,2.5,poi-2.5.csv,org.apache.poi.ddf.EscherDgRecord,13,2,0,7,29,34,2,5,13,0.854166667,179,0.5,0,0.612903226,0.323076923,1,5,12.46153846,1,0.9231,0
poi,2.5,poi-2.5.csv,org.apache.poi.hssf.record.CountryRecord,13,2,0,5,23,66,2,3,11,0.805555556,140,0.666666667,0,0.523809524,0.5,1,6,9.538461538,2,0.8462,2
poi,2.5,poi-2.5.csv,org.apache.poi.hssf.record.formula.NotEqualPtg,9,2,0,4,13,36,2,2,9,1.125,62,0.0,0,0.3,0.333333333,0,0,5.666666667,1,0.7778,1
poi,2.5,poi-2.5.csv,org.apache.poi.hssf.record.formula.Ptg,12,1,16,46,56,60,25,35,12,1.0,415,0.25,0,0.0,0.283333333,0,0,33.25,4,1.1667,5
poi,2.5,poi-2.5.csv,org.apache.poi.poifs.storage.HeaderBlockReader,7,1,0,7,20,9,2,5,7,0.833333333,173,1.0,5,0.0,0.571428571,0,0,22.85714286,2,1.0,1
poi,2.5,poi-2.5.csv,org.apache.poi.hssf.record.formula.AddPtg,10,2,0,4,14,45,2,2,10,1.111111111,63,0.333333333,0,0.272727273,0.32,0,0,5.0,1,0.8,2
poi,2.5,poi-2.5.csv,org.apache.poi.hssf.record.InterfaceHdrRecord,11,2,0,5,21,49,2,3,9,0.933333333,107,0.333333333,0,0.578947368,0.522727273,1,6,8.454545455,2,0.8182,2
poi,2.5,poi-2.5.csv,org.apache.poi.hssf.record.NameRecord,62,2,0,14,108,1491,5,10,56,0.957965532,1287,0.487179487,0,0.15942029,0.203629032,1,6,19.12903226,6,1.4194,5
poi,2.5,poi-2.5.csv,org.apache.poi.poifs.property.Child,4,1,0,3,4,6,3,0,4,2.0,4,0.0,0,0.0,0.75,0,0,0.0,1,1.0,0
poi,2.5,poi-2.5.csv,org.apache.poi.hssf.record.ChartFormatRecord,19,2,0,5,35,109,1,4,17,0.817460317,265,0.857142857,1,0.407407407,0.368421053,1,6,12.57894737,2,0.8947,2
poi,2.5,poi-2.5.csv,org.apache.poi.hssf.dev.HSSF,4,1,0,10,49,0,0,10,4,0.0,492,1.0,2,0.0,0.5625,0,0,121.0,8,2.0,1
poi,2.5,poi-2.5.csv,org.apache.poi.poifs.filesystem.DocumentNode,9,2,0,9,17,30,3,7,6,0.75,55,1.0,1,0.529411765,0.407407407,1,1,5.0,1,0.8889,0
poi,2.5,poi-2.5.csv,org.apache.poi.hssf.record.RecordFormatException,1,4,0,140,2,0,140,0,1,2.0,5,0.0,0,1.0,1.0,0,0,4.0,0,0.0,0
poi,2.5,poi-2.5.csv,org.apache.poi.hpsf.PropertySetFactory,2,1,0,6,8,1,0,6,2,2.0,28,0.0,0,0.0,0.5,0,0,13.0,1,0.5,1
poi,2.5,poi-2.5.csv,org.apache.poi.hssf.record.formula.ExpPtg,7,2,0,3,10,9,2,2,7,0.944444444,69,0.666666667,0,0.583333333,0.428571429,1,2,8.428571429,2,1.0,2
poi,2.5,poi-2.5.csv,org.apache.poi.ddf.EscherSpgrRecord,15,2,0,7,32,43,1,6,15,0.833333333,253,0.666666667,0,0.575757576,0.333333333,1,5,15.46666667,2,1.0,0
poi,3.0,poi-3.0.csv,org.apache.poi.poifs.storage.HeaderBlockReader,7,1,0,8,21,9,2,6,7,0.833333333,207,1.0,5,0.0,0.571428571,0,0,27.71428571,2,1.0,1
poi,3.0,poi-3.0.csv,org.apache.poi.hssf.record.formula.RefVPtg,5,3,0,4,13,10,2,2,4,1.25,40,0.0,0,0.92,0.4,1,1,6.8,1,0.4,0
poi,3.0,poi-3.0.csv,org.apache.poi.hssf.usermodel.HSSFChildAnchor,5,2,0,5,7,6,4,1,5,2.0,46,0.0,0,0.769230769,0.7,1,1,8.2,2,1.0,1
poi,3.0,poi-3.0.csv,org.apache.poi.hssf.record.LeftMarginRecord,11,2,0,7,21,35,2,5,9,0.8,107,0.5,0,0.55,0.257575758,1,4,8.545454545,2,0.9091,1
poi,3.0,poi-3.0.csv,org.apache.poi.hssf.record.formula.SubtractPtg,9,2,0,5,13,36,2,3,9,1.125,59,0.0,0,0.3,0.259259259,0,0,5.333333333,1,0.7778,0
poi,3.0,poi-3.0.csv,org.apache.poi.poifs.filesystem.POIFSDocument,16,1,0,20,55,0,9,14,14,0.5,453,1.0,3,0.0,0.198863636,0,0,27.0625,6,1.0625,1
poi,3.0,poi-3.0.csv,org.apache.poi.hssf.record.formula.ExpPtg,10,2,0,6,18,27,2,5,10,0.833333333,104,0.75,0,0.466666667,0.28,1,2,9.0,1,0.8,1
poi,3.0,poi-3.0.csv,org.apache.poi.ddf.EscherProperties,7,1,0,6,16,9,5,1,3,1.164242424,1460,0.003636364,0,0.0,0.19047619,0,0,168.2857143,2,1.2857,2
poi,3.0,poi-3.0.csv,org.apache.poi.hssf.record.RkRec,1,1,0,1,2,0,1,0,0,2.0,6,0.0,0,0.0,1.0,0,0,3.0,0,0.0,0
poi,3.0,poi-3.0.csv,org.apache.poi.ddf.EscherComplexProperty,9,2,1,6,32,0,2,4,9,0.125,172,0.0,0,0.533333333,0.351851852,1,1,18.0,4,1.1111,1
poi,3.0,poi-3.0.csv,org.apache.poi.hssf.record.formula.RefNPtg,6,3,0,5,9,15,2,3,5,1.2,31,0.0,0,0.851851852,0.333333333,0,0,4.0,1,0.6667,0
poi,3.0,poi-3.0.csv,org.apache.poi.util.POILogger,26,1,3,11,42,325,10,1,22,1.04,693,0.0,0,0.0,0.544871795,0,0,25.46153846,10,1.9615,1
poi,3.0,poi-3.0.csv,org.apache.poi.ddf.EscherRGBProperty,5,3,0,4,6,0,3,1,5,2.0,35,0.0,0,0.777777778,0.466666667,0,0,6.0,1,0.8,1
poi,3.0,poi-3.0.csv,org.apache.poi.hssf.util.HSSFColor,6,1,49,51,56,15,51,46,6,1.2,923,1.0,0,0.0,0.666666667,0,0,152.5,1,0.8333,0
poi,3.0,poi-3.0.csv,org.apache.poi.util.IOUtils,3,1,0,3,5,3,3,0,2,2.0,43,0.0,0,0.0,0.5,0,0,13.33333333,1,0.6667,3
poi,3.0,poi-3.0.csv,org.apache.poi.poifs.storage.RawDataBlock,3,1,0,7,10,0,5,2,3,0.25,83,1.0,0,0.0,0.666666667,0,0,26.0,1,0.6667,1
poi,3.0,poi-3.0.csv,org.apache.poi.ddf.EscherSpRecord,12,2,0,13,34,32,8,5,11,1.034090909,323,0.125,0,0.633333333,0.35,1,5,24.58333333,14,2.0,1
poi,3.0,poi-3.0.csv,org.apache.poi.hpsf.CustomProperties,16,3,0,4,52,82,1,3,14,0.266666667,416,1.0,0,0.782608696,0.1875,2,7,24.8125,3,1.1875,0
poi,3.0,poi-3.0.csv,org.apache.poi.hssf.record.IterationRecord,11,2,0,6,20,35,2,4,9,0.8,112,0.5,0,0.55,0.257575758,1,4,9.0,2,1.0909,1
poi,3.0,poi-3.0.csv,org.apache.poi.poifs.storage.PropertyBlock,4,2,0,5,11,4,1,4,2,0.833333333,108,1.0,1,0.5,0.4,1,1,25.5,3,1.25,1
poi,3.0,poi-3.0.csv,org.apache.poi.hssf.record.RecordInputStream,26,2,1,214,54,111,212,3,25,0.552,595,0.8,0,0.264705882,0.288461538,1,1,21.5,7,1.6923,6
poi,3.0,poi-3.0.csv,org.apache.poi.hssf.record.formula.AreaNAPtg,6,3,0,5,9,15,2,3,5,1.2,31,0.0,0,0.875,0.333333333,1,1,4.0,1,0.6667,0
poi,3.0,poi-3.0.csv,org.apache.poi.hpsf.HPSFRuntimeException,8,4,4,11,16,22,11,0,8,0.428571429,66,1.0,0,0.80952381,0.35,1,1,7.125,2,0.75,0
poi,3.0,poi-3.0.csv,org.apache.poi.hssf.record.VerticalPageBreakRecord,4,3,0,3,7,6,1,2,4,1.333333333,18,0.0,0,0.96,0.5,1,3,3.25,1,0.25,1
poi,3.0,poi-3.0.csv,org.apache.poi.hpsf.wellknown.SectionIDMap,8,3,0,5,15,26,4,1,7,0.857142857,295,0.25,1,0.9,0.342857143,1,1,35.375,3,1.125,1
poi,3.0,poi-3.0.csv,org.apache.poi.hssf.record.SeriesLabelsRecord,23,2,0,7,39,0,0,7,21,0.738636364,332,0.875,6,0.34375,0.253623188,1,4,13.08695652,2,0.9565,1
poi,3.0,poi-3.0.csv,org.apache.poi.hssf.eventusermodel.HSSFUserException,5,3,0,3,7,4,3,0,5,0.5,29,1.0,0,0.944444444,0.6,0,0,4.6,1,0.2,0
poi,3.0,poi-3.0.csv,org.apache.poi.hssf.eventusermodel.HSSFRequest,4,1,0,7,17,0,2,5,3,0.0,116,1.0,0,0.0,0.5,0,0,27.75,2,1.25,0
poi,3.0,poi-3.0.csv,org.apache.poi.hssf.dev.BiffViewer,8,1,0,133,166,24,1,133,5,0.714285714,1000,0.5,0,0.0,0.234375,0,0,123.75,126,17.125,2
poi,3.0,poi-3.0.csv,org.apache.poi.hssf.record.formula.ConcatPtg,9,2,0,5,13,36,2,3,9,1.125,60,0.333333333,0,0.3,0.259259259,0,0,5.333333333,1,0.7778,0
poi,3.0,poi-3.0.csv,org.apache.poi.hssf.record.DataFormatRecord,19,2,0,8,35,77,1,7,17,0.759259259,304,0.833333333,1,0.392857143,0.254385965,1,4,14.68421053,2,0.9474,1
poi,3.0,poi-3.0.csv,org.apache.poi.poifs.storage.RawDataBlockList,5,2,0,8,16,10,4,4,5,2.0,50,0.0,0,0.555555556,0.5,0,0,9.0,1,0.8,0
poi,3.0,poi-3.0.csv,org.apache.poi.hssf.usermodel.HSSFCell,36,1,0,28,144,104,5,24,27,0.846428571,1294,0.4375,5,0.0,0.124074074,0,0,34.5,18,2.7778,14
poi,3.0,poi-3.0.csv,org.apache.poi.hssf.eventmodel.ModelFactory,5,1,0,8,24,2,0,8,4,0.666666667,117,0.0,1,0.0,0.36,0,0,21.8,7,2.2,1
poi,3.0,poi-3.0.csv,org.apache.poi.poifs.storage.BlockAllocationTableWriter,8,1,0,7,17,0,2,5,7,0.571428571,134,1.0,2,0.0,0.458333333,0,0,15.375,3,1.375,1
poi,3.0,poi-3.0.csv,org.apache.poi.hssf.util.RangeAddress,30,1,0,3,53,331,3,0,24,0.873563218,773,0.0,0,0.0,0.391666667,0,0,24.56666667,6,2.6667,1
poi,3.0,poi-3.0.csv,org.apache.poi.poifs.dev.POIFSViewer,3,1,0,2,21,3,0,2,2,2.0,112,0.0,0,0.0,0.333333333,0,0,36.33333333,4,2.3333,0
poi,3.0,poi-3.0.csv,org.apache.poi.util.StringUtil,14,1,0,12,42,91,12,0,12,1.076923077,458,1.0,0,0.0,0.255102041,0,0,31.64285714,10,2.5714,1
poi,3.0,poi-3.0.csv,org.apache.poi.hssf.record.LineFormatRecord,25,2,0,8,44,108,1,7,23,0.939393939,436,0.363636364,3,0.323529412,0.253333333,1,4,15.56,2,0.96,1
poi,3.0,poi-3.0.csv,org.apache.poi.hssf.record.BlankRecord,22,2,0,10,34,199,5,5,20,0.714285714,331,0.75,0,0.35483871,0.227272727,1,4,13.86363636,7,1.9091,1
poi,3.0,poi-3.0.csv,org.apache.poi.hssf.record.DrawingRecordForBiffViewer,4,3,0,3,6,6,1,2,3,1.333333333,16,0.0,0,0.923076923,0.625,1,2,2.75,1,0.5,0
poi,3.0,poi-3.0.csv,org.apache.poi.ddf.EscherDgRecord,13,2,0,8,29,34,3,5,13,0.854166667,179,0.5,0,0.612903226,0.323076923,1,5,12.46153846,1,0.9231,1
poi,3.0,poi-3.0.csv,org.apache.poi.hssf.record.formula.NotEqualPtg,9,2,0,5,13,36,2,3,9,1.125,62,0.0,0,0.3,0.259259259,0,0,5.666666667,1,0.7778,1
poi,3.0,poi-3.0.csv,org.apache.poi.hssf.eventmodel.ERFListener,1,1,0,4,1,0,3,1,1,2.0,1,0.0,0,0.0,1.0,0,0,0.0,1,1.0,0
poi,3.0,poi-3.0.csv,org.apache.poi.hssf.record.SupBookRecord,12,2,0,6,22,44,2,4,10,0.757575758,123,0.666666667,0,0.523809524,0.316666667,1,4,9.0,2,0.9167,2
poi,3.0,poi-3.0.csv,org.apache.poi.hssf.record.TopMarginRecord,11,2,0,7,21,35,2,5,9,0.8,107,0.5,0,0.55,0.257575758,1,4,8.545454545,2,0.9091,1
poi,3.0,poi-3.0.csv,org.apache.poi.hssf.record.formula.BoolPtg,10,2,0,4,13,3,2,3,9,0.851851852,83,0.333333333,0,0.5,0.228571429,1,2,7.0,2,0.9,0
poi,3.0,poi-3.0.csv,org.apache.poi.hssf.model.AbstractShape,6,1,5,23,30,15,6,22,3,2.0,207,0.0,0,0.0,0.333333333,0,0,33.5,7,2.5,0
poi,3.0,poi-3.0.csv,org.apache.poi.hssf.record.DSFRecord,10,2,0,6,19,39,2,4,8,0.833333333,91,0.5,0,0.578947368,0.32,1,4,7.9,2,0.9,1
poi,3.0,poi-3.0.csv,org.apache.poi.hssf.record.ExtSSTRecord,16,2,0,9,39,62,4,5,14,0.853333333,285,0.4,0,0.44,0.223214286,1,4,16.5,3,1.3125,2
poi,3.0,poi-3.0.csv,org.apache.poi.hssf.record.formula.MissingArgPtg,7,2,0,4,8,21,2,3,7,1.166666667,32,0.5,0,0.583333333,0.314285714,1,2,3.285714286,1,0.7143,0
poi,3.0,poi-3.0.csv,org.apache.poi.util.BitFieldFactory,3,1,0,37,9,1,36,1,2,0.5,37,1.0,0,0.0,0.5,0,0,11.0,2,0.6667,1
poi,3.0,poi-3.0.csv,org.apache.poi.hpsf.NoFormatIDException,4,5,0,2,8,6,1,1,4,2.0,20,0.0,0,1.0,0.666666667,0,0,4.0,0,0.0,0
poi,3.0,poi-3.0.csv,org.apache.poi.hssf.record.BoolErrRecord,29,2,0,7,49,298,2,5,27,0.767857143,476,0.833333333,0,0.289473684,0.172413793,1,4,15.20689655,8,2.1379,2
poi,3.0,poi-3.0.csv,org.apache.poi.hssf.record.FrameRecord,17,2,0,8,33,32,1,7,15,0.8125,243,0.571428571,2,0.423076923,0.254901961,1,4,12.88235294,2,0.9412,1
poi,3.0,poi-3.0.csv,org.apache.poi.poifs.eventfilesystem.POIFSReader,7,1,0,17,51,3,0,17,6,0.083333333,282,1.0,1,0.0,0.303571429,0,0,39.0,6,1.8571,1
poi,3.0,poi-3.0.csv,org.apache.poi.hssf.record.GridsetRecord,11,2,0,6,20,35,2,4,9,0.8,113,0.0,0,0.55,0.257575758,1,4,9.090909091,2,1.0909,1
poi,3.0,poi-3.0.csv,org.apache.poi.poifs.storage.HeaderBlockConstants,0,1,0,2,0,0,2,0,0,2.0,10,0.0,0,0.0,0.0,0,0,0.0,0,0.0,1
poi,3.0,poi-3.0.csv,org.apache.poi.hssf.record.formula.FuncPtg,7,3,0,5,17,0,2,3,6,0.888888889,116,0.333333333,0,0.772727273,0.357142857,1,5,15.14285714,1,0.7143,0
poi,3.0,poi-3.0.csv,org.apache.poi.hssf.dev.FormulaViewer,9,1,0,11,43,28,0,11,6,0.6875,416,1.0,0,0.0,0.333333333,0,0,45.0,13,3.2222,0
poi,3.0,poi-3.0.csv,org.apache.poi.hssf.usermodel.HSSFName,7,1,0,4,26,0,1,3,5,0.083333333,118,1.0,2,0.0,0.428571429,0,0,15.57142857,4,1.4286,5
poi,3.0,poi-3.0.csv,org.apache.poi.hssf.record.SSTSerializer,6,1,0,7,16,1,1,6,4,0.833333333,145,0.333333333,2,0.0,0.5,0,0,22.16666667,6,1.6667,0
poi,3.0,poi-3.0.csv,org.apache.poi.hssf.record.formula.AreaAPtg,5,3,0,4,17,10,2,2,4,1.25,52,0.0,0,0.933333333,0.4,1,1,9.2,1,0.4,0
poi,3.0,poi-3.0.csv,org.apache.poi.hssf.model.ConvertAnchor,2,1,0,8,37,1,2,6,2,2.0,139,0.0,0,0.0,0.5,0,0,68.5,2,1.0,2
poi,3.0,poi-3.0.csv,org.apache.poi.util.ArrayUtil,3,1,0,1,10,3,1,0,3,2.0,244,0.0,0,0.0,0.416666667,0,0,80.33333333,10,5.6667,0
poi,3.0,poi-3.0.csv,org.apache.poi.hssf.model.LineShape,5,2,0,16,41,6,1,16,2,0.75,181,1.0,2,0.555555556,0.55,1,1,34.8,3,1.2,1
poi,3.0,poi-3.0.csv,org.apache.poi.hssf.record.IndexRecord,18,2,0,7,40,103,2,5,16,0.848739496,301,0.0,1,0.407407407,0.311111111,1,4,15.33333333,2,1.2222,1
poi,3.0,poi-3.0.csv,org.apache.poi.hpsf.WritingNotSupportedException,1,6,0,7,2,0,6,1,1,2.0,6,0.0,0,1.0,1.0,0,0,5.0,0,0.0,0
poi,3.0,poi-3.0.csv,org.apache.poi.hssf.record.WindowTwoRecord,47,2,0,9,63,167,3,6,45,0.87173913,741,0.95,12,0.196428571,0.25177305,1,4,14.34042553,3,1.0213,1
poi,3.0,poi-3.0.csv,org.apache.poi.poifs.storage.BlockAllocationTableReader,7,1,0,12,29,1,7,6,1,0.0,257,1.0,1,0.0,0.514285714,0,0,35.57142857,2,0.7143,4
poi,3.0,poi-3.0.csv,org.apache.poi.hpsf.UnexpectedPropertySetTypeException,4,4,0,4,8,6,3,1,4,2.0,20,0.0,0,1.0,0.666666667,0,0,4.0,0,0.0,0
poi,3.0,poi-3.0.csv,org.apache.poi.util.BinaryTree,57,2,0,15,87,1362,14,7,17,0.927083333,1806,1.0,1,0.25,0.265306122,1,7,30.47368421,19,2.5263,1
poi,3.0,poi-3.0.csv,org.apache.poi.poifs.eventfilesystem.POIFSReaderRegistry,6,1,0,4,22,0,1,3,0,0.333333333,163,1.0,0,0.0,0.5,0,0,25.66666667,5,2.3333,0
poi,3.0,poi-3.0.csv,org.apache.poi.util.LongField,11,1,0,5,21,9,2,3,11,0.25,92,1.0,0,0.0,0.454545455,0,0,7.181818182,1,0.6364,0
poi,3.0,poi-3.0.csv,org.apache.poi.hssf.record.FontBasisRecord,19,2,0,6,30,95,1,5,17,0.777777778,318,0.833333333,0,0.392857143,0.305263158,1,4,15.42105263,2,0.9474,1
poi,3.0,poi-3.0.csv,org.apache.poi.hssf.record.SheetPropertiesRecord,23,2,0,8,41,0,1,7,21,0.830578512,349,0.636363636,5,0.34375,0.217391304,1,4,13.69565217,2,0.9565,1
poi,3.0,poi-3.0.csv,org.apache.poi.hssf.record.formula.RefAPtg,5,3,0,4,13,10,2,2,4,1.25,40,0.0,0,0.92,0.4,1,1,6.8,1,0.4,0
poi,3.0,poi-3.0.csv,org.apache.poi.hssf.record.formula.AreaNPtg,6,3,0,5,10,15,2,3,5,1.2,31,0.0,0,0.875,0.333333333,1,1,4.0,1,0.6667,0
poi,3.0,poi-3.0.csv,org.apache.poi.hssf.model.Node,5,1,0,2,6,0,1,1,5,0.583333333,43,1.0,2,0.0,0.4,0,0,7.0,1,0.8,0
poi,3.0,poi-3.0.csv,org.apache.poi.hssf.record.formula.RefNAPtg,6,3,0,5,9,15,2,3,5,1.2,31,0.0,0,0.851851852,0.333333333,0,0,4.0,1,0.6667,0
poi,3.0,poi-3.0.csv,org.apache.poi.hssf.record.RecordProcessor,1,1,0,0,2,0,0,0,0,2.0,4,0.0,0,0.0,1.0,0,0,3.0,0,0.0,0
poi,3.0,poi-3.0.csv,org.apache.poi.hpsf.UnsupportedVariantTypeException,1,5,2,8,8,0,5,3,1,2.0,32,0.0,0,1.0,1.0,0,0,31.0,0,0.0,0
poi,3.0,poi-3.0.csv,org.apache.poi.hssf.record.BeginRecord,8,2,0,5,15,28,1,4,6,1.142857143,60,0.0,0,0.647058824,0.325,1,4,6.375,2,0.875,1
poi,3.0,poi-3.0.csv,org.apache.poi.ddf.EscherClientDataRecord,9,2,0,11,27,6,6,5,9,0.875,180,0.333333333,0,0.703703704,0.355555556,1,5,18.66666667,2,1.1111,1
poi,3.0,poi-3.0.csv,org.apache.poi.hssf.record.LabelRecord,22,2,0,6,36,197,2,4,20,0.843537415,310,0.857142857,0,0.35483871,0.25,1,3,12.77272727,6,1.6364,1
poi,3.0,poi-3.0.csv,org.apache.poi.hssf.record.SeriesTextRecord,17,2,0,7,32,64,1,6,15,0.75,270,0.8,0,0.423076923,0.218487395,1,4,14.58823529,2,0.9412,1
poi,3.0,poi-3.0.csv,org.apache.poi.hssf.record.formula.MemFuncPtg,10,3,0,6,13,3,2,4,10,0.722222222,69,0.5,0,0.466666667,0.3,1,2,5.7,1,0.8,1
poi,3.0,poi-3.0.csv,org.apache.poi.hssf.record.formula.AreaPtg,31,2,6,16,55,133,9,8,30,0.740740741,573,0.888888889,3,0.205882353,0.193548387,1,2,17.19354839,5,1.0,1
poi,3.0,poi-3.0.csv,org.apache.poi.hssf.record.CustomField,4,1,0,2,4,6,1,1,4,2.0,4,0.0,0,0.0,0.4,0,0,0.0,1,1.0,1
poi,3.0,poi-3.0.csv,org.apache.poi.hssf.usermodel.HSSFErrorConstants,0,1,0,0,0,0,0,0,0,2.0,7,0.0,0,0.0,0.0,0,0,0.0,0,0.0,0
poi,3.0,poi-3.0.csv,org.apache.poi.hpsf.VariantSupport,8,2,0,10,61,22,4,7,6,0.642857143,725,1.0,0,0.0,0.196428571,0,0,89.375,54,7.75,1
poi,3.0,poi-3.0.csv,org.apache.poi.poifs.filesystem.DirectoryEntry,9,1,0,10,9,36,7,4,9,2.0,9,0.0,0,0.0,0.314814815,0,0,0.0,1,1.0,0
poi,3.0,poi-3.0.csv,org.apache.poi.hssf.usermodel.HSSFCellStyle,43,1,0,7,90,0,5,2,41,1.001035197,397,0.043478261,1,0.0,0.302325581,0,0,7.162790698,5,1.2093,2
poi,3.0,poi-3.0.csv,org.apache.poi.hssf.record.ChartFormatRecord,18,2,0,7,33,99,1,6,16,0.81512605,228,0.857142857,1,0.407407407,0.259259259,1,4,11.27777778,2,0.9444,1
poi,3.0,poi-3.0.csv,org.apache.poi.poifs.filesystem.DocumentNode,9,2,0,9,17,30,3,7,6,0.75,55,1.0,1,0.529411765,0.407407407,1,1,5.0,1,0.8889,0
poi,3.0,poi-3.0.csv,org.apache.poi.hpsf.PropertySetFactory,4,1,0,11,16,6,0,11,4,2.0,83,0.0,0,0.0,0.25,0,0,19.75,1,0.75,0
poi,3.0,poi-3.0.csv,org.apache.poi.hssf.record.CellValueRecordInterface,10,1,0,14,10,45,14,0,10,2.0,10,0.0,0,0.0,0.4,0,0,0.0,1,1.0,0
poi,3.0,poi-3.0.csv,org.apache.poi.hssf.util.PaneInformation,7,1,0,2,8,9,2,0,7,0.966666667,59,0.6,0,0.0,0.357142857,0,0,6.0,1,0.8571,0
poi,3.0,poi-3.0.csv,org.apache.poi.hssf.record.formula.DeletedRef3DPtg,2,3,0,3,4,1,1,2,2,2.0,12,0.0,0,1.0,0.625,0,0,4.5,0,0.0,0
poi,3.0,poi-3.0.csv,org.apache.poi.hssf.record.formula.UnionPtg,9,2,0,5,13,36,2,3,9,1.125,58,0.0,0,0.3,0.259259259,0,0,5.333333333,1,0.7778,0
poi,3.0,poi-3.0.csv,org.apache.poi.poifs.storage.SmallBlockTableWriter,6,1,0,7,22,3,1,6,6,0.75,111,1.0,2,0.0,0.333333333,0,0,16.83333333,1,0.8333,1
poi,3.0,poi-3.0.csv,org.apache.poi.hssf.record.formula.AttrPtg,25,2,0,8,40,106,2,6,25,0.753787879,452,0.909090909,7,0.115384615,0.155555556,0,0,16.64,8,1.32,1
poi,3.0,poi-3.0.csv,org.apache.poi.hpsf.Thumbnail,8,1,0,2,12,8,0,2,7,0.821428571,129,0.083333333,0,0.0,0.642857143,0,0,13.625,1,0.625,1
poi,3.0,poi-3.0.csv,org.apache.poi.hssf.model.PolygonShape,5,2,0,17,48,6,1,17,2,0.916666667,439,0.666666667,2,0.555555556,0.55,1,1,86.2,4,1.4,1
poi,3.0,poi-3.0.csv,org.apache.poi.hssf.record.DeltaRecord,11,2,0,6,21,43,2,4,9,0.9,102,0.333333333,0,0.55,0.257575758,1,4,8.0,2,0.9091,1
poi,3.0,poi-3.0.csv,org.apache.poi.hssf.record.LinkedDataRecord,21,2,0,9,45,92,1,8,19,0.92,370,0.4,2,0.366666667,0.19047619,1,4,15.9047619,2,0.9524,1
poi,3.0,poi-3.0.csv,org.apache.poi.hpsf.MarkUnsupportedException,4,4,0,3,8,6,2,1,4,2.0,20,0.0,0,1.0,0.666666667,0,0,4.0,0,0.0,0
poi,3.0,poi-3.0.csv,org.apache.poi.util.ShortField,11,1,0,5,21,9,2,3,11,0.25,92,1.0,0,0.0,0.454545455,0,0,7.181818182,1,0.6364,0
poi,3.0,poi-3.0.csv,org.apache.poi.hssf.record.SSTRecordSizeCalculator,2,1,0,4,7,0,1,3,2,0.0,46,1.0,1,0.0,0.75,0,0,21.5,2,1.0,0
poi,3.0,poi-3.0.csv,org.apache.poi.hssf.record.UnitsRecord,11,2,0,6,22,35,1,5,9,0.8,122,0.5,0,0.55,0.309090909,1,4,9.909090909,2,0.9091,1
poi,3.0,poi-3.0.csv,org.apache.poi.util.DrawingDump,2,1,0,3,15,1,0,3,2,2.0,56,0.0,0,0.0,0.5,0,0,27.0,1,0.5,0
poi,3.0,poi-3.0.csv,org.apache.poi.hssf.record.formula.DividePtg,9,2,0,5,13,36,2,3,9,1.125,64,0.0,0,0.3,0.259259259,0,0,5.888888889,1,0.7778,0
poi,3.0,poi-3.0.csv,org.apache.poi.hssf.record.formula.GreaterThanPtg,10,2,0,5,14,45,2,3,10,1.111111111,67,0.333333333,0,0.272727273,0.25,0,0,5.4,1,0.8,1
poi,3.0,poi-3.0.csv,org.apache.poi.hpsf.HPSFException,5,3,4,5,7,4,5,0,5,0.5,29,1.0,0,0.944444444,0.6,0,0,4.6,1,0.2,0
poi,3.0,poi-3.0.csv,org.apache.poi.hssf.model.Model,0,1,0,4,0,0,4,0,0,2.0,0,0.0,0,0.0,0.0,0,0,0.0,0,0.0,0
poi,3.0,poi-3.0.csv,org.apache.poi.hssf.eventusermodel.AbortableHSSFListener,3,1,0,4,4,3,1,3,3,2.0,7,0.0,0,0.0,0.833333333,0,0,1.333333333,1,0.6667,1
poi,3.0,poi-3.0.csv,org.apache.poi.hssf.record.ExternSheetSubRecord,14,2,0,5,23,73,2,3,12,0.788461538,122,0.75,0,0.47826087,0.314285714,1,4,7.428571429,1,0.8571,1
poi,3.0,poi-3.0.csv,org.apache.poi.hssf.record.SelectionRecord,19,2,0,7,33,119,3,5,17,0.80952381,303,0.857142857,0,0.392857143,0.254385965,1,4,14.57894737,2,1.0,2
poi,3.0,poi-3.0.csv,org.apache.poi.util.DoubleList2d,5,1,0,1,15,0,0,1,3,0.0,86,0.0,0,0.0,0.666666667,0,0,16.0,3,1.6,0
poi,3.0,poi-3.0.csv,org.apache.poi.hpsf.Variant,4,1,1,3,16,2,3,0,3,1.272727273,798,0.036363636,0,0.0,0.5,0,0,184.75,2,1.0,0
poi,3.0,poi-3.0.csv,org.apache.poi.hssf.record.RowRecord,37,2,0,11,53,394,5,6,34,0.883333333,543,0.866666667,5,0.244444444,0.218253968,1,4,13.27027027,4,1.1351,2
poi,3.0,poi-3.0.csv,org.apache.poi.hssf.record.CalcCountRecord,11,2,0,6,20,43,2,4,9,0.8,102,0.5,0,0.55,0.309090909,1,4,8.090909091,2,0.9091,1
poi,3.0,poi-3.0.csv,org.apache.poi.hssf.record.SeriesChartGroupIndexRecord,11,2,0,5,22,35,0,5,9,0.8,122,0.5,0,0.55,0.309090909,1,4,9.909090909,2,0.9091,1
poi,3.0,poi-3.0.csv,org.apache.poi.hssf.record.DimensionsRecord,17,2,0,6,28,90,2,4,15,0.78125,232,0.833333333,0,0.423076923,0.305882353,1,4,12.29411765,2,0.9412,1
poi,3.0,poi-3.0.csv,org.apache.poi.hpsf.MutablePropertySet,11,2,1,15,51,25,2,13,11,0.6,305,1.0,0,0.64,0.227272727,1,5,26.63636364,2,0.9091,1
poi,3.0,poi-3.0.csv,org.apache.poi.hssf.record.formula.UnaryPlusPtg,10,2,0,6,14,45,3,3,10,1.111111111,59,0.333333333,0,0.272727273,0.25,0,0,4.6,1,0.8,0
poi,3.0,poi-3.0.csv,org.apache.poi.hssf.record.RecordFactory,7,1,0,20,59,9,4,16,5,0.722222222,754,1.0,0,0.0,0.166666667,0,0,106.2857143,8,2.0,13
poi,3.0,poi-3.0.csv,org.apache.poi.poifs.filesystem.BATManaged,2,1,0,5,2,1,5,0,2,2.0,2,0.0,0,0.0,0.75,0,0,0.0,1,1.0,0
poi,3.0,poi-3.0.csv,org.apache.poi.poifs.filesystem.DocumentEntry,1,1,0,8,1,0,7,1,1,2.0,1,0.0,0,0.0,1.0,0,0,0.0,1,1.0,0
poi,3.0,poi-3.0.csv,org.apache.poi.hssf.record.aggregates.ValueRecordsAggregate,17,2,0,11,42,108,3,9,15,0.796875,514,0.0,1,0.407407407,0.243697479,1,3,29.0,14,3.3529,4
poi,3.0,poi-3.0.csv,org.apache.poi.hssf.record.HorizontalPageBreakRecord,4,3,0,3,7,6,1,2,4,1.333333333,18,0.0,0,0.96,0.5,1,3,3.25,1,0.25,1
poi,3.0,poi-3.0.csv,org.apache.poi.poifs.storage.BigBlock,4,1,4,5,6,6,4,1,1,2.0,15,0.0,0,0.0,0.666666667,0,0,2.75,1,0.75,0
poi,3.0,poi-3.0.csv,org.apache.poi.hssf.record.CommonObjectDataSubRecord,29,3,0,15,48,146,9,7,27,0.977891156,538,0.238095238,4,0.307692308,0.252873563,1,4,16.10344828,2,0.9655,2
poi,3.0,poi-3.0.csv,org.apache.poi.poifs.storage.BlockWritable,1,1,0,9,1,0,9,0,1,2.0,1,0.0,0,0.0,1.0,0,0,0.0,1,1.0,0
poi,3.0,poi-3.0.csv,org.apache.poi.hssf.record.EOFRecord,9,2,0,7,16,36,3,4,7,1.125,67,0.0,0,0.611111111,0.311111111,1,4,6.333333333,2,0.8889,1
poi,3.0,poi-3.0.csv,org.apache.poi.hssf.record.formula.EqualPtg,9,2,0,5,13,36,2,3,9,1.125,62,0.0,0,0.3,0.259259259,0,0,5.666666667,1,0.7778,0
poi,3.0,poi-3.0.csv,org.apache.poi.util.IntegerField,11,1,0,7,17,9,4,3,11,0.25,85,1.0,0,0.0,0.522727273,0,0,6.545454545,1,0.6364,0
poi,3.0,poi-3.0.csv,org.apache.poi.hssf.record.ObjRecord,13,2,0,18,42,0,12,6,11,0.666666667,235,0.5,0,0.5,0.269230769,1,4,16.92307692,3,1.3846,2
poi,3.0,poi-3.0.csv,org.apache.poi.hssf.record.PColor,3,1,0,1,9,0,1,0,3,0.0,86,0.0,0,0.0,0.5,0,0,26.66666667,1,0.6667,0
poi,3.0,poi-3.0.csv,org.apache.poi.hssf.record.CountryRecord,12,2,0,6,21,54,2,4,10,0.787878788,122,0.666666667,0,0.523809524,0.316666667,1,4,8.916666667,2,0.9167,1
poi,3.0,poi-3.0.csv,org.apache.poi.hssf.record.formula.Ptg,14,1,19,70,91,85,29,58,14,1.0,579,0.25,0,0.0,0.1875,0,0,40.07142857,7,1.9286,1
poi,3.0,poi-3.0.csv,org.apache.poi.hssf.record.formula.AddPtg,10,2,0,5,14,45,2,3,10,1.111111111,63,0.333333333,0,0.272727273,0.25,0,0,5.0,1,0.8,0
poi,3.0,poi-3.0.csv,org.apache.poi.hssf.record.NameRecord,60,2,0,15,98,1374,5,11,55,0.957181088,1116,0.473684211,0,0.161764706,0.162962963,1,4,16.96666667,7,1.4833,8
poi,3.0,poi-3.0.csv,org.apache.poi.poifs.dev.POIFSViewable,4,1,0,6,4,6,6,0,4,2.0,4,0.0,0,0.0,1.0,0,0,0.0,1,1.0,0
poi,3.0,poi-3.0.csv,org.apache.poi.hpsf.Property,12,1,1,17,49,18,10,7,8,0.484848485,595,1.0,0,0.0,0.366666667,1,1,48.33333333,12,2.3333,1
poi,3.0,poi-3.0.csv,org.apache.poi.ddf.EscherShapePathProperty,1,3,0,4,2,0,3,1,1,2.0,13,0.0,0,1.0,1.0,0,0,7.0,0,0.0,1
poi,3.0,poi-3.0.csv,org.apache.poi.util.TempFile,3,1,0,0,15,1,0,0,2,0.75,53,0.0,0,0.0,0.5,0,0,16.0,1,0.3333,1
poi,3.0,poi-3.0.csv,org.apache.poi.hssf.dev.EFBiffViewer,4,1,0,6,16,4,1,6,4,0.333333333,82,0.0,0,0.0,0.416666667,0,0,19.25,3,1.25,0
poi,3.0,poi-3.0.csv,org.apache.poi.hssf.record.WriteAccessRecord,10,2,0,9,26,33,2,7,8,0.833333333,148,0.5,0,0.578947368,0.266666667,1,4,13.6,2,1.0,2
poi,3.0,poi-3.0.csv,org.apache.poi.hssf.record.PrecisionRecord,10,2,0,6,19,33,2,4,8,0.833333333,102,0.0,0,0.578947368,0.266666667,1,4,9.0,2,1.1,1
poi,3.0,poi-3.0.csv,org.apache.poi.hssf.usermodel.HSSFShapeGroup,13,2,0,11,26,4,3,8,13,0.683333333,174,0.0,0,0.571428571,0.338461538,1,1,12.0,2,1.0,0
poi,3.0,poi-3.0.csv,org.apache.poi.hssf.record.CodepageRecord,10,2,0,6,19,39,2,4,8,0.925925926,92,0.333333333,0,0.578947368,0.32,1,4,7.9,2,0.9,1
poi,3.0,poi-3.0.csv,org.apache.poi.hssf.record.formula.MemAreaPtg,11,2,1,5,16,21,2,4,11,0.85,86,0.75,0,0.4375,0.257575758,1,2,6.454545455,1,0.8182,2
poi,3.0,poi-3.0.csv,org.apache.poi.ddf.EscherSplitMenuColorsRecord,15,2,0,7,33,43,1,6,15,0.833333333,258,0.666666667,0,0.575757576,0.333333333,1,5,15.8,2,1.0,1
poi,3.0,poi-3.0.csv,org.apache.poi.util.HexRead,6,1,0,1,27,15,1,0,5,2.0,264,0.0,0,0.0,0.291666667,0,0,43.0,1,0.8333,0
poi,3.0,poi-3.0.csv,org.apache.poi.hssf.record.ValueRangeRecord,39,2,0,8,58,91,1,7,37,0.848684211,652,0.9375,9,0.229166667,0.216117216,1,4,15.30769231,2,0.9744,1
poi,3.0,poi-3.0.csv,org.apache.poi.ddf.EscherRecord,20,1,14,37,36,164,36,4,18,0.842105263,141,1.0,0,0.0,0.2375,0,0,5.95,2,1.05,2
poi,3.0,poi-3.0.csv,org.apache.poi.hssf.usermodel.HSSFRow,27,1,0,9,54,107,4,6,18,0.711538462,515,0.833333333,4,0.0,0.148148148,0,0,17.85185185,7,1.963,4
poi,3.0,poi-3.0.csv,org.apache.poi.hssf.record.ObjectLinkRecord,15,2,0,6,26,57,1,5,13,0.928571429,225,0.333333333,0,0.458333333,0.306666667,1,4,13.4,2,0.9333,1
poi,3.0,poi-3.0.csv,org.apache.poi.hssf.record.formula.NamePtg,8,2,0,6,20,4,2,5,7,0.8,143,0.6,0,0.583333333,0.291666667,1,2,16.25,1,0.625,0
poi,3.0,poi-3.0.csv,org.apache.poi.hpsf.IllegalVariantTypeException,2,5,0,3,9,1,0,3,2,2.0,33,0.0,0,1.0,0.875,0,0,15.5,0,0.0,0
poi,3.0,poi-3.0.csv,org.apache.poi.poifs.eventfilesystem.POIFSReaderListener,1,1,0,4,1,0,3,1,1,2.0,1,0.0,0,0.0,1.0,0,0,0.0,1,1.0,0
poi,3.0,poi-3.0.csv,org.apache.poi.hssf.record.ChartRecord,17,2,0,6,29,74,1,5,15,0.7625,269,0.8,0,0.423076923,0.305882353,1,4,14.52941176,2,0.9412,1
poi,3.0,poi-3.0.csv,org.apache.poi.hssf.model.TextboxShape,8,2,1,21,59,20,3,19,4,0.821428571,267,1.0,4,0.416666667,0.666666667,1,1,31.875,1,0.875,2
poi,3.0,poi-3.0.csv,org.apache.poi.hssf.usermodel.HSSFPatriarch,14,1,0,12,29,1,2,11,13,0.794871795,193,0.0,1,0.0,0.328571429,0,0,12.35714286,2,1.0,1
poi,3.0,poi-3.0.csv,org.apache.poi.poifs.property.DirectoryProperty,8,2,1,10,37,0,6,4,6,0.357142857,276,1.0,0,0.823529412,0.375,1,1,33.25,6,1.625,1
poi,3.0,poi-3.0.csv,org.apache.poi.hssf.record.NoteStructureSubRecord,8,3,0,6,23,8,2,5,6,0.785714286,125,0.5,0,0.666666667,0.325,1,4,14.375,2,0.875,1
poi,3.0,poi-3.0.csv,org.apache.poi.hssf.record.FontRecord,37,2,0,11,55,474,4,7,34,0.936342593,549,0.625,4,0.244444444,0.190972222,1,4,13.18918919,3,1.027,2
poi,3.0,poi-3.0.csv,org.apache.poi.hssf.record.LabelSSTRecord,24,2,0,10,38,234,5,5,22,0.747826087,366,0.8,0,0.333333333,0.226190476,1,4,14.04166667,7,1.8333,1
poi,3.0,poi-3.0.csv,org.apache.poi.util.BitField,18,1,0,37,19,107,37,0,18,0.382352941,170,1.0,0,0.0,0.433333333,0,0,8.333333333,2,1.2222,0
poi,3.0,poi-3.0.csv,org.apache.poi.util.BlockingInputStream,10,2,0,0,19,0,0,0,10,0.0,86,1.0,0,0.5,0.32,1,2,7.5,1,0.9,0
poi,3.0,poi-3.0.csv,org.apache.poi.hssf.record.DBCellRecord,15,2,0,8,32,79,4,4,13,0.857142857,242,0.5,0,0.458333333,0.306666667,1,4,14.86666667,3,1.2667,1
poi,3.0,poi-3.0.csv,org.apache.poi.hssf.record.DatRecord,19,2,0,8,35,0,1,7,17,0.703703704,262,0.833333333,4,0.392857143,0.254385965,1,4,12.47368421,2,0.9474,1
poi,3.0,poi-3.0.csv,org.apache.poi.poifs.property.PropertyConstants,0,1,0,0,0,0,0,0,0,2.0,4,0.0,0,0.0,0.0,0,0,0.0,0,0.0,0
poi,3.0,poi-3.0.csv,org.apache.poi.hpsf.MissingSectionException,4,5,0,2,8,6,1,1,4,2.0,20,0.0,0,1.0,0.666666667,0,0,4.0,0,0.0,0
poi,3.0,poi-3.0.csv,org.apache.poi.hpsf.Util,15,1,0,7,34,105,6,1,14,1.071428571,338,0.0,0,0.0,0.103030303,0,0,21.46666667,6,1.8667,1
poi,3.0,poi-3.0.csv,org.apache.poi.hssf.record.formula.LessThanPtg,10,2,0,5,14,45,2,3,10,1.111111111,67,0.333333333,0,0.272727273,0.25,0,0,5.4,1,0.8,1
poi,3.0,poi-3.0.csv,org.apache.poi.util.NullLogger,23,2,0,2,24,253,1,1,23,2.0,49,0.0,0,0.52173913,0.669565217,1,2,1.130434783,1,0.9565,1
poi,3.0,poi-3.0.csv,org.apache.poi.hpsf.NoPropertySetStreamException,4,4,0,3,8,6,2,1,4,2.0,20,0.0,0,1.0,0.666666667,0,0,4.0,0,0.0,0
poi,3.0,poi-3.0.csv,org.apache.poi.hssf.record.formula.IntersectionPtg,9,2,0,4,13,36,1,3,9,1.125,58,0.0,0,0.3,0.259259259,0,0,5.333333333,1,0.7778,0
poi,3.0,poi-3.0.csv,org.apache.poi.hssf.usermodel.HSSFClientAnchor,18,2,0,7,32,85,4,3,16,0.776470588,398,0.0,0,0.384615385,0.355555556,1,1,20.83333333,4,1.5,2
poi,3.0,poi-3.0.csv,org.apache.poi.hssf.record.formula.ControlPtg,1,2,1,2,2,0,1,1,1,2.0,4,0.0,0,1.0,1.0,0,0,3.0,0,0.0,0
poi,3.0,poi-3.0.csv,org.apache.poi.hssf.record.PlotGrowthRecord,13,2,0,6,25,44,1,5,11,0.75,171,0.666666667,0,0.5,0.307692308,1,4,11.92307692,2,0.9231,1
poi,3.0,poi-3.0.csv,org.apache.poi.hpsf.IllegalPropertySetDataException,4,5,0,4,8,6,3,1,4,2.0,20,0.0,0,1.0,0.666666667,0,0,4.0,0,0.0,0
poi,3.0,poi-3.0.csv,org.apache.poi.poifs.property.RootProperty,3,3,0,8,10,3,6,2,1,2.0,27,0.0,0,0.971428571,0.666666667,1,1,8.0,1,0.3333,1
poi,3.0,poi-3.0.csv,org.apache.poi.hssf.record.aggregates.ColumnInfoRecordsAggregate,25,2,0,4,67,0,1,3,22,0.208333333,991,0.0,0,0.314285714,0.212,1,3,38.6,26,3.8,0
poi,3.0,poi-3.0.csv,org.apache.poi.poifs.storage.SmallDocumentBlockList,5,2,0,5,12,10,1,4,5,2.0,32,0.0,0,0.555555556,0.5,0,0,5.4,1,0.8,0
poi,3.0,poi-3.0.csv,org.apache.poi.hssf.record.DrawingGroupRecord,11,3,0,11,25,55,4,7,6,1.1,207,0.333333333,0,0.727272727,0.454545455,2,5,17.54545455,4,1.5455,1
poi,3.0,poi-3.0.csv,org.apache.poi.hssf.record.aggregates.FormulaRecordAggregate,25,2,0,8,45,0,3,5,23,0.694444444,181,0.666666667,2,0.314285714,0.182222222,1,4,6.12,2,1.12,5
poi,3.0,poi-3.0.csv,org.apache.poi.poifs.filesystem.DocumentInputStream,13,2,0,12,23,0,9,3,11,0.642857143,271,1.0,1,0.45,0.256410256,1,2,19.30769231,2,0.9231,0
poi,3.0,poi-3.0.csv,org.apache.poi.hssf.record.formula.MemErrPtg,5,3,0,4,12,10,1,3,5,1.25,42,0.0,0,0.842105263,0.36,2,2,7.2,1,0.6,0
poi,3.0,poi-3.0.csv,org.apache.poi.hssf.eventmodel.EventRecordFactory,10,1,0,14,59,15,2,12,6,0.644444444,732,1.0,0,0.0,0.180555556,0,0,71.7,8,2.0,1
poi,3.0,poi-3.0.csv,org.apache.poi.hssf.usermodel.HSSFFont,23,1,0,7,48,0,6,1,22,0.984848485,167,0.111111111,1,0.0,0.253623188,0,0,5.47826087,1,0.9565,1
poi,3.0,poi-3.0.csv,org.apache.poi.hssf.record.RecalcIdRecord,12,2,0,5,26,42,1,4,10,0.787878788,182,0.333333333,0,0.523809524,0.226190476,1,4,13.91666667,2,1.1667,1
poi,3.0,poi-3.0.csv,org.apache.poi.hssf.record.formula.DeletedArea3DPtg,2,3,0,3,4,1,1,2,2,2.0,12,0.0,0,1.0,0.625,0,0,4.5,0,0.0,0
poi,3.0,poi-3.0.csv,org.apache.poi.hssf.usermodel.HSSFDateUtil,11,1,0,2,24,53,1,2,6,1.033333333,241,1.0,0,0.0,0.157142857,0,0,20.63636364,4,1.6364,3
poi,3.0,poi-3.0.csv,org.apache.poi.hssf.record.PrintHeadersRecord,11,2,0,6,20,35,2,4,9,0.8,113,0.5,0,0.55,0.257575758,1,4,9.090909091,2,1.0909,1
poi,3.0,poi-3.0.csv,org.apache.poi.hssf.usermodel.HSSFPolygon,8,2,0,7,9,14,5,2,6,0.785714286,73,0.0,0,0.695652174,0.325,0,0,7.625,2,1.0,0
poi,3.0,poi-3.0.csv,org.apache.poi.hssf.record.formula.FuncVarPtg,8,3,0,5,20,0,2,3,7,1.142857143,154,0.5,0,0.772727273,0.270833333,1,5,18.0,1,0.625,0
poi,3.0,poi-3.0.csv,org.apache.poi.hssf.record.formula.AreaErrPtg,6,3,0,4,34,13,1,3,5,1.2,194,0.0,0,0.875,0.333333333,2,3,31.16666667,1,0.6667,0
poi,3.0,poi-3.0.csv,org.apache.poi.hssf.record.DrawingSelectionRecord,4,3,0,3,6,6,1,2,3,1.333333333,16,0.0,0,0.923076923,0.625,1,2,2.75,1,0.5,0
poi,3.0,poi-3.0.csv,org.apache.poi.hssf.usermodel.HSSFFooter,20,1,0,2,34,158,1,1,18,0.75,262,0.0,1,0.0,0.175,0,0,11.9,4,1.1,1
poi,3.0,poi-3.0.csv,org.apache.poi.hssf.usermodel.DummyGraphics2d,85,3,0,0,182,0,0,0,85,0.5,2891,0.5,0,0.514450867,0.075456389,2,20,32.98823529,1,0.9882,0
poi,3.0,poi-3.0.csv,org.apache.poi.ddf.EscherProperty,10,1,2,14,12,3,13,1,10,0.333333333,69,1.0,0,0.0,0.34,0,0,5.8,2,1.0,1
poi,3.0,poi-3.0.csv,org.apache.poi.hssf.record.GutsRecord,17,2,0,6,26,94,2,4,15,0.7625,207,0.8,0,0.423076923,0.305882353,1,4,10.88235294,2,0.9412,1
poi,3.0,poi-3.0.csv,org.apache.poi.hssf.util.Region,16,1,0,3,17,78,2,1,16,0.533333333,172,1.0,0,0.0,0.291666667,0,0,9.5,9,1.625,0
poi,3.0,poi-3.0.csv,org.apache.poi.hssf.record.formula.AreaNVPtg,6,3,0,5,9,15,2,3,5,1.2,31,0.0,0,0.875,0.333333333,1,1,4.0,1,0.6667,0
poi,3.0,poi-3.0.csv,org.apache.poi.hssf.usermodel.HSSFWorkbook,65,1,0,44,248,100,4,41,52,0.926470588,2273,0.470588235,4,0.0,0.129166667,0,0,33.70769231,32,2.3077,14
poi,3.0,poi-3.0.csv,org.apache.poi.hssf.record.WindowOneRecord,37,2,0,9,50,442,3,6,34,0.895833333,485,0.9375,6,0.244444444,0.25462963,1,4,11.67567568,2,0.9459,1
poi,3.0,poi-3.0.csv,org.apache.poi.hssf.record.ColumnInfoRecord,26,2,0,9,41,179,3,6,23,0.836,339,0.9,3,0.323529412,0.253333333,1,4,11.65384615,2,0.9231,1
poi,3.0,poi-3.0.csv,org.apache.poi.poifs.storage.HeaderBlockWriter,8,2,0,8,19,0,2,6,6,0.821428571,324,1.0,6,0.3,0.583333333,1,2,38.5,4,1.375,0
poi,3.0,poi-3.0.csv,org.apache.poi.hssf.record.formula.IntPtg,10,2,0,5,18,39,2,4,9,0.851851852,75,0.333333333,0,0.5,0.228571429,1,2,6.2,1,0.7,1
poi,3.0,poi-3.0.csv,org.apache.poi.hssf.util.SheetReferences,3,1,0,3,8,0,3,0,3,0.0,32,0.0,0,0.0,0.666666667,0,0,9.333333333,1,0.6667,0
poi,3.0,poi-3.0.csv,org.apache.poi.hssf.record.FormulaRecord,37,2,0,16,79,436,7,9,34,0.857142857,810,0.928571429,3,0.239130435,0.137592138,1,4,20.51351351,7,1.8649,4
poi,3.0,poi-3.0.csv,org.apache.poi.util.ByteField,11,1,0,4,15,21,1,3,11,0.533333333,90,1.0,0,0.0,0.454545455,0,0,6.909090909,1,0.6364,0
poi,3.0,poi-3.0.csv,org.apache.poi.hssf.usermodel.EscherGraphics2d,81,3,0,3,159,3130,0,3,73,0.830357143,905,1.0,2,0.526627219,0.079561043,2,20,10.08641975,5,1.1975,1
poi,3.0,poi-3.0.csv,org.apache.poi.hssf.record.PasswordRecord,11,2,0,6,20,43,2,4,9,0.8,102,0.5,0,0.55,0.309090909,1,4,8.090909091,2,0.9091,1
poi,3.0,poi-3.0.csv,org.apache.poi.hssf.record.NumberFormatIndexRecord,11,2,0,5,22,35,0,5,9,0.8,122,0.5,0,0.55,0.309090909,1,4,9.909090909,2,0.9091,1
poi,3.0,poi-3.0.csv,org.apache.poi.hssf.record.SSTRecordHeader,2,1,0,3,5,0,1,2,2,0.0,88,0.0,0,0.0,0.75,0,0,42.0,1,0.5,0
poi,3.0,poi-3.0.csv,org.apache.poi.poifs.storage.BlockList,4,1,0,6,4,6,5,2,4,2.0,4,0.0,0,0.0,0.666666667,0,0,0.0,1,1.0,1
poi,3.0,poi-3.0.csv,org.apache.poi.hssf.record.Record,12,1,134,155,21,66,154,1,10,2.0,63,0.0,0,0.0,0.283333333,0,0,4.25,1,0.8333,3
poi,3.0,poi-3.0.csv,org.apache.poi.hssf.record.AxisRecord,19,2,0,6,33,95,1,5,17,0.87037037,321,0.555555556,0,0.392857143,0.305263158,1,4,15.42105263,2,0.9474,1
poi,3.0,poi-3.0.csv,org.apache.poi.hssf.record.ExtSSTInfoSubRecord,12,2,0,4,22,52,1,3,10,0.872727273,124,0.6,0,0.523809524,0.316666667,1,4,8.916666667,1,0.8333,0
poi,3.0,poi-3.0.csv,org.apache.poi.hssf.record.InterfaceHdrRecord,10,2,0,6,19,39,2,4,8,0.925925926,92,0.333333333,0,0.578947368,0.32,1,4,7.9,2,0.9,1
poi,3.0,poi-3.0.csv,org.apache.poi.poifs.property.Child,4,1,0,3,4,6,3,0,4,2.0,4,0.0,0,0.0,0.75,0,0,0.0,1,1.0,0
poi,3.0,poi-3.0.csv,org.apache.poi.hssf.dev.HSSF,4,1,0,9,49,0,0,9,4,0.0,463,1.0,1,0.0,0.5625,0,0,114.25,8,2.0,2
poi,3.0,poi-3.0.csv,org.apache.poi.hssf.record.RecordFormatException,3,4,0,147,6,3,147,0,3,2.0,16,0.0,0,1.0,0.777777778,0,0,4.333333333,0,0.0,0
poi,3.0,poi-3.0.csv,org.apache.poi.hpsf.MutableProperty,6,2,1,7,14,15,3,4,6,2.0,67,0.0,0,0.555555556,0.333333333,1,2,10.16666667,1,0.6667,0
poi,3.0,poi-3.0.csv,org.apache.poi.hssf.record.InterfaceEndRecord,8,2,0,6,15,28,2,4,6,1.142857143,60,0.0,0,0.647058824,0.325,1,4,6.375,2,0.875,1
poi,3.0,poi-3.0.csv,org.apache.poi.ddf.EscherDggRecord,17,2,0,11,48,38,4,8,17,0.822916667,421,0.666666667,1,0.542857143,0.274509804,1,5,23.41176471,3,1.1765,2
poi,3.0,poi-3.0.csv,org.apache.poi.poifs.filesystem.POIFSDocumentPath,9,1,0,10,20,0,10,0,9,0.25,294,1.0,0,0.0,0.311111111,1,1,31.44444444,7,1.8889,0
poi,3.0,poi-3.0.csv,org.apache.poi.hssf.record.aggregates.RowRecordsAggregate,29,2,0,6,61,282,1,5,26,0.669642857,710,0.0,0,0.282051282,0.232758621,1,3,23.34482759,7,2.2069,5
poi,3.0,poi-3.0.csv,org.apache.poi.poifs.property.Property,32,1,3,19,65,290,13,6,18,0.962648557,732,1.0,16,0.0,0.17578125,0,0,20.6875,3,1.1563,1
poi,3.0,poi-3.0.csv,org.apache.poi.hssf.record.ContinueRecord,11,2,0,7,21,25,3,4,9,0.8,121,0.5,0,0.55,0.309090909,1,3,9.818181818,2,0.9091,2
poi,3.0,poi-3.0.csv,org.apache.poi.hssf.record.formula.StringPtg,9,2,0,7,24,2,2,6,8,0.666666667,190,0.166666667,1,0.538461538,0.259259259,1,2,19.44444444,2,0.8889,0
poi,3.0,poi-3.0.csv,org.apache.poi.ddf.UnknownEscherRecord,12,2,0,6,47,28,1,5,11,0.636363636,353,1.0,0,0.655172414,0.246753247,1,6,28.16666667,3,1.3333,1
poi,3.0,poi-3.0.csv,org.apache.poi.ddf.EscherPropertyMetaData,4,1,0,1,5,0,1,0,4,1.125,33,0.25,0,0.0,0.583333333,0,0,5.25,1,0.5,1
poi,3.0,poi-3.0.csv,org.apache.poi.hssf.record.RefModeRecord,11,2,0,6,20,43,2,4,9,0.95,104,0.25,0,0.55,0.309090909,1,4,8.090909091,2,0.9091,1
poi,3.0,poi-3.0.csv,org.apache.poi.hssf.record.formula.ArrayPtg,14,2,2,9,40,27,3,7,13,0.776223776,594,0.909090909,0,0.368421053,0.273809524,1,2,40.64285714,7,2.4286,1
poi,3.0,poi-3.0.csv,org.apache.poi.hssf.record.FormatRecord,15,2,0,8,31,55,3,5,13,0.757142857,240,0.8,0,0.458333333,0.2,1,4,14.66666667,4,1.3333,1
poi,3.0,poi-3.0.csv,org.apache.poi.hssf.record.SaveRecalcRecord,11,2,0,6,20,35,2,4,9,0.8,112,0.5,0,0.55,0.257575758,1,4,9.0,2,1.0909,1
poi,3.0,poi-3.0.csv,org.apache.poi.poifs.filesystem.Entry,6,1,0,7,6,15,7,1,6,2.0,6,0.0,0,0.0,0.583333333,0,0,0.0,1,1.0,0
poi,3.0,poi-3.0.csv,org.apache.poi.hssf.record.SSTDeserializer,3,1,0,4,6,1,1,3,3,0.5,32,1.0,1,0.0,0.466666667,0,0,9.333333333,2,1.0,0
poi,3.0,poi-3.0.csv,org.apache.poi.ddf.EscherArrayProperty,15,3,0,6,37,5,2,4,14,0.904761905,434,1.0,0,0.535714286,0.4,1,4,27.73333333,3,1.5333,1
poi,3.0,poi-3.0.csv,org.apache.poi.hpsf.ReadingNotSupportedException,1,6,0,2,2,0,1,1,1,2.0,6,0.0,0,1.0,1.0,0,0,5.0,0,0.0,0
poi,3.0,poi-3.0.csv,org.apache.poi.hssf.record.BottomMarginRecord,11,2,0,7,21,35,2,5,9,0.8,107,0.5,0,0.55,0.257575758,1,4,8.545454545,2,0.9091,1
poi,3.0,poi-3.0.csv,org.apache.poi.hssf.record.MergeCellsRecord,14,2,0,7,37,35,3,5,12,0.730769231,335,0.5,0,0.47826087,0.342857143,1,4,22.78571429,2,1.3571,1
poi,3.0,poi-3.0.csv,org.apache.poi.hssf.record.WindowProtectRecord,10,2,0,6,19,33,2,4,8,0.833333333,102,0.5,0,0.578947368,0.266666667,1,4,9.0,2,1.1,1
poi,3.0,poi-3.0.csv,org.apache.poi.hssf.model.SimpleFilledShape,6,2,0,12,36,11,1,12,2,0.8,173,1.0,2,0.5,0.541666667,1,1,27.5,3,1.1667,2
poi,3.0,poi-3.0.csv,org.apache.poi.ddf.EscherDump,9,1,0,8,45,36,1,8,5,2.0,3581,0.0,0,0.0,0.296296296,0,0,396.8888889,3,1.3333,1
poi,3.0,poi-3.0.csv,org.apache.poi.hssf.record.WriteProtectRecord,8,2,0,5,15,28,1,4,6,1.142857143,60,0.0,0,0.647058824,0.325,1,4,6.375,2,0.875,1
poi,3.0,poi-3.0.csv,org.apache.poi.poifs.storage.SmallDocumentBlock,12,1,0,8,25,24,6,2,8,0.863636364,319,1.0,0,0.0,0.214285714,0,0,25.25,3,1.25,1
poi,3.0,poi-3.0.csv,org.apache.poi.hssf.record.AbstractEscherHolderRecord,22,2,4,15,54,69,6,9,17,0.698412698,434,1.0,0,0.366666667,0.238095238,1,4,18.59090909,4,1.3636,6
poi,3.0,poi-3.0.csv,org.apache.poi.ddf.EscherBitmapBlip,11,3,0,9,33,0,3,6,11,0.916666667,241,0.5,0,0.833333333,0.303030303,1,4,20.36363636,1,0.9091,2
poi,3.0,poi-3.0.csv,org.apache.poi.hssf.record.ExternSheetRecord,13,2,0,7,31,52,2,5,11,0.722222222,206,0.666666667,0,0.5,0.269230769,1,4,14.61538462,2,1.1538,2
poi,3.0,poi-3.0.csv,org.apache.poi.util.HexDump,16,1,0,71,49,102,71,0,11,0.355555556,794,0.666666667,0,0.0,0.18,0,0,48.4375,10,1.875,2
poi,3.0,poi-3.0.csv,org.apache.poi.hssf.record.DrawingRecord,10,2,0,7,16,15,3,4,8,0.777777778,125,0.5,0,0.578947368,0.34,1,3,11.3,3,1.2,2
poi,3.0,poi-3.0.csv,org.apache.poi.hssf.record.MulBlankRecord,13,2,0,6,24,64,3,3,10,0.85,172,0.8,0,0.5,0.307692308,1,3,11.84615385,2,1.0769,4
poi,3.0,poi-3.0.csv,org.apache.poi.hssf.usermodel.StaticFontMetrics,3,1,0,2,24,1,1,1,1,0.75,121,1.0,0,0.0,0.5,0,0,38.66666667,8,2.6667,2
poi,3.0,poi-3.0.csv,org.apache.poi.ddf.EscherClientAnchorRecord,27,2,0,8,47,149,3,5,27,0.860946746,538,0.846153846,0,0.422222222,0.265432099,1,5,18.44444444,6,1.2593,1
poi,3.0,poi-3.0.csv,org.apache.poi.hssf.usermodel.HSSFComment,11,4,0,11,24,9,5,6,10,0.75,150,1.0,2,0.756756757,0.181818182,1,1,12.09090909,3,1.4545,2
poi,3.0,poi-3.0.csv,org.apache.poi.hssf.record.RKRecord,23,2,0,9,48,221,3,6,21,0.904040404,378,0.444444444,0,0.34375,0.211180124,1,3,15.04347826,6,1.5217,1
poi,3.0,poi-3.0.csv,org.apache.poi.hssf.record.EndSubRecord,9,3,0,11,16,36,8,4,7,1.125,70,0.0,0,0.631578947,0.311111111,1,4,6.666666667,2,0.8889,1
poi,3.0,poi-3.0.csv,org.apache.poi.hssf.record.formula.AbstractFunctionPtg,16,2,2,6,31,102,3,3,11,0.933333333,9886,0.75,1,0.176470588,0.19047619,0,0,616.375,5,1.1875,1
poi,3.0,poi-3.0.csv,org.apache.poi.ddf.EscherTextboxRecord,11,2,0,7,35,11,1,6,10,0.85,242,0.5,0,0.678571429,0.38,1,5,20.63636364,2,0.9091,1
poi,3.0,poi-3.0.csv,org.apache.poi.hssf.model.DrawingManager2,8,1,0,7,29,0,4,3,4,0.357142857,242,0.0,1,0.0,0.375,0,0,29.0,6,1.875,0
poi,3.0,poi-3.0.csv,org.apache.poi.hssf.record.formula.MultiplyPtg,11,2,0,5,16,55,2,4,11,1.1,95,0.0,0,0.25,0.220779221,0,0,7.454545455,1,0.8182,0
poi,3.0,poi-3.0.csv,org.apache.poi.hssf.usermodel.FontDetails,9,1,0,2,32,20,2,0,8,0.625,291,1.0,0,0.0,0.301587302,0,0,31.0,8,2.4444,2
poi,3.0,poi-3.0.csv,org.apache.poi.hssf.record.MulRKRecord,14,2,0,8,32,73,3,5,11,0.861538462,192,0.8,0,0.47826087,0.314285714,1,3,12.35714286,2,1.0714,2
poi,3.0,poi-3.0.csv,org.apache.poi.poifs.filesystem.OfficeXmlFileException,1,5,0,1,2,0,1,0,1,2.0,5,0.0,0,1.0,1.0,0,0,4.0,0,0.0,0
poi,3.0,poi-3.0.csv,org.apache.poi.ddf.EscherOptRecord,12,2,0,17,49,0,10,8,11,0.757575758,269,0.333333333,0,0.633333333,0.277777778,1,5,21.16666667,3,1.25,1
poi,3.0,poi-3.0.csv,org.apache.poi.hssf.record.AxisLineFormatRecord,11,2,0,6,22,35,1,5,9,1.0,126,0.166666667,0,0.55,0.309090909,1,4,9.909090909,2,0.9091,1
poi,3.0,poi-3.0.csv,org.apache.poi.hssf.record.PageBreakRecord,16,2,2,8,43,96,4,5,14,0.755555556,457,0.5,0,0.458333333,0.325,1,4,27.1875,5,1.6875,1
poi,3.0,poi-3.0.csv,org.apache.poi.hpsf.Constants,1,1,0,0,2,0,0,0,1,2.0,58,0.0,0,0.0,1.0,0,0,3.0,0,0.0,0
poi,3.0,poi-3.0.csv,org.apache.poi.poifs.storage.DocumentBlock,10,2,0,5,19,5,2,3,8,0.740740741,223,1.0,0,0.3,0.228571429,1,2,21.0,3,1.2,0
poi,3.0,poi-3.0.csv,org.apache.poi.ddf.EscherPropertyFactory,2,1,0,10,20,1,1,9,2,2.0,166,0.0,0,0.0,0.625,0,0,82.0,11,5.5,1
poi,3.0,poi-3.0.csv,org.apache.poi.hssf.record.formula.RefErrorPtg,10,2,0,4,18,25,1,4,9,0.888888889,83,0.666666667,0,0.466666667,0.3,1,2,7.0,1,0.8,1
poi,3.0,poi-3.0.csv,org.apache.poi.hssf.record.formula.PowerPtg,9,2,0,5,13,36,2,3,9,1.125,62,0.0,0,0.3,0.259259259,0,0,5.666666667,1,0.7778,0
poi,3.0,poi-3.0.csv,org.apache.poi.poifs.dev.POIFSViewEngine,4,1,0,2,24,4,1,1,2,0.333333333,146,1.0,0,0.0,0.466666667,0,0,35.25,3,1.25,0
poi,3.0,poi-3.0.csv,org.apache.poi.hssf.record.RightMarginRecord,11,2,0,7,21,35,2,5,9,0.8,107,0.5,0,0.55,0.257575758,1,4,8.545454545,2,0.9091,0
poi,3.0,poi-3.0.csv,org.apache.poi.hssf.record.SSTRecord,23,2,0,12,60,65,2,10,17,0.912587413,386,0.384615385,3,0.35483871,0.220779221,2,5,15.2173913,6,1.3913,3
poi,3.0,poi-3.0.csv,org.apache.poi.poifs.property.DocumentProperty,7,2,0,6,14,9,5,2,5,0.5,48,1.0,1,0.848484848,0.342857143,0,0,5.714285714,1,0.7143,0
poi,3.0,poi-3.0.csv,org.apache.poi.hssf.usermodel.HSSFPrintSetup,39,1,0,3,78,0,2,1,38,0.923684211,234,0.0,1,0.0,0.302564103,0,0,4.743589744,2,1.0256,0
poi,3.0,poi-3.0.csv,org.apache.poi.util.SystemOutLogger,4,2,0,1,12,4,0,1,4,0.666666667,44,1.0,0,0.888888889,0.5,1,1,9.75,2,1.25,2
poi,3.0,poi-3.0.csv,org.apache.poi.poifs.filesystem.DocumentOutputStream,8,2,0,3,15,4,3,0,5,0.428571429,90,1.0,0,0.416666667,0.425,1,1,9.875,1,0.875,1
poi,3.0,poi-3.0.csv,org.apache.poi.poifs.storage.BATBlock,12,2,0,6,18,54,4,2,8,0.924242424,222,1.0,1,0.230769231,0.3125,1,2,17.0,5,1.3333,1
poi,3.0,poi-3.0.csv,org.apache.poi.ddf.EscherBSERecord,33,2,0,9,63,326,2,7,33,0.940217391,684,0.565217391,1,0.37254902,0.200757576,1,5,19.03030303,7,1.303,2
poi,3.0,poi-3.0.csv,org.apache.poi.ddf.EscherBlipWMFRecord,32,3,0,7,64,312,0,7,32,0.891705069,614,0.928571429,0,0.617283951,0.265625,1,5,17.75,1,0.9688,1
poi,3.0,poi-3.0.csv,org.apache.poi.util.LittleEndianConsts,0,1,0,1,0,0,1,0,0,2.0,5,0.0,0,0.0,0.0,0,0,0.0,0,0.0,0
poi,3.0,poi-3.0.csv,org.apache.poi.hssf.record.MMSRecord,12,2,0,6,21,54,2,4,10,0.787878788,122,0.666666667,0,0.523809524,0.263888889,1,4,8.916666667,2,0.9167,1
poi,3.0,poi-3.0.csv,org.apache.poi.hssf.record.HeaderRecord,14,2,0,9,30,55,4,5,12,0.753846154,258,0.8,0,0.47826087,0.214285714,1,4,17.07142857,5,1.6429,2
poi,3.0,poi-3.0.csv,org.apache.poi.hssf.record.StringRecord,15,2,0,10,32,53,5,5,12,0.714285714,209,0.75,0,0.458333333,0.20952381,1,4,12.66666667,2,1.2667,3
poi,3.0,poi-3.0.csv,org.apache.poi.hssf.record.formula.RefNVPtg,6,3,0,5,9,15,2,3,5,1.2,31,0.0,0,0.851851852,0.333333333,0,0,4.0,1,0.6667,0
poi,3.0,poi-3.0.csv,org.apache.poi.hssf.record.formula.OperationPtg,5,2,21,24,6,10,23,1,5,1.25,13,0.0,0,0.636363636,0.6,0,0,1.0,1,0.8,0
poi,3.0,poi-3.0.csv,org.apache.poi.hssf.eventusermodel.HSSFEventFactory,6,1,0,9,15,15,1,8,5,2.0,128,0.0,0,0.0,0.533333333,0,0,20.33333333,1,0.8333,4
poi,3.0,poi-3.0.csv,org.apache.poi.hssf.record.EndRecord,8,2,0,5,15,28,1,4,6,1.142857143,60,0.0,0,0.647058824,0.325,1,4,6.375,2,0.875,1
poi,3.0,poi-3.0.csv,org.apache.poi.hssf.model.WorkbookRecordList,28,1,0,2,35,198,1,1,28,0.841750842,388,1.0,0,0.0,0.383928571,0,0,12.46428571,12,1.75,1
poi,3.0,poi-3.0.csv,org.apache.poi.hssf.record.BOFRecord,21,2,0,8,33,148,4,4,19,0.944117647,286,0.352941176,0,0.366666667,0.304761905,1,4,11.80952381,2,0.9524,3
poi,3.0,poi-3.0.csv,org.apache.poi.hssf.record.PrintSetupRecord,48,2,0,10,64,616,4,6,45,0.9,667,0.95,8,0.196428571,0.215805471,1,4,12.47916667,2,0.9583,1
poi,3.0,poi-3.0.csv,org.apache.poi.hssf.usermodel.HSSFPicture,3,3,0,6,5,1,3,3,2,1.357142857,25,0.0,0,0.9,0.5,0,0,5.0,1,0.6667,3
poi,3.0,poi-3.0.csv,org.apache.poi.hssf.record.SeriesToChartGroupRecord,11,2,0,6,22,35,1,5,9,0.8,122,0.5,0,0.55,0.309090909,1,4,9.909090909,2,0.9091,1
poi,3.0,poi-3.0.csv,org.apache.poi.hssf.record.CalcModeRecord,11,2,0,6,20,43,2,4,9,0.98,105,0.2,0,0.55,0.309090909,1,4,8.090909091,2,0.9091,1
poi,3.0,poi-3.0.csv,org.apache.poi.hssf.record.PrintGridlinesRecord,11,2,0,7,20,35,3,4,9,0.8,113,0.5,0,0.55,0.257575758,1,4,9.090909091,2,1.0909,1
poi,3.0,poi-3.0.csv,org.apache.poi.poifs.property.Parent,4,1,0,3,4,6,1,2,4,2.0,4,0.0,0,0.0,0.583333333,0,0,0.0,1,1.0,0
poi,3.0,poi-3.0.csv,org.apache.poi.poifs.eventfilesystem.POIFSReaderEvent,4,1,0,5,5,0,3,2,3,0.666666667,28,1.0,2,0.0,0.4375,0,0,5.25,1,0.75,0
poi,3.0,poi-3.0.csv,org.apache.poi.hpsf.MutableSection,24,2,0,15,86,116,5,11,21,0.507246377,781,1.0,0,0.290322581,0.16025641,1,7,31.41666667,7,1.4167,0
poi,3.0,poi-3.0.csv,org.apache.poi.hssf.record.FooterRecord,14,2,0,9,30,55,4,5,12,0.753846154,259,0.8,0,0.47826087,0.214285714,1,4,17.14285714,5,1.6429,2
poi,3.0,poi-3.0.csv,org.apache.poi.util.IntList2d,6,1,0,1,16,0,0,1,4,0.0,108,0.0,0,0.0,0.916666667,0,0,16.83333333,3,1.8333,0
poi,3.0,poi-3.0.csv,org.apache.poi.hssf.usermodel.HSSFPalette,6,1,0,7,12,0,2,5,5,0.0,175,1.0,1,0.0,0.541666667,0,0,28.0,5,2.5,1
poi,3.0,poi-3.0.csv,org.apache.poi.poifs.property.PropertyTable,11,1,0,11,34,0,2,9,10,0.566666667,210,1.0,1,0.0,0.272727273,0,0,17.81818182,3,1.0909,2
poi,3.0,poi-3.0.csv,org.apache.poi.hssf.record.BookBoolRecord,10,2,0,6,19,33,2,4,8,0.833333333,91,0.5,0,0.578947368,0.32,1,4,7.9,2,0.9,1
poi,3.0,poi-3.0.csv,org.apache.poi.hssf.record.SCLRecord,13,2,0,8,24,44,3,5,11,0.75,171,0.666666667,0,0.5,0.307692308,1,4,11.92307692,2,0.9231,1
poi,3.0,poi-3.0.csv,org.apache.poi.hssf.record.NumberRecord,24,2,0,11,39,234,6,5,22,0.747826087,365,0.8,0,0.333333333,0.197916667,1,4,14.0,7,1.8333,1
poi,3.0,poi-3.0.csv,org.apache.poi.ddf.DefaultEscherRecordFactory,4,1,1,11,27,4,3,8,2,0.833333333,214,1.0,0,0.0,0.416666667,0,0,52.0,10,3.0,2
poi,3.0,poi-3.0.csv,org.apache.poi.ddf.NullEscherSerializationListener,3,1,0,5,4,3,4,2,3,2.0,8,0.0,0,0.0,0.75,0,0,1.666666667,1,0.6667,1
poi,3.0,poi-3.0.csv,org.apache.poi.hssf.record.PlotAreaRecord,9,2,0,5,16,36,1,4,7,1.125,71,0.0,0,0.611111111,0.311111111,1,4,6.777777778,2,0.8889,1
poi,3.0,poi-3.0.csv,org.apache.poi.hpsf.CustomProperty,7,3,0,4,14,9,2,2,7,0.166666667,85,1.0,0,0.692307692,0.428571429,1,1,11.0,7,1.4286,0
poi,3.0,poi-3.0.csv,org.apache.poi.ddf.EscherSpgrRecord,15,2,0,7,32,43,1,6,15,0.833333333,253,0.666666667,0,0.575757576,0.333333333,1,5,15.46666667,2,1.0,1
poi,3.0,poi-3.0.csv,org.apache.poi.hssf.record.AxisParentRecord,19,2,0,6,33,95,1,5,17,0.847222222,320,0.625,0,0.392857143,0.305263158,1,4,15.42105263,2,0.9474,1
poi,3.0,poi-3.0.csv,org.apache.poi.hssf.record.DateWindow1904Record,10,2,0,6,19,39,2,4,8,0.833333333,91,0.5,0,0.578947368,0.32,1,4,7.9,2,0.9,1
poi,3.0,poi-3.0.csv,org.apache.poi.hssf.record.RefreshAllRecord,10,2,0,6,19,33,2,4,8,0.833333333,101,0.5,0,0.578947368,0.266666667,1,4,8.9,2,1.1,1
poi,3.0,poi-3.0.csv,org.apache.poi.hssf.record.LinkedDataFormulaField,9,1,0,5,29,0,1,4,9,0.125,139,0.0,0,0.0,0.259259259,0,0,14.33333333,2,1.1111,0
poi,3.0,poi-3.0.csv,org.apache.poi.hssf.util.CellReference,12,1,0,6,32,34,6,0,9,0.690909091,346,1.0,0,0.0,0.375,0,0,27.41666667,6,1.5833,1
poi,3.0,poi-3.0.csv,org.apache.poi.hssf.usermodel.HSSFRichTextString,22,1,0,12,47,0,7,5,16,0.583333333,307,0.75,3,0.0,0.196969697,0,0,12.77272727,9,1.5,4
poi,3.0,poi-3.0.csv,org.apache.poi.hpsf.TypeWriter,9,1,0,9,27,36,4,6,9,2.0,204,0.0,0,0.0,0.25,0,0,21.66666667,1,0.8889,0
poi,3.0,poi-3.0.csv,org.apache.poi.hssf.record.UnicodeString,36,1,0,18,90,252,11,8,29,0.742857143,1699,0.888888889,3,0.0,0.16,1,1,45.94444444,25,4.1667,3
poi,3.0,poi-3.0.csv,org.apache.poi.hssf.record.formula.NumberPtg,10,2,0,5,18,39,2,4,9,0.851851852,75,0.333333333,0,0.5,0.228571429,1,2,6.2,1,0.7,1
poi,3.0,poi-3.0.csv,org.apache.poi.hssf.record.formula.AreaVPtg,5,3,0,4,17,10,2,2,4,1.25,52,0.0,0,0.933333333,0.4,1,1,9.2,1,0.4,0
poi,3.0,poi-3.0.csv,org.apache.poi.hssf.record.formula.ArrayPtgV,3,3,0,3,8,3,1,2,2,1.5,92,0.0,0,0.95,0.666666667,1,5,29.33333333,3,1.0,0
poi,3.0,poi-3.0.csv,org.apache.poi.poifs.common.POIFSConstants,0,1,0,0,0,0,0,0,0,2.0,4,0.0,0,0.0,0.0,0,0,0.0,0,0.0,0
poi,3.0,poi-3.0.csv,org.apache.poi.hssf.record.FilePassRecord,9,2,0,5,19,24,1,4,7,0.875,97,0.5,0,0.611111111,0.311111111,1,4,9.555555556,2,0.8889,2
poi,3.0,poi-3.0.csv,org.apache.poi.hpsf.DocumentSummaryInformation,51,3,0,11,99,1275,1,10,49,1.02,564,0.0,0,0.333333333,0.193277311,0,0,10.03921569,6,1.1765,0
poi,3.0,poi-3.0.csv,org.apache.poi.hssf.record.formula.ArrayPtgA,3,3,0,3,8,3,1,2,2,1.5,92,0.0,0,0.95,0.666666667,1,5,29.33333333,3,1.0,0
poi,3.0,poi-3.0.csv,org.apache.poi.hpsf.Section,18,1,1,14,64,127,8,7,14,0.754901961,714,1.0,2,0.0,0.25,1,1,38.33333333,16,2.4444,2
poi,3.0,poi-3.0.csv,org.apache.poi.hssf.record.BoundSheetRecord,19,2,0,7,40,123,2,5,17,0.777777778,320,0.833333333,0,0.392857143,0.218045113,1,4,15.52631579,11,1.6316,2
poi,3.0,poi-3.0.csv,org.apache.poi.hssf.record.formula.ErrPtg,7,2,0,3,9,9,1,3,7,0.944444444,69,0.666666667,0,0.583333333,0.314285714,1,2,8.428571429,9,1.8571,0
poi,3.0,poi-3.0.csv,org.apache.poi.ddf.EscherSimpleProperty,8,2,3,13,24,0,9,4,8,0.142857143,121,1.0,0,0.571428571,0.375,1,1,14.0,5,1.25,1
poi,3.0,poi-3.0.csv,org.apache.poi.poifs.filesystem.POIFSWriterEvent,5,1,0,5,6,2,3,2,4,0.75,36,1.0,2,0.0,0.36,0,0,5.4,1,0.8,0
poi,3.0,poi-3.0.csv,org.apache.poi.hssf.record.GroupMarkerSubRecord,9,3,0,6,23,0,2,5,7,0.6875,150,0.5,0,0.631578947,0.311111111,1,4,15.44444444,2,1.0,1
poi,3.0,poi-3.0.csv,org.apache.poi.util.POILogFactory,4,1,0,8,15,4,6,2,2,0.333333333,55,1.0,0,0.0,0.333333333,0,0,12.5,2,0.75,0
poi,3.0,poi-3.0.csv,org.apache.poi.hssf.record.ExtendedFormatRecord,95,2,0,11,115,3119,5,6,92,0.980994502,1371,0.483146067,34,0.106796117,0.25177305,1,4,12.49473684,3,1.0,1
poi,3.0,poi-3.0.csv,org.apache.poi.hssf.record.formula.GreaterEqualPtg,9,2,0,5,13,36,2,3,9,1.125,62,0.0,0,0.3,0.259259259,0,0,5.666666667,1,0.7778,1
poi,3.0,poi-3.0.csv,org.apache.poi.hpsf.NoSingleSectionException,4,5,0,3,8,6,2,1,4,2.0,20,0.0,0,1.0,0.666666667,0,0,4.0,0,0.0,0
poi,3.0,poi-3.0.csv,org.apache.poi.hssf.usermodel.HSSFSimpleShape,3,2,2,12,4,0,10,2,2,1.25,24,0.0,0,0.888888889,0.5,0,0,5.0,1,0.6667,0
poi,3.0,poi-3.0.csv,org.apache.poi.hssf.usermodel.HSSFShape,17,1,3,18,19,84,15,3,16,0.994047619,152,0.0,2,0.0,0.317647059,0,0,6.705882353,4,1.1176,1
poi,3.0,poi-3.0.csv,org.apache.poi.hpsf.PropertySet,26,1,1,16,72,273,5,11,20,0.82,553,0.5,1,0.0,0.288,1,1,19.88461538,8,1.3077,0
poi,3.0,poi-3.0.csv,org.apache.poi.hssf.record.PaneRecord,19,2,0,7,30,95,2,5,17,0.888888889,322,0.5,0,0.392857143,0.305263158,1,4,15.42105263,2,0.9474,1
poi,3.0,poi-3.0.csv,org.apache.poi.util.List2d,5,1,0,0,11,0,0,0,3,0.0,86,0.0,0,0.0,0.666666667,0,0,16.0,3,1.6,0
poi,3.0,poi-3.0.csv,org.apache.poi.hssf.usermodel.HSSFTextbox,11,3,1,11,14,41,7,4,11,0.916666667,66,0.0,1,0.642857143,0.327272727,0,0,4.454545455,1,0.9091,1
poi,3.0,poi-3.0.csv,org.apache.poi.hssf.model.Sheet,134,1,0,65,390,7059,5,60,101,0.940893901,3878,0.722222222,19,0.0,0.077238551,0,0,27.67164179,43,2.3507,16
poi,3.0,poi-3.0.csv,org.apache.poi.hssf.record.ProtectionRev4Record,10,2,0,6,19,33,2,4,8,0.833333333,101,0.5,0,0.578947368,0.266666667,1,4,8.9,2,1.1,1
poi,3.0,poi-3.0.csv,org.apache.poi.hssf.record.TickRecord,37,2,0,8,60,350,1,7,35,0.867647059,739,0.941176471,4,0.239130435,0.216216216,1,4,18.51351351,2,0.973,1
poi,3.0,poi-3.0.csv,org.apache.poi.hssf.record.StyleRecord,23,2,0,9,39,181,2,7,20,0.877272727,388,0.7,1,0.34375,0.223602484,1,4,15.43478261,4,1.3478,2
poi,3.0,poi-3.0.csv,org.apache.poi.hssf.record.formula.Area3DPtg,34,2,1,13,60,187,5,9,34,0.747474747,700,0.888888889,2,0.184210526,0.173202614,2,3,19.32352941,8,1.4118,1
poi,3.0,poi-3.0.csv,org.apache.poi.hssf.record.WSBoolRecord,30,2,0,9,43,141,3,6,27,0.859195402,372,0.916666667,9,0.289473684,0.216748768,1,4,11.0,2,0.9333,1
poi,3.0,poi-3.0.csv,org.apache.poi.hssf.record.NoteRecord,18,2,0,9,36,51,5,4,16,0.852941176,300,0.625,0,0.407407407,0.259259259,1,4,15.22222222,2,0.9444,5
poi,3.0,poi-3.0.csv,org.apache.poi.hssf.record.LegendRecord,35,2,0,8,56,189,1,7,33,0.914322251,635,0.565217391,6,0.25,0.216326531,1,4,16.48571429,2,0.9714,1
poi,3.0,poi-3.0.csv,org.apache.poi.hssf.record.DefaultDataLabelTextPropertiesRecord,11,2,0,6,22,35,1,5,9,0.98,125,0.2,0,0.55,0.309090909,1,4,9.909090909,2,0.9091,1
poi,3.0,poi-3.0.csv,org.apache.poi.hssf.eventmodel.ListenerWrapper,2,1,0,3,5,0,1,2,1,0.0,49,1.0,1,0.0,0.6,0,0,22.0,5,2.5,0
poi,3.0,poi-3.0.csv,org.apache.poi.hssf.record.SeriesListRecord,11,2,0,5,22,25,1,4,9,0.75,124,0.5,0,0.55,0.257575758,1,4,10.09090909,2,0.9091,1
poi,3.0,poi-3.0.csv,org.apache.poi.ddf.EscherRecordFactory,1,1,0,21,1,0,21,1,1,2.0,1,0.0,0,0.0,1.0,0,0,0.0,1,1.0,1
poi,3.0,poi-3.0.csv,org.apache.poi.poifs.filesystem.POIFSFileSystem,17,1,0,36,95,106,9,28,13,0.354166667,461,1.0,2,0.0,0.14479638,0,0,25.94117647,2,1.1176,3
poi,3.0,poi-3.0.csv,org.apache.poi.poifs.filesystem.DirectoryNode,20,2,0,14,65,94,3,14,15,0.649122807,327,1.0,2,0.321428571,0.154545455,1,1,15.2,3,1.15,0
poi,3.0,poi-3.0.csv,org.apache.poi.dev.RecordGenerator,4,1,0,0,40,6,0,0,2,2.0,323,0.0,0,0.0,0.25,0,0,79.75,1,0.75,0
poi,3.0,poi-3.0.csv,org.apache.poi.hpsf.ClassID,10,1,0,11,23,0,10,1,10,0.611111111,359,0.5,0,0.0,0.45,1,1,34.7,6,2.0,0
poi,3.0,poi-3.0.csv,org.apache.poi.poifs.filesystem.POIFSWriterListener,1,1,0,7,1,0,6,1,1,2.0,1,0.0,0,0.0,1.0,0,0,0.0,1,1.0,0
poi,3.0,poi-3.0.csv,org.apache.poi.hssf.record.CategorySeriesAxisRecord,23,2,0,8,39,75,1,7,21,0.772727273,374,0.875,3,0.34375,0.253623188,1,4,14.91304348,2,0.9565,1
poi,3.0,poi-3.0.csv,org.apache.poi.poifs.filesystem.DocumentDescriptor,4,1,0,2,18,0,1,1,4,0.222222222,129,1.0,1,0.0,0.4375,1,1,30.5,6,2.5,0
poi,3.0,poi-3.0.csv,org.apache.poi.hssf.record.FontIndexRecord,11,2,0,6,22,35,1,5,9,0.8,122,0.5,0,0.55,0.309090909,1,4,9.909090909,2,0.9091,1
poi,3.0,poi-3.0.csv,org.apache.poi.hssf.record.formula.LessEqualPtg,9,2,0,5,13,36,2,3,9,1.125,62,0.0,0,0.3,0.259259259,0,0,5.666666667,1,0.7778,1
poi,3.0,poi-3.0.csv,org.apache.poi.hssf.record.formula.PercentPtg,10,2,0,4,14,45,1,3,10,1.111111111,57,0.333333333,0,0.272727273,0.25,0,0,4.4,1,0.8,0
poi,3.0,poi-3.0.csv,org.apache.poi.hssf.usermodel.HSSFPictureData,3,1,0,2,6,0,1,1,2,1.3125,41,0.125,1,0.0,0.666666667,0,0,10.0,8,3.0,2
poi,3.0,poi-3.0.csv,org.apache.poi.util.CommonsLogger,5,2,0,3,20,0,0,3,4,0.5,138,1.0,0,0.888888889,0.5,1,1,26.2,12,4.8,0
poi,3.0,poi-3.0.csv,org.apache.poi.hssf.record.TextObjectBaseRecord,37,2,1,8,58,246,1,7,35,0.929012346,687,0.518518519,6,0.239130435,0.252252252,1,4,16.83783784,2,0.973,1
poi,3.0,poi-3.0.csv,org.apache.poi.hssf.usermodel.EscherGraphics,49,2,0,15,103,740,1,14,42,0.8359375,1010,1.0,3,0.520833333,0.182692308,2,18,19.44897959,7,1.5102,1
poi,3.0,poi-3.0.csv,org.apache.poi.hssf.eventmodel.ModelFactoryListener,1,1,0,2,1,0,1,1,1,2.0,1,0.0,0,0.0,1.0,0,0,0.0,1,1.0,0
poi,3.0,poi-3.0.csv,org.apache.poi.poifs.storage.ListManagedBlock,1,1,0,13,1,0,13,0,1,2.0,1,0.0,0,0.0,1.0,0,0,0.0,1,1.0,0
poi,3.0,poi-3.0.csv,org.apache.poi.hssf.record.UnknownRecord,11,2,0,10,24,0,6,4,8,0.35,174,1.0,0,0.578947368,0.363636364,1,5,14.63636364,3,1.0,9
poi,3.0,poi-3.0.csv,org.apache.poi.ddf.EscherSerializationListener,2,1,0,22,2,1,22,1,2,2.0,2,0.0,0,0.0,1.0,0,0,0.0,1,1.0,1
poi,3.0,poi-3.0.csv,org.apache.poi.hssf.record.AxisUsedRecord,11,2,0,6,22,35,1,5,9,0.8,122,0.5,0,0.55,0.309090909,1,4,9.909090909,2,0.9091,1
poi,3.0,poi-3.0.csv,org.apache.poi.hpsf.SummaryInformation,55,3,0,7,72,1485,1,6,55,1.018518519,485,0.0,0,0.316455696,0.192207792,0,0,7.8,2,1.0,1
poi,3.0,poi-3.0.csv,org.apache.poi.hssf.record.PasswordRev4Record,10,2,0,6,19,39,2,4,8,0.833333333,91,0.5,0,0.578947368,0.32,1,4,7.9,2,0.9,1
poi,3.0,poi-3.0.csv,org.apache.poi.ddf.EscherBoolProperty,3,3,0,6,4,1,5,1,3,2.0,22,0.0,0,0.875,0.555555556,0,0,6.333333333,2,1.3333,1
poi,3.0,poi-3.0.csv,org.apache.poi.util.DoubleList,25,1,0,1,29,0,1,0,24,0.388888889,635,1.0,0,0.0,0.313333333,1,1,24.28,9,2.6,0
poi,3.0,poi-3.0.csv,org.apache.poi.hssf.record.VCenterRecord,11,2,0,7,20,35,3,4,9,0.8,113,0.5,0,0.55,0.257575758,1,4,9.090909091,2,1.0909,1
poi,3.0,poi-3.0.csv,org.apache.poi.hssf.util.RKUtil,2,1,0,2,4,1,2,0,1,2.0,39,0.0,0,0.0,0.5,0,0,18.5,3,1.5,1
poi,3.0,poi-3.0.csv,org.apache.poi.ddf.EscherContainerRecord,11,2,0,15,46,25,9,6,11,0.957142857,366,0.142857143,0,0.655172414,0.222222222,1,6,31.63636364,3,1.8182,3
poi,3.0,poi-3.0.csv,org.apache.poi.hssf.usermodel.HSSFHeader,20,1,0,2,34,158,1,1,18,0.75,262,0.0,1,0.0,0.175,0,0,11.9,4,1.1,1
poi,3.0,poi-3.0.csv,org.apache.poi.hssf.record.formula.Ref3DPtg,22,2,1,12,52,89,4,9,22,0.721088435,417,0.857142857,2,0.269230769,0.198863636,1,2,17.63636364,8,1.1818,0
poi,3.0,poi-3.0.csv,org.apache.poi.hssf.record.SeriesIndexRecord,11,2,0,6,22,35,1,5,9,0.8,122,0.5,0,0.55,0.309090909,1,4,9.909090909,2,0.9091,1
poi,3.0,poi-3.0.csv,org.apache.poi.hssf.record.TextRecord,61,2,0,8,84,610,1,7,59,0.957692308,1176,0.5,14,0.157142857,0.215456674,1,4,17.42622951,2,0.9836,1
poi,3.0,poi-3.0.csv,org.apache.poi.hssf.model.PictureShape,5,2,0,15,41,6,1,15,2,0.75,177,1.0,2,0.555555556,0.55,1,1,34.0,3,1.2,1
poi,3.0,poi-3.0.csv,org.apache.poi.hssf.record.AreaFormatRecord,25,2,0,8,44,140,1,7,23,0.800925926,437,0.888888889,2,0.323529412,0.253333333,1,4,16.12,2,0.96,1
poi,3.0,poi-3.0.csv,org.apache.poi.hssf.record.UseSelFSRecord,10,2,0,6,19,39,2,4,8,0.972222222,93,0.25,0,0.578947368,0.32,1,4,7.9,2,0.9,1
poi,3.0,poi-3.0.csv,org.apache.poi.hssf.model.Workbook,88,1,0,115,308,2862,60,56,50,0.921695402,3649,1.0,6,0.0,0.136886102,0,0,40.28409091,38,2.3182,9
poi,3.0,poi-3.0.csv,org.apache.poi.hpsf.SpecialPropertySet,28,3,2,10,56,0,2,8,25,0.0,160,1.0,1,0.490196078,0.15,2,7,4.678571429,1,0.9286,0
poi,3.0,poi-3.0.csv,org.apache.poi.hssf.record.DefaultColWidthRecord,11,2,0,6,20,43,2,4,9,0.8,102,0.5,0,0.55,0.309090909,1,4,8.090909091,2,0.9091,1
poi,3.0,poi-3.0.csv,org.apache.poi.hssf.usermodel.HSSFSheet,102,1,0,38,302,0,5,35,88,0.925742574,1843,0.4375,3,0.0,0.135567403,0,0,16.91176471,18,1.7353,19
poi,3.0,poi-3.0.csv,org.apache.poi.hssf.eventusermodel.HSSFListener,1,1,0,5,1,0,4,1,1,2.0,1,0.0,0,0.0,1.0,0,0,0.0,1,1.0,0
poi,3.0,poi-3.0.csv,org.apache.poi.hssf.record.PaletteRecord,11,2,0,9,30,17,4,5,8,0.84,1209,0.4,0,0.55,0.287878788,1,4,108.4545455,4,1.7273,1
poi,3.0,poi-3.0.csv,org.apache.poi.hssf.record.SharedFormulaRecord,19,2,0,19,89,155,2,17,16,0.854166667,531,0.875,0,0.392857143,0.236842105,1,4,26.52631579,10,1.7368,5
poi,3.0,poi-3.0.csv,org.apache.poi.hssf.usermodel.HSSFDataFormat,9,1,0,5,32,0,3,2,7,0.65625,431,1.0,1,0.0,0.25,0,0,46.44444444,8,2.3333,0
poi,3.0,poi-3.0.csv,org.apache.poi.util.LittleEndian,36,1,0,188,44,630,186,2,33,2.0,398,0.0,0,0.0,0.200617284,0,0,10.05555556,2,1.2222,1
poi,3.0,poi-3.0.csv,org.apache.poi.hssf.record.formula.UnknownPtg,7,2,0,3,8,21,0,3,7,1.0,26,1.0,0,0.583333333,0.314285714,1,2,2.571428571,1,0.7143,0
poi,3.0,poi-3.0.csv,org.apache.poi.hssf.record.Margin,2,1,0,5,2,1,5,0,2,2.0,2,0.0,0,0.0,0.75,0,0,0.0,1,1.0,0
poi,3.0,poi-3.0.csv,org.apache.poi.hssf.record.FnGroupCountRecord,10,2,0,6,19,39,2,4,8,0.925925926,91,0.333333333,0,0.578947368,0.32,1,4,7.8,2,0.9,1
poi,3.0,poi-3.0.csv,org.apache.poi.hssf.record.formula.UnaryMinusPtg,10,2,0,6,15,45,2,4,10,1.111111111,59,0.333333333,0,0.272727273,0.25,0,0,4.6,1,0.8,0
poi,3.0,poi-3.0.csv,org.apache.poi.ddf.EscherChildAnchorRecord,15,2,0,6,31,43,1,5,15,0.833333333,229,0.666666667,0,0.575757576,0.333333333,1,5,13.86666667,1,0.9333,1
poi,3.0,poi-3.0.csv,org.apache.poi.hssf.util.AreaReference,5,1,0,3,21,0,2,1,4,0.5,149,1.0,1,0.0,0.7,0,0,28.4,2,1.2,1
poi,3.0,poi-3.0.csv,org.apache.poi.hssf.record.BarRecord,23,2,0,8,39,35,1,7,21,0.761363636,360,0.875,4,0.34375,0.253623188,1,4,14.30434783,2,0.9565,1
poi,3.0,poi-3.0.csv,org.apache.poi.hssf.record.BackupRecord,10,2,0,7,19,39,3,4,8,0.833333333,91,0.5,0,0.578947368,0.32,1,4,7.9,2,0.9,1
poi,3.0,poi-3.0.csv,org.apache.poi.hssf.usermodel.HSSFShapeContainer,1,1,0,3,1,0,3,0,1,2.0,1,0.0,0,0.0,1.0,0,0,0.0,1,1.0,0
poi,3.0,poi-3.0.csv,org.apache.poi.hssf.model.FormulaParser,56,1,0,35,146,728,3,32,7,0.715584416,2031,0.642857143,1,0.0,0.173737374,0,0,35.01785714,14,3.2857,3
poi,3.0,poi-3.0.csv,org.apache.poi.hssf.record.AreaRecord,17,2,0,8,33,0,1,7,15,0.6875,227,0.8,3,0.423076923,0.254901961,1,4,12.05882353,2,0.9412,1
poi,3.0,poi-3.0.csv,org.apache.poi.hssf.record.SeriesRecord,21,2,0,6,32,120,1,5,19,0.955263158,379,0.315789474,0,0.366666667,0.304761905,1,4,16.14285714,2,0.9524,1
poi,3.0,poi-3.0.csv,org.apache.poi.hssf.model.CommentShape,4,3,0,13,32,4,2,11,2,0.666666667,155,1.0,1,0.8,0.5,1,1,37.5,11,3.75,2
poi,3.0,poi-3.0.csv,org.apache.poi.poifs.property.PropertyFactory,2,1,0,5,10,1,1,4,0,2.0,82,0.0,0,0.0,0.5,0,0,40.0,1,0.5,0
poi,3.0,poi-3.0.csv,org.apache.poi.hssf.record.formula.NameXPtg,8,2,0,4,12,22,1,4,7,0.885714286,94,0.8,0,0.583333333,0.270833333,1,2,10.125,1,0.625,0
poi,3.0,poi-3.0.csv,org.apache.poi.util.IntMapper,7,1,0,4,18,0,4,0,7,0.611111111,75,1.0,0,0.0,0.523809524,0,0,9.285714286,2,0.8571,1
poi,3.0,poi-3.0.csv,org.apache.poi.hssf.usermodel.HSSFAnchor,12,1,2,18,13,42,18,0,12,0.818181818,62,0.0,0,0.0,0.708333333,0,0,3.833333333,1,0.8333,0
poi,3.0,poi-3.0.csv,org.apache.poi.hssf.model.DrawingManager,7,1,0,3,30,0,0,3,4,0.333333333,212,0.0,1,0.0,0.476190476,0,0,29.0,7,2.1429,0
poi,3.0,poi-3.0.csv,org.apache.poi.util.ShortList,25,1,0,0,29,0,0,0,24,0.388888889,629,1.0,0,0.0,0.313333333,1,1,24.04,9,2.6,1
poi,3.0,poi-3.0.csv,org.apache.poi.hssf.record.formula.ParenthesisPtg,10,2,0,5,14,45,2,3,10,1.111111111,52,0.5,0,0.272727273,0.25,0,0,4.0,1,0.8,0
poi,3.0,poi-3.0.csv,org.apache.poi.poifs.storage.SmallBlockTableReader,2,1,0,9,8,1,2,7,2,2.0,24,0.0,0,0.0,0.5,0,0,11.0,1,0.5,2
poi,3.0,poi-3.0.csv,org.apache.poi.hssf.record.HCenterRecord,11,2,0,7,20,35,3,4,9,0.8,113,0.5,0,0.55,0.257575758,1,4,9.090909091,2,1.0909,1
poi,3.0,poi-3.0.csv,org.apache.poi.hssf.record.TextObjectRecord,12,3,0,13,70,0,6,7,7,0.090909091,613,0.0,1,0.821428571,0.316666667,3,5,50.0,7,2.0833,3
poi,3.0,poi-3.0.csv,org.apache.poi.util.IntList,27,1,0,4,31,0,4,0,25,0.509615385,683,1.0,0,0.0,0.37037037,1,1,24.14814815,9,2.5556,1
poi,3.0,poi-3.0.csv,org.apache.poi.hssf.record.EscherAggregate,20,3,0,36,129,124,3,34,10,1.045397855,1234,0.023696682,2,0.558139535,0.161538462,2,7,50.15,11,2.55,4
poi,3.0,poi-3.0.csv,org.apache.poi.ddf.EscherBlipRecord,6,2,2,10,25,3,5,5,6,1.04,154,0.4,0,0.791666667,0.4,1,5,23.83333333,1,0.8333,3
poi,3.0,poi-3.0.csv,org.apache.poi.hssf.record.HideObjRecord,10,2,0,6,19,39,2,4,8,1.0,94,0.2,0,0.578947368,0.32,1,4,7.9,2,0.9,1
poi,3.0,poi-3.0.csv,org.apache.poi.hssf.record.DefaultRowHeightRecord,13,2,0,6,22,56,2,4,11,0.75,137,0.666666667,0,0.5,0.307692308,1,4,9.307692308,2,0.9231,1
poi,3.0,poi-3.0.csv,org.apache.poi.poifs.filesystem.EntryNode,10,1,2,6,14,19,3,4,6,0.611111111,71,1.0,2,0.0,0.325,0,0,5.9,3,1.3,0
poi,3.0,poi-3.0.csv,org.apache.poi.hssf.record.formula.RangePtg,9,2,0,4,13,36,1,3,9,1.125,58,0.0,0,0.3,0.259259259,0,0,5.333333333,1,0.7778,0
poi,3.0,poi-3.0.csv,org.apache.poi.util.FixedField,4,1,0,5,4,6,4,1,4,2.0,4,0.0,0,0.0,0.583333333,0,0,0.0,1,1.0,0
poi,3.0,poi-3.0.csv,org.apache.poi.hssf.record.ProtectRecord,11,2,0,8,20,35,4,4,9,0.8,112,0.5,0,0.55,0.257575758,1,4,9.0,2,1.0909,1
poi,3.0,poi-3.0.csv,org.apache.poi.hssf.record.SubRecord,3,2,4,9,11,3,6,7,3,2.0,46,0.0,0,0.916666667,0.666666667,0,0,14.33333333,6,2.0,2
poi,3.0,poi-3.0.csv,org.apache.poi.hssf.record.AxisOptionsRecord,43,2,0,8,59,305,1,7,41,0.867724868,794,0.944444444,8,0.211538462,0.251937984,1,4,17.04651163,2,0.9767,1
poi,3.0,poi-3.0.csv,org.apache.poi.poifs.storage.BlockListImpl,6,1,2,5,13,0,2,3,4,0.5,107,1.0,2,0.0,0.458333333,0,0,16.5,3,1.1667,3
poi,3.0,poi-3.0.csv,org.apache.poi.hpsf.wellknown.PropertyIDMap,7,3,0,1,18,21,1,0,7,1.149122807,301,0.052631579,2,0.915254237,0.224489796,1,2,36.57142857,2,1.0,0
poi,3.0,poi-3.0.csv,org.apache.poi.hssf.record.formula.ReferencePtg,21,2,5,14,42,38,8,7,20,0.685714286,318,0.857142857,3,0.291666667,0.196428571,1,2,13.80952381,3,0.9048,1
poi,3.0,poi-3.0.csv,org.apache.poi.hssf.record.TabIdRecord,10,2,0,6,24,33,2,4,8,0.777777778,166,0.0,0,0.578947368,0.266666667,1,4,15.4,2,1.2,1
poi,3.0,poi-3.0.csv,org.apache.poi.hpsf.VariantTypeException,3,4,2,3,4,0,2,1,3,0.5,21,1.0,0,0.9,0.5,0,0,5.333333333,1,0.6667,0
xalan,2.4,xalan-2.4.csv,org.apache.xalan.xsltc.runtime.output.SAXXMLOutput,16,3,0,6,52,112,1,5,11,0.777777778,509,1.0,0,0.74,0.344444444,2,8,30.625,1,0.8125,0
xalan,2.4,xalan-2.4.csv,org.apache.xpath.operations.Operation,12,2,14,23,23,0,17,8,12,0.363636364,149,1.0,2,0.731707317,0.21875,1,7,11.25,5,1.5833,0
xalan,2.4,xalan-2.4.csv,org.apache.xalan.xsltc.runtime.BasisLibrary,53,1,0,34,150,1362,22,15,49,1.001602564,2089,0.375,0,0.0,0.125,0,0,37.96226415,49,4.3962,1
xalan,2.4,xalan-2.4.csv,org.apache.xpath.objects.XString,49,3,2,43,100,1176,34,12,46,1.0,743,0.0,1,0.606837607,0.122222222,3,21,14.14285714,16,1.8571,0
xalan,2.4,xalan-2.4.csv,org.apache.xalan.xsltc.StripFilter,1,1,0,5,1,0,5,1,1,2.0,1,0.0,0,0.0,1.0,0,0,0.0,1,1.0,0
xalan,2.4,xalan-2.4.csv,org.apache.xalan.serialize.Serializer,9,1,0,8,9,36,7,1,9,2.0,9,0.0,0,0.0,0.333333333,0,0,0.0,1,1.0,0
xalan,2.4,xalan-2.4.csv,org.apache.xalan.templates.ElemExsltFunction,7,4,0,18,28,15,4,14,6,0.5,166,1.0,0,0.97309417,0.314285714,4,7,22.57142857,1,0.8571,1
xalan,2.4,xalan-2.4.csv,org.apache.xalan.xsltc.runtime.output.SAXHTMLOutput,8,3,0,4,22,28,1,3,7,2.0,177,0.0,0,0.860465116,0.375,2,4,21.125,1,0.75,0
xalan,2.4,xalan-2.4.csv,org.apache.xml.dtm.ref.CoroutineParser,8,1,0,1,8,28,0,1,8,2.0,8,0.0,0,0.0,0.28125,0,0,0.0,1,1.0,0
xalan,2.4,xalan-2.4.csv,org.apache.xalan.xsltc.runtime.StringValueHandler,5,2,0,3,16,4,1,2,5,0.0,129,1.0,0,0.851851852,0.4,0,0,24.4,5,1.6,0
xalan,2.4,xalan-2.4.csv,org.apache.xml.utils.CharKey,5,1,0,1,6,0,1,0,5,0.25,32,1.0,0,0.0,0.533333333,1,1,5.2,2,0.8,0
xalan,2.4,xalan-2.4.csv,org.apache.xalan.xsltc.compiler.util.Type,33,1,10,113,53,526,103,21,32,0.998046875,300,0.0,16,0.0,0.234375,0,0,7.606060606,2,1.0,0
xalan,2.4,xalan-2.4.csv,org.apache.xalan.transformer.StackGuard,7,1,0,7,18,0,3,6,5,0.5,155,0.0,1,0.0,0.458333333,0,0,20.85714286,4,1.4286,1
xalan,2.4,xalan-2.4.csv,org.apache.xalan.serialize.WriterToUTF8Buffered,11,2,0,2,20,0,1,1,9,0.2,632,1.0,0,0.590909091,0.381818182,1,2,56.18181818,1,0.8182,0
xalan,2.4,xalan-2.4.csv,org.apache.xalan.xsltc.dom.EmptyFilter,2,1,0,1,3,1,0,1,2,2.0,7,0.0,0,0.0,0.75,0,0,2.5,1,0.5,0
xalan,2.4,xalan-2.4.csv,org.apache.xpath.functions.FuncCeiling,2,4,0,5,7,1,0,5,2,2.0,15,0.0,0,0.979591837,0.75,1,6,6.5,1,0.5,0
xalan,2.4,xalan-2.4.csv,org.apache.xalan.xsltc.compiler.Number,15,3,0,55,96,23,0,55,9,0.798319328,1308,1.0,8,0.811594203,0.214285714,2,3,85.06666667,14,3.1333,0
xalan,2.4,xalan-2.4.csv,org.apache.xpath.compiler.XPathDumper,1,1,0,0,2,0,0,0,1,2.0,4,0.0,0,0.0,1.0,0,0,3.0,0,0.0,0
xalan,2.4,xalan-2.4.csv,org.apache.xalan.xsltc.runtime.TextOutput,48,1,0,8,106,388,1,7,26,0.895702962,2321,0.901960784,2,0.0,0.236702128,0,0,46.29166667,21,1.8958,0
xalan,2.4,xalan-2.4.csv,org.apache.xalan.processor.ProcessorUnknown,3,5,0,3,4,3,1,2,3,2.0,8,0.0,0,0.990697674,0.666666667,1,2,1.666666667,1,0.6667,0
xalan,2.4,xalan-2.4.csv,org.apache.xml.dtm.ref.ChunkedIntArray,9,1,0,3,24,0,2,2,0,0.892857143,353,0.0,1,0.0,0.62962963,0,0,37.44444444,3,1.4444,0
xalan,2.4,xalan-2.4.csv,org.apache.xalan.xsltc.compiler.BinOpExpr,7,3,0,15,36,0,0,15,6,0.814814815,242,0.444444444,2,0.934210526,0.285714286,2,8,32.28571429,3,1.1429,0
xalan,2.4,xalan-2.4.csv,org.apache.xalan.serialize.SerializerToText,16,2,0,4,24,120,2,2,14,2.0,229,0.0,0,0.821428571,0.3046875,1,7,13.3125,1,0.9375,0
xalan,2.4,xalan-2.4.csv,org.apache.xml.utils.PrefixResolver,4,1,0,67,4,6,67,0,4,2.0,4,0.0,0,0.0,0.583333333,0,0,0.0,1,1.0,0
xalan,2.4,xalan-2.4.csv,org.apache.xalan.extensions.ExtensionHandlerJavaPackage,6,3,0,10,44,15,0,10,5,1.0,615,0.0,0,0.615384615,0.375,3,6,101.1666667,7,2.0,2
xalan,2.4,xalan-2.4.csv,org.apache.xml.utils.XMLStringFactory,5,1,1,17,6,10,15,2,5,2.0,8,0.0,0,0.0,0.4,0,0,0.6,1,0.8,0
xalan,2.4,xalan-2.4.csv,org.apache.xalan.templates.ElemComment,5,3,0,4,17,10,0,4,5,2.0,74,0.0,0,0.98,0.466666667,2,5,13.8,16,3.8,0
xalan,2.4,xalan-2.4.csv,org.apache.xpath.res.XPATHErrorResources,8,3,0,1,21,28,1,0,7,1.142857143,273,0.0,0,0.857142857,0.225,0,0,17.375,2,0.875,0
xalan,2.4,xalan-2.4.csv,org.apache.xpath.axes.MatchPatternIterator,5,5,0,13,23,4,1,13,3,0.75,251,1.0,2,0.968992248,0.44,1,5,48.4,10,3.0,1
xalan,2.4,xalan-2.4.csv,org.apache.xalan.xsltc.compiler.Constants,0,1,0,6,0,0,5,1,0,2.0,188,0.0,0,0.0,0.0,0,0,0.0,0,0.0,0
xalan,2.4,xalan-2.4.csv,org.apache.xalan.xsltc.runtime.output.TransletOutputHandlerFactory,14,1,0,15,36,39,3,12,14,0.826923077,343,0.75,0,0.0,0.196428571,0,0,22.64285714,2,1.0714,0
xalan,2.4,xalan-2.4.csv,org.apache.xalan.serialize.Method,1,1,0,0,2,0,0,0,1,2.0,8,0.0,0,0.0,1.0,0,0,3.0,0,0.0,0
xalan,2.4,xalan-2.4.csv,org.apache.xml.utils.TreeWalker,10,1,0,12,59,0,7,5,7,0.305555556,596,0.75,1,0.0,0.44,0,0,58.2,1,0.7,0
xalan,2.4,xalan-2.4.csv,org.apache.xalan.lib.sql.SQLErrorDocument,4,5,0,5,12,0,1,4,2,0.636363636,179,1.0,0,0.989528796,0.55,1,1,41.0,1,0.5,0
xalan,2.4,xalan-2.4.csv,org.apache.xalan.xsltc.compiler.ProcessingInstruction,4,3,0,21,26,0,0,21,3,0.333333333,123,1.0,1,0.949152542,0.4,2,5,29.5,2,1.0,0
xalan,2.4,xalan-2.4.csv,org.apache.xml.utils.StringToIntTable,8,1,0,2,12,0,2,0,8,0.523809524,217,0.833333333,0,0.0,0.583333333,0,0,25.375,4,1.875,0
xalan,2.4,xalan-2.4.csv,org.apache.xpath.operations.Equals,3,3,0,6,7,3,1,5,3,2.0,40,0.0,0,0.953488372,0.555555556,2,2,12.33333333,1,0.6667,0
xalan,2.4,xalan-2.4.csv,org.apache.xalan.xsltc.compiler.LastCall,5,4,0,19,22,4,1,19,5,0.5,225,1.0,0,0.96969697,0.4,2,4,43.8,13,3.0,0
xalan,2.4,xalan-2.4.csv,org.apache.xml.dtm.ref.CoroutineManager,6,1,0,4,17,0,3,1,6,0.7,183,0.0,0,0.0,0.722222222,0,0,28.5,7,1.8333,0
xalan,2.4,xalan-2.4.csv,org.apache.xpath.functions.FuncStringLength,2,5,0,5,6,1,0,5,2,2.0,14,0.0,0,0.982142857,0.75,2,7,6.0,1,0.5,0
xalan,2.4,xalan-2.4.csv,org.apache.xalan.xsltc.dom.NodeSortRecord,11,1,0,4,18,5,2,2,8,0.714285714,248,0.714285714,2,0.0,0.366666667,0,0,20.27272727,5,1.2727,0
xalan,2.4,xalan-2.4.csv,org.apache.xalan.xsltc.runtime.HashtableEntry,2,1,0,2,3,1,2,0,0,1.0,38,0.0,1,0.0,1.0,0,0,16.0,2,1.0,0
xalan,2.4,xalan-2.4.csv,org.apache.xalan.templates.TemplateSubPatternAssociation,15,1,0,8,25,49,2,6,12,0.833333333,139,0.833333333,3,0.0,0.208333333,0,0,7.866666667,6,1.2667,0
xalan,2.4,xalan-2.4.csv,org.apache.xalan.templates.AVTPartXPath,7,2,0,14,20,0,1,13,7,0.0,74,1.0,1,0.5,0.25974026,0,0,9.428571429,1,0.7143,0
xalan,2.4,xalan-2.4.csv,org.apache.xpath.operations.UnaryOperation,11,2,4,12,20,0,6,7,11,0.2,88,1.0,1,0.75,0.227272727,1,7,6.909090909,3,1.3636,0
xalan,2.4,xalan-2.4.csv,org.apache.xalan.xslt.StylesheetRoot,15,5,0,26,71,0,4,25,15,0.535714286,499,1.0,1,0.954063604,0.193939394,0,0,32.13333333,2,0.9333,0
xalan,2.4,xalan-2.4.csv,org.apache.xalan.processor.ProcessorGlobalParamDecl,3,5,0,6,10,3,1,5,1,2.0,30,0.0,0,0.990697674,0.583333333,1,2,9.0,1,0.6667,0
xalan,2.4,xalan-2.4.csv,org.apache.xalan.xsltc.compiler.util.NamedMethodGenerator,3,5,0,5,6,1,1,4,2,0.5,28,1.0,0,0.992805755,0.625,2,3,8.0,2,0.6667,0
xalan,2.4,xalan-2.4.csv,org.apache.xpath.axes.DescendantIterator,9,5,0,14,43,0,2,12,8,0.583333333,426,1.0,1,0.946969697,0.277777778,3,11,46.0,14,2.7778,1
xalan,2.4,xalan-2.4.csv,org.apache.xalan.xpath.XBoolean,8,2,1,5,17,0,3,2,8,0.0,47,0.0,1,0.740740741,0.416666667,1,1,4.75,1,0.875,0
xalan,2.4,xalan-2.4.csv,org.apache.xalan.processor.ProcessorTemplate,2,5,0,6,8,1,1,5,0,2.0,19,0.0,0,0.995327103,0.666666667,1,1,8.5,1,0.5,0
xalan,2.4,xalan-2.4.csv,org.apache.xpath.functions.FuncSubstringAfter,2,5,0,7,8,1,0,7,2,2.0,34,0.0,0,0.98245614,0.75,1,6,16.0,1,0.5,0
xalan,2.4,xalan-2.4.csv,org.apache.xalan.xsltc.compiler.IdPattern,1,6,0,1,2,0,1,1,1,2.0,6,0.0,0,1.0,1.0,0,0,5.0,0,0.0,0
xalan,2.4,xalan-2.4.csv,org.apache.xalan.extensions.ExpressionContext,6,1,0,18,6,15,16,3,6,2.0,6,0.0,0,0.0,0.5,0,0,0.0,1,1.0,1
xalan,2.4,xalan-2.4.csv,org.apache.xalan.templates.ElemWhen,7,3,0,10,16,9,1,9,6,0.5,55,1.0,1,0.97029703,0.314285714,2,5,6.714285714,2,1.0,0
xalan,2.4,xalan-2.4.csv,org.apache.xpath.XPath,17,1,0,60,64,78,44,16,17,0.96875,462,0.2,1,0.0,0.211764706,0,0,25.58823529,2,0.9412,0
xalan,2.4,xalan-2.4.csv,org.apache.xalan.transformer.MsgMgr,14,1,0,13,23,55,12,2,13,0.153846154,212,1.0,2,0.0,0.427350427,0,0,14.0,1,0.8571,0
xalan,2.4,xalan-2.4.csv,org.apache.xalan.xsltc.dom.DOMImpl,116,1,0,60,203,4934,44,48,62,0.905590062,2911,1.0,6,0.0,0.103864734,0,0,23.85344828,13,2.0776,2
xalan,2.4,xalan-2.4.csv,org.apache.xalan.xsltc.compiler.ArgumentList,2,1,0,1,7,0,0,1,2,0.0,35,1.0,2,0.0,0.666666667,0,0,15.5,2,1.0,0
xalan,2.4,xalan-2.4.csv,org.apache.xalan.xslt.XSLProcessorContext,1,2,0,5,3,0,0,5,1,2.0,7,0.0,0,1.0,1.0,0,0,6.0,0,0.0,0
xalan,2.4,xalan-2.4.csv,org.apache.xalan.templates.FuncKey,3,5,0,17,33,1,1,16,2,0.5,177,1.0,0,0.98245614,0.75,1,7,57.66666667,1,0.3333,0
xalan,2.4,xalan-2.4.csv,org.apache.xalan.lib.sql.XConnection,34,1,0,12,124,211,0,12,28,0.656565657,1600,1.0,3,0.0,0.196078431,0,0,45.79411765,7,1.6176,0
xalan,2.4,xalan-2.4.csv,org.apache.xalan.xsltc.compiler.Instruction,3,2,26,37,9,3,29,8,2,2.0,24,0.0,0,0.964285714,0.5,1,2,7.0,1,0.6667,0
xalan,2.4,xalan-2.4.csv,org.apache.xalan.transformer.NodeSorter,4,1,0,9,28,2,2,8,2,0.333333333,475,0.0,1,0.0,0.583333333,0,0,117.25,1,0.75,0
xalan,2.4,xalan-2.4.csv,org.apache.xalan.xsltc.trax.SmartTransformerFactoryImpl,21,3,0,3,43,0,0,3,19,0.5,498,1.0,0,0.5,0.220238095,1,2,22.47619048,3,1.0476,0
xalan,2.4,xalan-2.4.csv,org.apache.xalan.xsltc.compiler.BooleanExpr,7,3,0,20,16,1,1,19,7,0.333333333,70,1.0,0,0.922077922,0.371428571,2,8,8.857142857,2,1.1429,0
xalan,2.4,xalan-2.4.csv,org.apache.xpath.axes.ContextNodeList,12,1,0,1,12,66,1,0,12,2.0,12,0.0,0,0.0,0.444444444,0,0,0.0,1,1.0,0
xalan,2.4,xalan-2.4.csv,org.apache.xml.utils.ElemDesc,4,1,0,0,10,0,0,0,0,1.266666667,90,0.0,0,0.0,0.833333333,0,0,15.25,4,2.0,0
xalan,2.4,xalan-2.4.csv,org.apache.xalan.xpath.XObject,22,1,6,16,43,0,9,7,19,0.238095238,152,0.0,1,0.0,0.265151515,0,0,5.863636364,1,0.9091,0
xalan,2.4,xalan-2.4.csv,org.apache.xalan.xsltc.Translet,9,1,0,20,9,36,16,4,9,2.0,9,0.0,0,0.0,0.296296296,0,0,0.0,1,1.0,0
xalan,2.4,xalan-2.4.csv,org.apache.xalan.xsltc.compiler.util.ObjectType,14,2,0,30,39,71,6,25,13,0.538461538,167,1.0,0,0.733333333,0.222222222,2,3,10.85714286,2,1.0,0
xalan,2.4,xalan-2.4.csv,org.apache.xalan.trace.TraceListenerEx,1,1,0,4,1,0,2,2,1,2.0,1,0.0,0,0.0,1.0,0,0,0.0,1,1.0,0
xalan,2.4,xalan-2.4.csv,org.apache.xalan.xpath.xml.XMLParserLiaisonDefault,1,4,1,3,2,0,2,1,1,2.0,4,0.0,0,1.0,1.0,0,0,3.0,0,0.0,0
xalan,2.4,xalan-2.4.csv,org.apache.xpath.functions.FuncPosition,5,3,0,9,17,8,1,8,5,0.5,92,1.0,0,0.904761905,0.4,1,6,17.2,8,2.4,0
xalan,2.4,xalan-2.4.csv,org.apache.xalan.xsltc.cmdline.getopt.IllegalArgumentException,1,4,0,2,2,0,1,1,1,2.0,5,0.0,0,1.0,1.0,0,0,4.0,0,0.0,0
xalan,2.4,xalan-2.4.csv,org.apache.xalan.templates.ElemCopy,4,4,0,8,24,6,0,8,4,2.0,121,0.0,0,0.985365854,0.625,2,4,29.25,1,0.75,0
xalan,2.4,xalan-2.4.csv,org.apache.xalan.xsltc.dom.StepIterator,8,2,1,4,21,0,2,3,8,0.238095238,157,1.0,2,0.588235294,0.34375,1,5,18.25,3,1.5,0
xalan,2.4,xalan-2.4.csv,org.apache.xalan.xsltc.compiler.StepPattern,18,6,1,57,94,31,9,49,11,0.810457516,1125,1.0,1,0.853448276,0.261904762,3,8,61.0,6,2.6111,0
xalan,2.4,xalan-2.4.csv,org.apache.xalan.extensions.ExtensionHandlerExsltFunction,8,2,0,14,27,20,0,14,6,0.571428571,189,1.0,2,0.5,0.349206349,1,1,22.25,8,2.375,1
xalan,2.4,xalan-2.4.csv,org.apache.xalan.xsltc.compiler.NumberCall,3,4,0,12,15,3,0,12,3,2.0,59,0.0,0,0.979591837,0.444444444,3,13,18.66666667,3,1.3333,0
xalan,2.4,xalan-2.4.csv,org.apache.xalan.processor.ProcessorNamespaceAlias,2,4,0,6,17,1,1,5,1,2.0,65,0.0,0,0.995260664,0.625,3,4,31.5,1,0.5,0
xalan,2.4,xalan-2.4.csv,org.apache.xalan.xsltc.compiler.util.MultiHashtable,3,3,0,2,11,3,2,0,3,2.0,61,0.0,0,0.95,0.833333333,1,2,19.33333333,5,2.3333,0
xalan,2.4,xalan-2.4.csv,org.apache.xpath.objects.LessThanOrEqualComparator,3,2,0,3,5,3,1,2,0,2.0,24,0.0,0,0.5,0.555555556,0,0,7.0,2,1.3333,0
xalan,2.4,xalan-2.4.csv,org.apache.xml.utils.ListingErrorHandler,17,1,0,4,52,50,0,4,16,0.65625,569,1.0,0,0.0,0.196078431,0,0,32.23529412,14,1.8824,0
xalan,2.4,xalan-2.4.csv,org.apache.xalan.serialize.WriterToUTF8,7,2,0,1,13,0,1,0,7,0.0,213,1.0,0,0.684210526,0.342857143,1,2,29.28571429,1,0.8571,0
xalan,2.4,xalan-2.4.csv,org.apache.xpath.functions.FuncRound,2,4,0,5,7,1,0,5,2,2.0,17,0.0,0,0.979591837,0.75,1,6,7.5,1,0.5,0
xalan,2.4,xalan-2.4.csv,org.apache.xalan.transformer.XalanProperties,1,1,0,0,2,0,0,0,1,2.0,5,0.0,0,0.0,1.0,0,0,3.0,0,0.0,0
xalan,2.4,xalan-2.4.csv,org.apache.xalan.xsltc.runtime.Operators,1,1,0,3,1,0,3,0,0,2.0,36,0.0,0,0.0,0.0,0,0,28.0,0,0.0,0
xalan,2.4,xalan-2.4.csv,org.apache.xalan.trace.TraceListenerEx2,1,1,0,4,1,0,2,2,1,2.0,1,0.0,0,0.0,1.0,0,0,0.0,1,1.0,0
xalan,2.4,xalan-2.4.csv,org.apache.xalan.xsltc.dom.AnyNodeCounter,4,2,1,5,10,6,1,5,4,2.0,58,0.0,0,0.823529412,0.5,1,4,13.5,5,1.75,0
xalan,2.4,xalan-2.4.csv,org.apache.xalan.xpath.xml.XMLParserLiaison,1,3,1,6,2,0,5,1,1,2.0,4,0.0,0,1.0,1.0,0,0,3.0,0,0.0,0
xalan,2.4,xalan-2.4.csv,org.apache.xpath.WhitespaceStrippingElementMatcher,2,1,0,2,2,1,1,1,2,2.0,2,0.0,0,0.0,0.666666667,0,0,0.0,1,1.0,0
xalan,2.4,xalan-2.4.csv,org.apache.xalan.processor.TransformerFactoryImpl,25,3,0,23,103,210,12,13,20,0.916666667,979,0.357142857,0,0.465116279,0.199074074,1,2,37.6,17,1.76,3
xalan,2.4,xalan-2.4.csv,org.apache.xalan.xsltc.runtime.output.StreamXMLOutput,20,3,0,8,56,188,2,6,15,1.019736842,859,1.0,0,0.709677419,0.292857143,2,8,41.55,12,2.3,1
xalan,2.4,xalan-2.4.csv,org.apache.xalan.xsltc.runtime.TransletLoader,3,1,0,4,11,0,4,0,3,0.0,38,0.0,0,0.0,0.833333333,0,0,11.33333333,1,0.6667,0
xalan,2.4,xalan-2.4.csv,org.apache.xpath.ExpressionOwner,2,1,0,53,2,1,53,1,2,2.0,2,0.0,0,0.0,0.75,0,0,0.0,1,1.0,0
xalan,2.4,xalan-2.4.csv,org.apache.xml.dtm.ref.sax2dtm.SAX2DTM,67,4,1,25,179,1873,3,23,57,0.911111111,2275,0.933333333,11,0.591194969,0.131313131,2,19,32.50746269,13,2.3284,1
xalan,2.4,xalan-2.4.csv,org.apache.xpath.operations.Div,3,3,0,7,7,3,2,5,3,2.0,25,0.0,0,0.953488372,0.555555556,1,1,7.333333333,1,0.6667,0
xalan,2.4,xalan-2.4.csv,org.apache.xalan.xsltc.compiler.Sort,19,3,0,64,101,119,2,64,13,0.85,1465,0.8,4,0.756756757,0.23923445,1,3,75.57894737,9,3.0526,0
xalan,2.4,xalan-2.4.csv,org.apache.xalan.serialize.SerializerToXML,71,1,2,24,151,1037,8,16,48,0.878405316,2724,0.604651163,6,0.0,0.133333333,0,0,36.76056338,12,1.507,2
xalan,2.4,xalan-2.4.csv,org.apache.xpath.axes.HasPositionalPredChecker,4,2,0,18,7,0,1,17,4,0.166666667,93,1.0,0,0.8,0.4,0,0,21.75,12,4.0,0
xalan,2.4,xalan-2.4.csv,org.apache.xalan.xsltc.compiler.util.NodeCounterGenerator,4,4,0,5,6,4,1,4,4,0.666666667,26,1.0,0,0.964285714,0.45,0,0,5.25,1,0.75,0
xalan,2.4,xalan-2.4.csv,org.apache.xpath.functions.WrongNumberArgsException,1,3,0,12,2,0,12,0,1,2.0,5,0.0,0,1.0,1.0,0,0,4.0,0,0.0,0
xalan,2.4,xalan-2.4.csv,org.apache.xalan.xsltc.compiler.TopLevelElement,5,2,10,27,17,10,16,11,4,2.0,56,0.0,0,0.931034483,0.44,1,4,10.2,1,0.8,0
xalan,2.4,xalan-2.4.csv,org.apache.xalan.xsltc.compiler.XslAttribute,6,3,0,35,56,0,2,33,5,0.45,416,1.0,2,0.918032787,0.305555556,2,8,67.66666667,28,6.0,0
xalan,2.4,xalan-2.4.csv,org.apache.xalan.serialize.WriterToASCI,7,2,0,1,13,0,1,0,7,0.0,65,1.0,0,0.684210526,0.342857143,1,2,8.142857143,1,0.8571,0
xalan,2.4,xalan-2.4.csv,org.apache.xalan.processor.ProcessorLRE,4,5,0,17,75,6,1,17,3,2.0,468,0.0,0,0.986111111,0.5,4,6,116.0,3,1.25,1
xalan,2.4,xalan-2.4.csv,org.apache.xalan.xsltc.trax.SAX2TO,19,1,0,6,42,57,2,4,19,0.666666667,154,0.0,1,0.0,0.278195489,0,0,7.0,1,0.9474,0
xalan,2.4,xalan-2.4.csv,org.apache.xalan.xsltc.runtime.output.StreamOutput,17,2,4,8,36,30,5,3,6,0.912946429,505,1.0,0,0.704545455,0.25,0,0,27.05882353,3,1.2353,1
xalan,2.4,xalan-2.4.csv,org.apache.xpath.Expression,32,1,6,106,57,466,98,11,31,0.806451613,276,1.0,1,0.0,0.163461538,0,0,7.59375,3,1.2813,0
xalan,2.4,xalan-2.4.csv,org.apache.xpath.functions.FuncSubstring,4,6,0,10,16,6,0,10,3,2.0,113,0.0,0,0.955223881,0.5,2,8,27.25,1,0.75,0
xalan,2.4,xalan-2.4.csv,org.apache.xalan.xsltc.compiler.AttributeValueTemplate,7,4,0,25,49,21,4,22,5,2.0,452,0.0,0,0.923076923,0.339285714,2,7,63.57142857,14,5.1429,0
xalan,2.4,xalan-2.4.csv,org.apache.xalan.xsltc.compiler.util.NodeSortRecordFactGenerator,2,4,0,3,3,1,1,2,2,2.0,13,0.0,0,0.987804878,0.6,0,0,5.5,1,0.5,0
xalan,2.4,xalan-2.4.csv,org.apache.xalan.xslt.XSLTProcessor,34,1,0,15,34,561,3,13,34,2.0,34,0.0,0,0.0,0.119485294,0,0,0.0,1,1.0,0
xalan,2.4,xalan-2.4.csv,org.apache.xml.dtm.ref.DTMNodeList,5,1,0,8,17,0,6,2,4,0.4375,115,1.0,2,0.0,0.45,0,0,21.2,4,1.6,2
xalan,2.4,xalan-2.4.csv,org.apache.xml.utils.NamespaceSupport2,11,2,0,5,26,0,4,2,11,0.55,127,0.5,1,0.583333333,0.409090909,1,3,10.36363636,3,1.3636,0
xalan,2.4,xalan-2.4.csv,org.apache.xalan.extensions.ExtensionHandlerJava,3,2,2,3,7,0,2,1,2,0.5,32,1.0,0,0.75,0.666666667,0,0,9.0,1,0.6667,0
xalan,2.4,xalan-2.4.csv,org.apache.xalan.xsltc.trax.Util,3,1,0,6,23,3,2,4,3,2.0,141,0.0,0,0.0,0.333333333,0,0,46.0,1,0.6667,1
xalan,2.4,xalan-2.4.csv,org.apache.xpath.axes.OneStepIteratorForward,6,7,2,13,16,0,4,10,4,0.2,94,1.0,0,0.97080292,0.4,4,10,14.5,3,1.1667,0
xalan,2.4,xalan-2.4.csv,org.apache.xpath.objects.XNull,8,5,0,5,10,28,2,3,8,2.0,31,0.0,0,0.951048951,0.416666667,3,19,2.875,2,1.0,0
xalan,2.4,xalan-2.4.csv,org.apache.xalan.templates.ElemOtherwise,3,3,0,1,4,3,0,1,3,2.0,10,0.0,0,0.98989899,1.0,2,4,2.333333333,1,0.6667,0
xalan,2.4,xalan-2.4.csv,org.apache.xpath.XPathVisitable,1,1,0,26,1,0,24,2,1,2.0,1,0.0,0,0.0,1.0,0,0,0.0,1,1.0,0
xalan,2.4,xalan-2.4.csv,org.apache.xalan.transformer.KeyIterator,4,8,0,10,15,2,2,8,3,0.333333333,97,1.0,1,0.978571429,0.4375,2,2,22.75,4,1.5,0
xalan,2.4,xalan-2.4.csv,org.apache.xpath.operations.Neg,3,3,0,6,7,3,1,5,3,2.0,19,0.0,0,0.952380952,0.555555556,1,1,5.333333333,1,0.6667,0
xalan,2.4,xalan-2.4.csv,org.apache.xml.dtm.ref.DTMNodeIterator,9,1,0,11,19,0,7,4,9,0.5,101,1.0,1,0.0,0.555555556,0,0,10.0,2,1.0,0
xalan,2.4,xalan-2.4.csv,org.apache.xpath.functions.FuncFloor,2,4,0,5,7,1,0,5,2,2.0,15,0.0,0,0.979591837,0.75,1,6,6.5,1,0.5,0
xalan,2.4,xalan-2.4.csv,org.apache.xalan.lib.ExsltCommon,3,1,0,6,6,3,0,6,3,2.0,41,0.0,0,0.0,0.444444444,0,0,12.66666667,6,2.3333,0
xalan,2.4,xalan-2.4.csv,org.apache.xpath.VariableStack,22,1,0,27,42,0,20,9,21,0.682539683,476,0.333333333,2,0.0,0.365079365,0,0,20.36363636,3,1.0,0
xalan,2.4,xalan-2.4.csv,org.apache.xpath.axes.OneStepIterator,12,7,0,16,35,6,3,14,8,0.409090909,230,1.0,1,0.93006993,0.291666667,4,13,18.0,5,1.6667,2
xalan,2.4,xalan-2.4.csv,org.apache.xalan.xsltc.trax.TransformerHandlerImpl,29,1,0,10,73,114,2,8,29,0.846428571,394,1.0,4,0.0,0.237068966,0,0,12.24137931,1,0.9655,0
xalan,2.4,xalan-2.4.csv,org.apache.xml.utils.RawCharacterHandler,1,1,0,0,1,0,0,0,1,2.0,1,0.0,0,0.0,1.0,0,0,0.0,1,1.0,0
xalan,2.4,xalan-2.4.csv,org.apache.xalan.processor.ProcessorText,3,5,0,7,10,3,1,6,2,2.0,40,0.0,0,0.990697674,0.583333333,2,4,12.33333333,1,0.6667,0
xalan,2.4,xalan-2.4.csv,org.apache.xalan.xsltc.runtime.ErrorMessages,4,2,1,1,9,2,1,0,3,0.666666667,91,1.0,0,0.942857143,0.666666667,2,3,21.25,3,1.0,1
xalan,2.4,xalan-2.4.csv,org.apache.xml.utils.res.XResources_ja_JP_HA,3,4,0,1,4,1,0,1,2,0.5,599,0.0,0,0.976190476,1.0,0,0,198.3333333,1,0.3333,0
xalan,2.4,xalan-2.4.csv,org.apache.xalan.templates.ElemUnknown,2,5,0,2,3,1,0,2,2,2.0,6,0.0,0,0.995833333,0.75,1,1,2.0,1,0.5,0
xalan,2.4,xalan-2.4.csv,org.apache.xalan.xsltc.compiler.PositionCall,4,4,0,20,20,0,1,20,4,0.333333333,149,1.0,0,0.979591837,0.45,2,4,36.0,10,2.75,0
xalan,2.4,xalan-2.4.csv,org.apache.xalan.templates.ElemVariablePsuedo,3,4,0,8,9,1,1,7,3,0.5,26,0.0,1,0.99086758,0.555555556,0,0,7.333333333,1,0.6667,0
xalan,2.4,xalan-2.4.csv,org.apache.xalan.templates.XSLTVisitor,9,2,1,21,10,36,20,6,1,2.0,28,0.0,0,0.6,0.314814815,0,0,2.111111111,1,0.8889,0
xalan,2.4,xalan-2.4.csv,org.apache.xalan.xsltc.compiler.DocumentCall,3,4,0,26,33,0,0,26,3,0.166666667,264,1.0,3,0.979591837,0.444444444,4,15,86.0,3,1.3333,0
xalan,2.4,xalan-2.4.csv,org.apache.xalan.xsltc.dom.Axis,1,1,0,5,1,0,5,0,0,2.0,136,0.0,0,0.0,0.0,0,0,119.0,0,0.0,0
xalan,2.4,xalan-2.4.csv,org.apache.xalan.xsltc.compiler.GenerateIdCall,2,4,0,13,13,1,0,13,2,2.0,43,0.0,0,0.989690722,0.6,2,4,20.5,2,1.0,1
xalan,2.4,xalan-2.4.csv,org.apache.xalan.trace.TracerEvent,3,1,0,7,15,3,4,3,3,1.0,183,0.0,3,0.0,0.388888889,0,0,58.66666667,5,3.3333,0
xalan,2.4,xalan-2.4.csv,org.apache.xalan.processor.ProcessorKey,3,4,0,10,34,3,1,9,1,2.0,169,0.0,0,0.990566038,0.666666667,1,1,55.33333333,1,0.6667,0
xalan,2.4,xalan-2.4.csv,org.apache.xpath.objects.XRTreeFragSelectWrapper,10,4,0,8,23,25,1,7,10,0.555555556,86,0.0,1,0.905263158,0.28,3,22,7.5,2,1.0,2
xalan,2.4,xalan-2.4.csv,org.apache.xalan.transformer.KeyRefIterator,3,7,0,20,26,0,1,19,2,0.0,171,0.75,3,0.985185185,0.444444444,3,4,54.66666667,6,3.0,0
xalan,2.4,xalan-2.4.csv,org.apache.xalan.processor.ProcessorPreserveSpace,2,4,1,9,14,1,2,7,1,2.0,50,0.0,0,0.995260664,0.625,2,2,24.0,1,0.5,0
xalan,2.4,xalan-2.4.csv,org.apache.xpath.operations.Plus,3,3,0,7,7,3,2,5,3,2.0,25,0.0,0,0.953488372,0.555555556,1,1,7.333333333,1,0.6667,0
xalan,2.4,xalan-2.4.csv,org.apache.xalan.transformer.TreeWalker2Result,4,2,0,6,25,0,1,5,2,0.444444444,152,0.0,2,0.727272727,0.5625,1,4,36.25,1,0.75,0
xalan,2.4,xalan-2.4.csv,org.apache.xalan.xsltc.compiler.IntExpr,4,3,0,13,14,0,0,13,4,0.333333333,44,1.0,0,0.959459459,0.4,2,7,9.75,1,0.75,0
xalan,2.4,xalan-2.4.csv,org.apache.xalan.processor.ProcessorExsltFunction,6,5,0,16,27,15,1,15,4,2.0,193,0.0,0,0.97706422,0.533333333,2,4,31.16666667,6,1.6667,2
xalan,2.4,xalan-2.4.csv,org.apache.xalan.templates.ElemChoose,6,3,0,9,26,15,0,9,6,2.0,160,0.0,0,0.975124378,0.444444444,2,5,25.66666667,4,1.3333,0
xalan,2.4,xalan-2.4.csv,org.apache.xpath.compiler.Keywords,3,1,0,4,9,1,4,0,2,1.456896552,583,0.896551724,0,0.0,0.5,0,0,174.0,3,1.0,0
xalan,2.4,xalan-2.4.csv,org.apache.xpath.functions.FuncExtFunctionAvailable,2,4,0,8,14,1,0,8,2,2.0,72,0.0,0,0.979591837,0.75,2,7,35.0,1,0.5,0
xalan,2.4,xalan-2.4.csv,org.apache.xalan.xsltc.compiler.TransletOutput,5,3,0,20,30,0,0,20,4,0.75,144,1.0,1,0.933333333,0.333333333,2,6,27.4,3,1.2,0
xalan,2.4,xalan-2.4.csv,org.apache.xalan.lib.Extensions,12,1,0,15,62,66,2,13,9,0.909090909,477,0.0,0,0.0,0.25,0,0,38.58333333,5,2.0,1
xalan,2.4,xalan-2.4.csv,org.apache.xalan.xsltc.trax.TransformerImpl,34,2,0,20,144,337,4,17,19,0.894660895,1704,1.0,6,0.288888889,0.131487889,0,0,48.5,18,2.7059,0
xalan,2.4,xalan-2.4.csv,org.apache.xalan.xsltc.runtime.output.StreamTextOutput,11,3,0,3,16,55,1,2,11,2.0,44,0.0,0,0.830188679,0.348484848,0,0,3.0,1,0.8182,0
xalan,2.4,xalan-2.4.csv,org.apache.xpath.patterns.StepPattern,31,3,2,23,77,241,11,14,26,0.733333333,1095,0.4,2,0.641975309,0.180107527,2,9,34.16129032,17,3.0645,0
xalan,2.4,xalan-2.4.csv,org.apache.xalan.transformer.TransformSnapshot,0,1,0,2,0,0,2,0,0,2.0,0,0.0,0,0.0,0.0,0,0,0.0,0,0.0,0
xalan,2.4,xalan-2.4.csv,org.apache.xpath.functions.FunctionDef1Arg,8,4,9,18,21,28,9,9,4,2.0,110,0.0,0,0.872727273,0.5,2,5,12.75,2,1.125,0
xalan,2.4,xalan-2.4.csv,org.apache.xalan.templates.ElemSort,15,3,0,7,26,53,2,5,15,0.785714286,164,1.0,5,0.933333333,0.293333333,2,5,9.6,2,1.0,0
xalan,2.4,xalan-2.4.csv,org.apache.xalan.templates.ElemExtensionDecl,14,3,0,10,41,27,1,9,14,0.666666667,290,1.0,2,0.937799043,0.25,3,4,19.5,2,1.0714,0
xalan,2.4,xalan-2.4.csv,org.apache.xalan.processor.ProcessorAttributeSet,3,4,0,7,19,3,1,6,2,2.0,54,0.0,0,0.990566038,0.666666667,2,3,17.0,1,0.6667,0
xalan,2.4,xalan-2.4.csv,org.apache.xalan.templates.WhiteSpaceInfo,4,4,1,9,8,4,7,4,4,0.666666667,30,1.0,0,0.99086758,0.45,0,0,6.25,1,0.5,0
xalan,2.4,xalan-2.4.csv,org.apache.xalan.xsltc.cmdline.getopt.GetOpt,5,1,0,5,33,0,3,4,5,0.65,328,1.0,2,0.0,0.466666667,0,0,63.6,3,1.6,0
xalan,2.4,xalan-2.4.csv,org.apache.xalan.xpath.XRTreeFrag,9,2,0,4,22,0,0,4,9,0.5,67,0.0,2,0.714285714,0.407407407,1,1,6.222222222,1,0.8889,0
xalan,2.4,xalan-2.4.csv,org.apache.xalan.xsltc.compiler.AlternativePattern,8,4,0,18,27,0,1,17,8,0.142857143,135,1.0,2,0.925531915,0.270833333,2,3,15.625,2,1.0,0
xalan,2.4,xalan-2.4.csv,org.apache.xalan.xsltc.compiler.Attribute,3,3,0,5,14,1,0,5,2,0.5,37,1.0,1,0.965517241,0.555555556,1,4,11.0,1,0.6667,0
xalan,2.4,xalan-2.4.csv,org.apache.xml.utils.XMLString,37,1,0,41,37,666,41,0,37,2.0,37,0.0,0,0.0,0.191891892,1,1,0.0,1,1.0,0
xalan,2.4,xalan-2.4.csv,org.apache.xml.utils.NodeConsumer,1,1,0,3,1,0,3,0,1,2.0,1,0.0,0,0.0,1.0,0,0,0.0,1,1.0,0
xalan,2.4,xalan-2.4.csv,org.apache.xalan.xsltc.compiler.Otherwise,4,3,0,11,12,6,1,10,3,2.0,43,0.0,0,0.949152542,0.4,1,4,9.75,1,0.75,0
xalan,2.4,xalan-2.4.csv,org.apache.xpath.functions.FuncNamespace,2,5,0,5,11,1,0,5,2,2.0,65,0.0,0,0.982142857,0.75,3,8,31.5,1,0.5,0
xalan,2.4,xalan-2.4.csv,org.apache.xpath.compiler.FunctionTable,5,1,0,7,14,0,3,4,4,1.211538462,391,0.051282051,1,0.0,0.375,0,0,69.4,2,0.8,0
xalan,2.4,xalan-2.4.csv,org.apache.xml.utils.res.XResourceBundle,5,3,12,13,16,8,13,0,3,1.223684211,424,0.0,0,0.926829268,0.416666667,0,0,80.0,3,1.0,0
xalan,2.4,xalan-2.4.csv,org.apache.xalan.xsltc.compiler.WithParam,6,3,0,25,39,0,1,24,5,0.4,201,1.0,2,0.918032787,0.361111111,1,6,32.16666667,3,1.6667,0
xalan,2.4,xalan-2.4.csv,org.apache.xalan.lib.PipeDocument,3,1,0,11,46,3,0,11,3,2.0,261,0.0,0,0.0,0.466666667,0,0,86.0,1,0.6667,0
xalan,2.4,xalan-2.4.csv,org.apache.xalan.xsltc.compiler.Variable,6,4,0,36,48,15,10,30,5,2.0,282,0.0,0,0.938271605,0.4,2,12,46.0,8,3.6667,0
xalan,2.4,xalan-2.4.csv,org.apache.xpath.objects.XNodeSet,33,4,2,42,74,516,24,19,31,0.96875,600,0.0,6,0.801470588,0.173611111,3,29,17.0,2,1.1515,2
xalan,2.4,xalan-2.4.csv,org.apache.xpath.objects.Comparator,3,1,6,8,4,3,7,1,0,2.0,6,0.0,0,0.0,0.555555556,0,0,1.0,1,0.6667,0
xalan,2.4,xalan-2.4.csv,org.apache.xalan.templates.ElemNumber,42,3,0,29,135,617,4,28,27,0.860310421,2387,1.0,9,0.830508475,0.136298422,2,6,55.57142857,26,2.0952,0
xalan,2.4,xalan-2.4.csv,org.apache.xpath.compiler.OpCodes,1,1,0,0,2,0,0,0,1,2.0,68,0.015625,0,0.0,1.0,0,0,3.0,0,0.0,0
xalan,2.4,xalan-2.4.csv,org.apache.xalan.xsltc.compiler.ApplyTemplates,6,3,0,29,58,0,2,28,5,0.65,361,1.0,3,0.918032787,0.305555556,1,5,58.5,13,3.3333,0
xalan,2.4,xalan-2.4.csv,org.apache.xml.dtm.ref.DTMSafeStringPool,5,2,0,2,15,10,1,1,5,2.0,305,0.0,0,0.5,0.35,2,5,60.0,8,2.2,0
xalan,2.4,xalan-2.4.csv,org.apache.xalan.templates.ElemIf,8,3,0,14,27,0,0,14,7,0.285714286,117,1.0,1,0.965517241,0.270833333,2,5,13.5,2,1.0,0
xalan,2.4,xalan-2.4.csv,org.apache.xalan.xsltc.dom.DOMAdapter,42,1,0,10,85,0,4,6,42,0.783972125,437,1.0,2,0.0,0.235449735,0,0,9.238095238,6,1.1905,0
xalan,2.4,xalan-2.4.csv,org.apache.xml.utils.NameSpace,1,1,0,1,2,0,1,0,1,2.0,16,0.0,1,0.0,1.0,0,0,12.0,0,0.0,0
xalan,2.4,xalan-2.4.csv,org.apache.xpath.operations.Bool,3,3,0,6,7,3,1,5,3,2.0,24,0.0,0,0.952380952,0.555555556,1,1,7.0,1,0.6667,0
xalan,2.4,xalan-2.4.csv,org.apache.xalan.xsltc.compiler.ConcatCall,3,4,0,22,22,3,0,22,3,2.0,131,0.0,0,0.979591837,0.444444444,3,14,42.66666667,5,2.0,0
xalan,2.4,xalan-2.4.csv,org.apache.xalan.lib.Redirect,7,1,0,11,45,1,0,11,4,0.75,499,0.5,0,0.0,0.571428571,0,0,69.71428571,7,1.7143,0
xalan,2.4,xalan-2.4.csv,org.apache.xalan.xsltc.compiler.Whitespace,14,3,0,33,79,89,1,32,7,1.030769231,805,0.3,0,0.821917808,0.207142857,2,5,55.78571429,11,3.5714,0
xalan,2.4,xalan-2.4.csv,org.apache.xpath.DOMOrder,1,1,0,1,1,0,1,0,1,2.0,1,0.0,0,0.0,1.0,0,0,0.0,1,1.0,0
xalan,2.4,xalan-2.4.csv,org.apache.xalan.trace.PrintTraceListener,7,1,0,18,47,9,1,17,7,0.722222222,593,0.0,0,0.0,0.333333333,0,0,82.85714286,10,2.4286,1
xalan,2.4,xalan-2.4.csv,org.apache.xalan.xsltc.compiler.VariableBase,19,3,2,32,61,99,15,20,18,0.907407407,335,1.0,3,0.769230769,0.190789474,1,4,16.0,7,1.7368,0
xalan,2.4,xalan-2.4.csv,org.apache.xalan.xsltc.compiler.SourceLoader,1,1,0,6,1,0,6,1,1,2.0,1,0.0,0,0.0,1.0,0,0,0.0,1,1.0,0
xalan,2.4,xalan-2.4.csv,org.apache.xml.utils.SuballocatedByteVector,18,1,0,0,20,3,0,0,10,0.329411765,833,1.0,0,0.0,0.685185185,0,0,45.0,8,3.1111,0
xalan,2.4,xalan-2.4.csv,org.apache.xpath.operations.Lte,2,3,0,4,4,1,1,3,2,2.0,13,0.0,0,0.976190476,0.75,1,1,5.5,1,0.5,0
xalan,2.4,xalan-2.4.csv,org.apache.xalan.xsltc.compiler.FilterParentPath,6,3,0,27,31,0,2,25,6,0.333333333,213,1.0,2,0.934210526,0.305555556,2,7,34.0,4,1.3333,0
xalan,2.4,xalan-2.4.csv,org.apache.xalan.xsltc.compiler.LocationPathPattern,12,4,3,16,17,52,7,9,12,0.840909091,96,1.0,1,0.887755102,0.236111111,2,3,6.666666667,6,1.4167,0
xalan,2.4,xalan-2.4.csv,org.apache.xalan.xsltc.trax.TemplatesHandlerImpl,8,2,0,9,39,10,1,9,7,0.714285714,180,1.0,1,0.915662651,0.267857143,1,1,21.0,8,1.75,0
xalan,2.4,xalan-2.4.csv,org.apache.xalan.templates.ElemTemplate,22,3,2,29,46,189,24,11,22,0.942857143,179,0.8,4,0.903225806,0.181818182,2,14,6.681818182,1,0.9545,0
xalan,2.4,xalan-2.4.csv,org.apache.xalan.xsltc.compiler.XslElement,10,3,0,36,70,7,1,35,7,0.644444444,658,1.0,2,0.861538462,0.3,1,9,64.3,13,4.0,0
xalan,2.4,xalan-2.4.csv,org.apache.xml.dtm.ref.IncrementalSAXSource,5,1,0,6,5,10,6,0,5,2.0,5,0.0,0,0.0,0.333333333,0,0,0.0,1,1.0,0
xalan,2.4,xalan-2.4.csv,org.apache.xalan.xsltc.compiler.util.ResultTreeType,22,2,0,43,58,201,9,36,21,0.523809524,715,1.0,0,0.622641509,0.199300699,2,4,31.45454545,7,1.5455,1
xalan,2.4,xalan-2.4.csv,org.apache.xalan.xsltc.compiler.IdKeyPattern,9,5,2,28,26,22,3,26,9,0.75,158,1.0,1,0.925233645,0.259259259,3,4,16.22222222,2,1.0,0
xalan,2.4,xalan-2.4.csv,org.apache.xml.utils.res.XResources_ka,3,4,0,1,4,1,0,1,2,0.5,614,0.0,0,0.976190476,1.0,0,0,203.3333333,1,0.3333,0
xalan,2.4,xalan-2.4.csv,org.apache.xalan.templates.ElemAttribute,9,5,0,11,39,36,1,10,6,2.0,195,0.0,0,0.963800905,0.314814815,4,7,20.66666667,16,3.0,2
xalan,2.4,xalan-2.4.csv,org.apache.xml.utils.StringVector,11,1,0,8,15,0,8,0,11,0.425,234,1.0,0,0.0,0.515151515,0,0,19.90909091,4,1.7273,0
xalan,2.4,xalan-2.4.csv,org.apache.xalan.xsltc.dom.DupFilterIterator,8,2,0,4,14,0,1,3,8,0.628571429,212,1.0,1,0.588235294,0.416666667,1,5,24.875,12,2.375,0
xalan,2.4,xalan-2.4.csv,org.apache.xalan.serialize.EncodingInfo,1,1,0,1,2,0,1,0,1,2.0,16,0.0,0,0.0,1.0,0,0,12.0,0,0.0,0
xalan,2.4,xalan-2.4.csv,org.apache.xalan.xsltc.compiler.RelationalExpr,10,3,0,33,54,0,0,33,10,0.185185185,600,1.0,2,0.8875,0.257142857,2,9,58.7,7,2.5,0
xalan,2.4,xalan-2.4.csv,org.apache.xalan.xsltc.DOM,37,1,0,27,37,666,24,4,37,1.027777778,51,0.0,0,0.0,0.27027027,0,0,0.0,1,1.0,0
xalan,2.4,xalan-2.4.csv,org.apache.xalan.xsltc.DOMCache,1,1,0,6,1,0,4,2,1,2.0,1,0.0,0,0.0,1.0,0,0,0.0,1,1.0,0
xalan,2.4,xalan-2.4.csv,org.apache.xpath.axes.NodeSequence,37,3,1,18,68,218,10,8,34,0.625,693,1.0,2,0.682692308,0.171171171,2,9,17.62162162,12,2.2432,4
xalan,2.4,xalan-2.4.csv,org.apache.xalan.xsltc.runtime.DefaultSAXOutputHandler,36,1,0,3,69,428,2,1,28,0.834920635,967,1.0,3,0.0,0.215873016,0,0,25.11111111,2,0.8889,0
xalan,2.4,xalan-2.4.csv,org.apache.xalan.templates.ElemLiteralResult,32,4,2,17,84,354,6,12,28,0.88172043,657,1.0,2,0.86695279,0.180555556,3,19,19.25,10,1.8438,0
xalan,2.4,xalan-2.4.csv,org.apache.xml.utils.SAXSourceLocator,8,2,0,17,29,0,17,0,8,0.285714286,119,0.0,0,0.666666667,0.34375,0,0,13.75,2,1.0,0
xalan,2.4,xalan-2.4.csv,org.apache.xalan.xsltc.compiler.FunctionAvailableCall,9,4,0,21,41,24,0,21,5,0.53125,311,1.0,1,0.923076923,0.253968254,3,13,33.11111111,6,2.4444,0
xalan,2.4,xalan-2.4.csv,org.apache.xalan.templates.ElemExtensionScript,6,3,0,2,7,3,1,1,6,0.6,33,1.0,0,0.975124378,0.666666667,1,2,4.166666667,1,0.8333,0
xalan,2.4,xalan-2.4.csv,org.apache.xpath.axes.WalkingIterator,17,5,1,19,41,0,8,13,16,0.4375,281,1.0,2,0.892857143,0.165775401,2,9,15.41176471,7,1.8824,0
xalan,2.4,xalan-2.4.csv,org.apache.xalan.xsltc.compiler.Template,22,3,0,28,72,121,10,22,21,0.852380952,485,1.0,4,0.740740741,0.140495868,2,7,20.59090909,8,2.0455,0
xalan,2.4,xalan-2.4.csv,org.apache.xalan.trace.SelectionEvent,1,1,1,8,2,0,4,4,1,2.0,28,0.0,4,0.0,1.0,0,0,21.0,0,0.0,0
xalan,2.4,xalan-2.4.csv,org.apache.xml.utils.synthetic.SynthesisException,4,3,0,6,5,0,6,0,2,1.095238095,54,0.0,0,0.944444444,0.666666667,0,0,10.75,1,0.25,0
xalan,2.4,xalan-2.4.csv,org.apache.xalan.xsltc.dom.Filter,1,1,0,6,1,0,6,0,1,2.0,1,0.0,0,0.0,1.0,0,0,0.0,1,1.0,0
xalan,2.4,xalan-2.4.csv,org.apache.xpath.axes.WalkingIteratorSorted,5,6,0,5,13,0,1,5,3,0.25,129,1.0,0,0.979020979,0.366666667,1,1,24.6,17,4.0,0
xalan,2.4,xalan-2.4.csv,org.apache.xalan.templates.NamespaceAlias,10,3,0,6,12,37,6,2,10,0.888888889,52,1.0,0,0.956097561,0.4,1,1,3.8,1,0.9,0
xalan,2.4,xalan-2.4.csv,org.apache.xalan.xsltc.compiler.util.ErrorMsg,18,1,0,51,33,3,51,2,15,1.015345269,485,0.086956522,0,0.0,0.411764706,0,0,20.83333333,3,0.7222,0
xalan,2.4,xalan-2.4.csv,org.apache.xalan.transformer.TrAXFilter,7,2,0,3,35,1,1,2,6,0.5,199,1.0,1,0.85,0.265306122,1,6,27.14285714,6,1.7143,0
xalan,2.4,xalan-2.4.csv,org.apache.xalan.xsltc.dom.DocumentCache,8,1,0,7,54,6,1,7,3,0.660714286,399,1.0,0,0.0,0.339285714,0,0,47.875,7,2.375,0
xalan,2.4,xalan-2.4.csv,org.apache.xml.dtm.DTMAxisIterator,10,1,0,26,10,45,26,0,10,1.111111111,11,0.0,0,0.0,0.55,0,0,0.0,1,1.0,0
xalan,2.4,xalan-2.4.csv,org.apache.xalan.lib.sql.QueryParameter,5,1,0,1,6,0,1,0,5,0.5,30,1.0,0,0.0,0.8,0,0,4.6,1,0.8,0
xalan,2.4,xalan-2.4.csv,org.apache.xalan.xsltc.compiler.If,5,3,0,18,28,0,1,17,4,0.25,129,1.0,1,0.933333333,0.333333333,1,5,24.4,5,1.8,0
xalan,2.4,xalan-2.4.csv,org.apache.xalan.processor.StopParseException,1,4,0,2,2,0,2,0,0,2.0,5,0.0,0,1.0,1.0,0,0,4.0,0,0.0,0
xalan,2.4,xalan-2.4.csv,org.apache.xml.utils.res.XResources_he,3,4,0,1,4,1,0,1,2,0.5,426,0.0,0,0.976190476,1.0,0,0,140.6666667,1,0.3333,0
xalan,2.4,xalan-2.4.csv,org.apache.xalan.processor.StylesheetPIHandler,6,2,0,3,26,3,1,2,6,0.733333333,462,0.0,0,0.772727273,0.458333333,1,1,75.0,2,1.0,0
xalan,2.4,xalan-2.4.csv,org.apache.xalan.xsltc.compiler.CastExpr,9,3,0,58,46,0,33,25,8,0.583333333,508,1.0,2,0.91025641,0.3125,2,7,55.11111111,5,1.3333,0
xalan,2.4,xalan-2.4.csv,org.apache.xml.utils.res.XResources_hy,3,4,0,1,4,1,0,1,2,0.5,614,0.0,0,0.976190476,1.0,0,0,203.3333333,1,0.3333,0
xalan,2.4,xalan-2.4.csv,org.apache.xalan.templates.ElemValueOf,11,3,0,17,41,15,3,15,10,0.7,228,1.0,1,0.951456311,0.233766234,2,5,19.45454545,4,1.2727,0
xalan,2.4,xalan-2.4.csv,org.apache.xalan.xsltc.runtime.Parameter,2,1,0,2,3,0,2,0,2,0.0,29,0.0,0,0.0,0.875,0,0,12.0,0,0.0,0
xalan,2.4,xalan-2.4.csv,org.apache.xalan.xsltc.compiler.FlowList,7,1,0,29,17,0,26,3,7,0.0,155,1.0,0,0.0,0.464285714,0,0,21.0,4,1.8571,0
xalan,2.4,xalan-2.4.csv,org.apache.xalan.templates.Constants,1,1,0,0,2,0,0,0,1,2.0,353,0.0,0,0.0,1.0,0,0,3.0,0,0.0,1
xalan,2.4,xalan-2.4.csv,org.apache.xalan.templates.ElemFallback,5,3,0,5,12,10,2,3,5,2.0,39,0.0,0,0.98,0.7,2,4,6.8,1,0.8,0
xalan,2.4,xalan-2.4.csv,org.apache.xpath.objects.LessThanComparator,3,2,0,3,5,3,1,2,0,2.0,24,0.0,0,0.5,0.555555556,0,0,7.0,2,1.3333,0
xalan,2.4,xalan-2.4.csv,org.apache.xalan.templates.ElemEmpty,1,3,0,1,2,0,0,1,1,2.0,4,0.0,0,1.0,1.0,0,0,3.0,0,0.0,0
xalan,2.4,xalan-2.4.csv,org.apache.xalan.xpath.xml.FormatterToXML,5,2,0,5,12,0,3,2,5,0.0,82,0.0,1,0.966666667,0.4,0,0,15.2,1,0.2,0
xalan,2.4,xalan-2.4.csv,org.apache.xalan.res.XSLTErrorResources,8,3,0,1,21,28,1,0,7,1.142857143,430,0.0,0,0.857142857,0.225,0,0,17.375,2,0.875,3
xalan,2.4,xalan-2.4.csv,org.apache.xalan.xsltc.compiler.UnsupportedElement,7,2,0,11,24,5,1,11,6,0.583333333,131,1.0,2,0.9,0.238095238,1,5,17.42857143,6,1.8571,0
xalan,2.4,xalan-2.4.csv,org.apache.xalan.xsltc.compiler.Closure,4,1,0,6,4,6,6,1,4,2.0,4,0.0,0,0.0,0.625,0,0,0.0,1,1.0,0
xalan,2.4,xalan-2.4.csv,org.apache.xalan.templates.ElemText,6,3,0,3,11,9,2,1,6,0.6,49,1.0,0,0.975124378,0.444444444,2,5,7.0,3,1.1667,0
xalan,2.4,xalan-2.4.csv,org.apache.xalan.xsltc.compiler.BooleanCall,3,4,0,8,11,0,0,8,3,0.0,51,1.0,1,0.979591837,0.444444444,3,13,15.66666667,2,1.0,0
xalan,2.4,xalan-2.4.csv,org.apache.xpath.XPathProcessorException,2,5,0,4,4,1,3,1,2,2.0,11,0.0,0,1.0,0.833333333,0,0,4.5,0,0.0,0
xalan,2.4,xalan-2.4.csv,org.apache.xalan.transformer.TransformerIdentityImpl,43,2,0,12,139,575,1,11,41,0.863945578,1086,0.785714286,2,0.236363636,0.153100775,0,0,23.93023256,2,1.0465,0
xalan,2.4,xalan-2.4.csv,org.apache.xpath.operations.Minus,3,3,0,7,7,3,2,5,3,2.0,25,0.0,0,0.953488372,0.555555556,1,1,7.333333333,1,0.6667,0
xalan,2.4,xalan-2.4.csv,org.apache.xalan.xsltc.compiler.util.MatchGenerator,10,5,0,9,16,27,1,8,9,0.844444444,79,1.0,0,0.945205479,0.263888889,2,5,6.4,2,0.9,0
xalan,2.4,xalan-2.4.csv,org.apache.xpath.compiler.OpMap,21,1,1,12,29,76,11,1,20,0.858333333,409,0.166666667,0,0.0,0.404761905,0,0,18.19047619,8,1.6667,1
xalan,2.4,xalan-2.4.csv,org.apache.xalan.xsltc.compiler.util.Util,18,1,0,44,38,151,43,1,17,0.941176471,258,0.0,0,0.0,0.235294118,0,0,13.27777778,5,1.5556,1
xalan,2.4,xalan-2.4.csv,org.apache.xalan.xsltc.compiler.FilteredAbsoluteLocationPath,7,3,0,21,28,0,0,21,7,0.0,143,1.0,1,0.934210526,0.285714286,2,7,19.28571429,2,1.1429,0
xalan,2.4,xalan-2.4.csv,org.apache.xpath.functions.FuncCurrent,3,3,0,10,12,3,1,9,3,2.0,50,0.0,0,0.95,0.5,1,6,15.66666667,1,0.6667,0
xalan,2.4,xalan-2.4.csv,org.apache.xalan.templates.ElemCopyOf,9,3,0,20,45,6,0,20,8,0.375,217,0.0,1,0.960784314,0.238095238,2,5,23.0,2,1.0,0
xalan,2.4,xalan-2.4.csv,org.apache.xalan.xsltc.compiler.UseAttributeSets,4,3,0,21,30,0,5,17,4,0.833333333,127,1.0,0,0.949152542,0.416666667,1,3,30.25,4,2.0,0
xalan,2.4,xalan-2.4.csv,org.apache.xpath.functions.Function2Args,9,4,7,20,23,6,12,9,8,0.375,123,0.0,1,0.857142857,0.355555556,3,9,12.55555556,6,1.7778,0
xalan,2.4,xalan-2.4.csv,org.apache.xpath.objects.XBoolean,10,3,1,26,17,1,24,3,9,0.703703704,99,0.0,2,0.91025641,0.333333333,2,22,8.6,3,1.3,1
xalan,2.4,xalan-2.4.csv,org.apache.xpath.axes.UnionPathIterator,16,5,0,23,52,46,4,22,13,0.6,561,1.0,2,0.899280576,0.2,2,13,33.9375,9,2.4375,1
xalan,2.4,xalan-2.4.csv,org.apache.xalan.xsltc.compiler.TestSeq,11,1,0,15,45,0,1,15,9,0.633333333,360,1.0,2,0.0,0.222222222,0,0,31.18181818,11,2.4545,0
xalan,2.4,xalan-2.4.csv,org.apache.xml.dtm.ref.ExpandedNameTable,10,1,0,15,24,0,13,3,9,0.970760234,247,0.210526316,3,0.0,0.475,0,0,21.8,4,1.5,1
xalan,2.4,xalan-2.4.csv,org.apache.xalan.processor.ProcessorDecimalFormat,2,4,0,6,9,1,1,5,1,2.0,27,0.0,0,0.995260664,0.625,2,2,12.5,1,0.5,0
xalan,2.4,xalan-2.4.csv,org.apache.xalan.xsltc.dom.SortingIterator,11,2,0,5,26,0,0,5,8,0.666666667,271,1.0,3,0.5,0.309090909,1,5,23.09090909,4,1.6364,0
xalan,2.4,xalan-2.4.csv,org.apache.xalan.xsltc.runtime.ErrorMessages_no,3,4,0,1,5,1,0,1,2,0.5,79,1.0,0,0.975,0.75,2,3,25.0,3,1.0,0
xalan,2.4,xalan-2.4.csv,org.apache.xml.utils.res.XResources_el,3,4,0,1,4,1,0,1,2,0.5,575,0.0,0,0.976190476,1.0,0,0,190.3333333,1,0.3333,0
xalan,2.4,xalan-2.4.csv,org.apache.xml.dtm.DTMDOMException,2,5,0,3,3,1,3,0,2,2.0,12,0.0,0,1.0,0.833333333,0,0,5.0,0,0.0,0
xalan,2.4,xalan-2.4.csv,org.apache.xalan.xsltc.dom.ReverseIterator,8,2,0,2,14,0,0,2,8,0.666666667,152,1.0,1,0.588235294,0.416666667,1,5,17.25,5,1.5,0
xalan,2.4,xalan-2.4.csv,org.apache.xpath.XPathException,13,4,1,6,25,8,4,2,12,0.541666667,257,0.5,0,0.771428571,0.269230769,2,4,18.61538462,5,1.8462,0
xalan,2.4,xalan-2.4.csv,org.apache.xalan.xsltc.trax.XSLTCSource,10,1,0,5,33,0,1,4,8,0.472222222,182,1.0,2,0.0,0.4,0,0,16.8,2,0.9,0
xalan,2.4,xalan-2.4.csv,org.apache.xalan.templates.XUnresolvedVariable,6,3,0,7,23,9,1,7,6,0.833333333,134,1.0,1,0.934210526,0.361111111,2,12,20.33333333,1,0.8333,0
xalan,2.4,xalan-2.4.csv,org.apache.xml.utils.MutableAttrListImpl,5,2,0,2,18,10,2,0,5,2.0,107,0.0,0,0.888888889,0.6,1,2,20.4,4,1.8,0
xalan,2.4,xalan-2.4.csv,org.apache.xalan.serialize.ElemDesc,4,1,0,2,8,0,1,1,0,1.269230769,80,0.0,1,0.0,0.833333333,0,0,12.5,3,1.75,0
xalan,2.4,xalan-2.4.csv,org.apache.xalan.transformer.Counter,3,1,0,5,8,0,1,4,0,0.833333333,84,0.0,2,0.0,0.466666667,0,0,25.0,4,2.0,0
xalan,2.4,xalan-2.4.csv,org.apache.xalan.xsltc.compiler.NotCall,3,4,0,16,12,3,1,15,3,2.0,56,0.0,0,0.979591837,0.6,2,6,17.66666667,1,0.6667,0
xalan,2.4,xalan-2.4.csv,org.apache.xalan.templates.ElemUse,7,3,4,9,16,0,4,6,6,0.166666667,119,1.0,1,0.97029703,0.428571429,0,0,15.85714286,2,1.0,0
xalan,2.4,xalan-2.4.csv,org.apache.xpath.functions.Function3Args,9,5,4,14,23,6,6,9,8,0.375,124,0.0,1,0.875,0.355555556,4,15,12.66666667,6,1.7778,0
xalan,2.4,xalan-2.4.csv,org.apache.xpath.objects.XObjectFactory,3,1,0,13,19,3,1,13,3,2.0,207,0.0,0,0.0,0.444444444,0,0,68.0,11,5.3333,0
xalan,2.4,xalan-2.4.csv,org.apache.xalan.templates.TemplateList,22,1,0,19,74,121,3,18,9,0.680272109,943,0.857142857,4,0.0,0.180952381,0,0,41.54545455,19,3.0455,0
xalan,2.4,xalan-2.4.csv,org.apache.xml.dtm.DTMConfigurationException,6,5,0,2,11,15,1,1,6,2.0,34,0.0,0,1.0,0.625,0,0,4.666666667,0,0.0,0
xalan,2.4,xalan-2.4.csv,org.apache.xpath.functions.FuncLast,5,3,0,8,12,8,1,7,5,0.5,59,1.0,0,0.904761905,0.4,1,6,10.6,2,1.0,0
xalan,2.4,xalan-2.4.csv,org.apache.xpath.axes.UnionChildIterator,3,7,0,11,14,0,1,10,3,0.0,119,1.0,0,0.985185185,0.555555556,3,3,38.33333333,5,2.3333,0
xalan,2.4,xalan-2.4.csv,org.apache.xalan.transformer.QueuedEvents,7,1,1,5,10,13,3,2,2,0.861111111,99,0.75,2,0.0,0.571428571,0,0,11.42857143,1,0.8571,0
xalan,2.4,xalan-2.4.csv,org.apache.xalan.xpath.XNodeSet,20,2,0,13,49,0,2,11,18,0.447368421,186,0.0,2,0.540540541,0.258333333,1,1,8.2,2,0.9,0
xalan,2.4,xalan-2.4.csv,org.apache.xpath.functions.FuncNormalizeSpace,3,5,0,6,11,3,0,6,3,2.0,45,0.0,0,0.964912281,0.666666667,2,7,14.0,1,0.6667,0
xalan,2.4,xalan-2.4.csv,org.apache.xalan.xsltc.runtime.output.StreamHTMLOutput,25,3,0,7,57,232,2,5,18,0.901041667,807,1.0,1,0.676923077,0.217592593,2,6,30.96,18,2.24,1
xalan,2.4,xalan-2.4.csv,org.apache.xalan.xsltc.dom.NthIterator,11,2,0,2,20,0,0,2,11,0.566666667,120,1.0,1,0.5,0.340909091,1,5,9.636363636,5,1.3636,0
xalan,2.4,xalan-2.4.csv,org.apache.xalan.templates.StylesheetComposed,11,4,1,17,43,39,11,10,9,0.8,333,1.0,0,0.964285714,0.309090909,1,2,28.90909091,4,1.5455,0
xalan,2.4,xalan-2.4.csv,org.apache.xalan.serialize.Encodings,11,1,0,6,43,23,4,2,8,0.925,419,0.375,1,0.0,0.3,0,0,36.36363636,10,3.1818,1
xalan,2.4,xalan-2.4.csv,org.apache.xpath.operations.And,3,3,0,6,7,3,1,5,3,2.0,42,0.0,0,0.953488372,0.833333333,1,6,13.0,1,0.6667,0
xalan,2.4,xalan-2.4.csv,org.apache.xalan.templates.ElemApplyImport,5,3,0,6,17,10,0,6,5,2.0,69,0.0,0,0.98,0.466666667,2,5,12.8,1,0.8,0
xalan,2.4,xalan-2.4.csv,org.apache.xpath.XPathContext,81,2,1,171,136,2426,155,22,78,0.936206897,1294,0.793103448,11,0.195876289,0.069318182,0,0,14.61728395,5,1.2716,3
xalan,2.4,xalan-2.4.csv,org.apache.xalan.lib.sql.ConnectionPoolManager,6,1,0,3,16,0,1,2,5,0.3,69,0.0,0,0.0,0.6,0,0,10.16666667,3,1.3333,0
xalan,2.4,xalan-2.4.csv,org.apache.xalan.xsltc.dom.ExtendedSAX,1,1,0,2,1,0,2,0,1,2.0,1,0.0,0,0.0,1.0,0,0,0.0,1,1.0,0
xalan,2.4,xalan-2.4.csv,org.apache.xalan.processor.XSLTSchema,6,2,0,27,47,3,5,25,2,0.7875,2654,0.03125,0,0.848484848,0.444444444,1,2,436.0,36,6.6667,2
xalan,2.4,xalan-2.4.csv,org.apache.xalan.xsltc.compiler.util.ErrorMessages_no,3,4,0,1,5,1,0,1,2,0.5,349,1.0,0,0.975,0.75,2,3,115.0,6,2.0,0
xalan,2.4,xalan-2.4.csv,org.apache.xalan.xsltc.compiler.AncestorPattern,10,6,0,35,46,1,2,33,10,0.518518519,302,1.0,2,0.925233645,0.242857143,3,4,28.9,8,1.6,0
xalan,2.4,xalan-2.4.csv,org.apache.xpath.patterns.ContextMatchStepPattern,3,4,0,8,16,3,1,8,3,2.0,176,0.0,0,0.975903614,0.583333333,2,12,57.66666667,1,0.6667,0
xalan,2.4,xalan-2.4.csv,org.apache.xalan.xsltc.compiler.util.TypeCheckError,6,3,0,88,14,0,87,2,6,0.1,97,0.0,2,0.894736842,0.4,1,1,14.83333333,3,0.6667,0
xalan,2.4,xalan-2.4.csv,org.apache.xalan.xsltc.compiler.NameCall,3,5,0,11,11,3,0,11,3,2.0,37,0.0,0,0.99,0.533333333,3,5,11.33333333,1,0.3333,0
xalan,2.4,xalan-2.4.csv,org.apache.xalan.xsltc.dom.NodeSortRecordFactory,5,1,0,7,14,4,1,6,3,0.75,127,1.0,2,0.0,0.416666667,0,0,22.8,1,0.6,0
xalan,2.4,xalan-2.4.csv,org.apache.xpath.objects.XRTreeFrag,19,3,1,21,43,87,6,15,18,0.6,336,0.2,3,0.816091954,0.184210526,2,24,16.42105263,9,1.6842,1
xalan,2.4,xalan-2.4.csv,org.apache.xml.dtm.ref.DTMDefaultBaseIterators,3,3,3,40,31,3,30,33,3,2.0,242,0.0,0,0.978723404,0.523809524,0,0,79.66666667,2,1.3333,0
xalan,2.4,xalan-2.4.csv,org.apache.xalan.xsltc.compiler.StringLengthCall,2,4,0,13,13,1,0,13,2,2.0,44,0.0,0,0.989690722,0.6,2,4,21.0,2,1.0,0
xalan,2.4,xalan-2.4.csv,org.apache.xalan.xsltc.runtime.AttributeList,16,1,0,4,38,58,3,1,16,0.741666667,261,1.0,1,0.0,0.453125,0,0,14.8125,3,1.3125,0
xalan,2.4,xalan-2.4.csv,org.apache.xalan.processor.XSLTAttributeDef,43,1,0,13,91,783,4,9,1,0.962585034,1954,0.166666667,2,0.0,0.328042328,0,0,43.46511628,19,1.5349,1
xalan,2.4,xalan-2.4.csv,org.apache.xalan.xsltc.compiler.LiteralExpr,8,3,0,19,18,4,6,13,5,0.571428571,75,1.0,0,0.922077922,0.325,2,8,8.125,1,0.75,0
xalan,2.4,xalan-2.4.csv,org.apache.xalan.xsltc.compiler.Text,10,3,0,21,32,0,4,18,7,0.583333333,262,1.0,0,0.875,0.266666667,2,6,24.8,10,2.1,0
xalan,2.4,xalan-2.4.csv,org.apache.xml.utils.BoolStack,13,1,0,6,16,0,6,0,12,0.361111111,160,1.0,0,0.0,0.41025641,0,0,11.07692308,2,1.2308,0
xalan,2.4,xalan-2.4.csv,org.apache.xml.utils.PrefixForUriEnumerator,3,1,0,1,9,0,1,1,2,0.0,67,1.0,1,0.0,0.5,0,0,20.0,3,1.6667,0
xalan,2.4,xalan-2.4.csv,org.apache.xpath.functions.FuncDoclocation,2,5,0,5,9,1,0,5,2,2.0,43,0.0,0,0.982142857,0.75,2,7,20.5,1,0.5,0
xalan,2.4,xalan-2.4.csv,org.apache.xalan.processor.ProcessorStripSpace,2,5,0,9,14,1,1,8,1,2.0,50,0.0,0,0.995283019,0.625,2,2,24.0,1,0.5,0
xalan,2.4,xalan-2.4.csv,org.apache.xalan.xsltc.compiler.XSLTC,53,1,0,24,140,1026,19,9,47,0.89516129,1204,0.870967742,3,0.0,0.106918239,0,0,21.13207547,17,1.6792,0
xalan,2.4,xalan-2.4.csv,org.apache.xalan.xslt.XSLTResultTarget,21,1,0,4,41,0,3,2,21,0.59,357,1.0,0,0.0,0.261904762,0,0,15.76190476,4,1.619,0
xalan,2.4,xalan-2.4.csv,org.apache.xml.utils.synthetic.reflection.Constructor,5,2,0,3,13,4,2,3,5,1.0,61,1.0,3,0.904761905,0.5,1,1,10.0,1,0.4,0
xalan,2.4,xalan-2.4.csv,org.apache.xalan.xsltc.trax.DOM2SAX,25,1,0,3,70,254,3,0,20,0.902777778,559,1.0,0,0.0,0.152727273,0,0,21.12,3,1.08,0
xalan,2.4,xalan-2.4.csv,org.apache.xalan.xsltc.compiler.RoundCall,2,4,0,18,13,1,0,18,2,2.0,61,0.0,0,0.989690722,0.6,2,4,29.5,1,0.5,0
xalan,2.4,xalan-2.4.csv,org.apache.xalan.transformer.ResultNameSpace,1,1,0,0,2,0,0,0,1,2.0,16,0.0,1,0.0,1.0,0,0,12.0,0,0.0,0
xalan,2.4,xalan-2.4.csv,org.apache.xpath.operations.Gte,2,3,0,4,4,1,1,3,2,2.0,13,0.0,0,0.976190476,0.75,1,1,5.5,1,0.5,0
xalan,2.4,xalan-2.4.csv,org.apache.xml.dtm.ref.DTMNodeProxy,120,1,0,10,148,5942,5,5,118,0.798319328,1019,0.0,1,0.0,0.185807656,0,0,7.466666667,4,1.1833,0
xalan,2.4,xalan-2.4.csv,org.apache.xalan.xsltc.compiler.Stylesheet,54,2,0,70,185,1235,27,55,43,0.948113208,1914,0.916666667,6,0.504672897,0.10130719,2,7,34.0,9,2.1296,2
xalan,2.4,xalan-2.4.csv,org.apache.xpath.operations.Mod,3,3,0,7,7,3,2,5,3,2.0,25,0.0,0,0.953488372,0.555555556,1,1,7.333333333,1,0.6667,0
xalan,2.4,xalan-2.4.csv,org.apache.xalan.xsltc.compiler.Message,4,3,0,22,23,0,0,22,3,0.333333333,115,1.0,0,0.949152542,0.4,2,5,27.5,2,1.25,0
xalan,2.4,xalan-2.4.csv,org.apache.xalan.xpath.xdom.XercesLiaison,15,5,0,8,43,83,0,8,13,0.821428571,210,1.0,0,0.729166667,0.16,2,6,12.86666667,3,1.1333,0
xalan,2.4,xalan-2.4.csv,org.apache.xpath.compiler.PsuedoNames,1,1,0,0,2,0,0,0,1,2.0,10,0.0,0,0.0,1.0,0,0,3.0,0,0.0,0
xalan,2.4,xalan-2.4.csv,org.apache.xalan.transformer.TransformerHandlerImpl,36,1,0,9,100,0,2,8,33,0.817582418,914,0.923076923,2,0.0,0.176623377,0,0,24.02777778,7,1.1944,0
xalan,2.4,xalan-2.4.csv,org.apache.xalan.extensions.XSLProcessorContext,7,1,1,25,49,5,6,19,7,0.733333333,321,1.0,4,0.0,0.392857143,0,0,44.14285714,1,0.8571,0
xalan,2.4,xalan-2.4.csv,org.apache.xpath.XPathVisitor,13,1,5,42,14,78,40,13,13,2.0,40,0.0,0,0.0,0.203296703,0,0,2.076923077,1,0.9231,0
xalan,2.4,xalan-2.4.csv,org.apache.xalan.xsltc.trax.TemplatesImpl,15,1,0,7,34,15,4,6,8,0.619047619,331,1.0,1,0.0,0.19047619,0,0,20.46666667,1,0.8667,1
xalan,2.4,xalan-2.4.csv,org.apache.xalan.xsltc.compiler.Key,6,3,0,42,56,0,1,41,5,0.55,531,1.0,4,0.923076923,0.361111111,2,4,86.83333333,4,1.6667,1
xalan,2.4,xalan-2.4.csv,org.apache.xalan.xsltc.runtime.AbstractTranslet,36,1,0,25,96,516,10,16,35,0.929142857,831,0.52,9,0.0,0.142592593,0,0,21.38888889,12,2.0556,0
xalan,2.4,xalan-2.4.csv,org.apache.xpath.functions.FuncGenerateId,2,5,0,4,10,1,0,4,2,2.0,28,0.0,0,0.982142857,0.75,2,7,13.0,1,0.5,0
xalan,2.4,xalan-2.4.csv,org.apache.xml.dtm.DTMAxisTraverser,5,1,12,28,6,10,28,0,5,2.0,19,0.0,0,0.0,0.9,0,0,2.8,1,0.8,0
xalan,2.4,xalan-2.4.csv,org.apache.xpath.axes.AttributeIterator,3,7,0,5,6,3,1,4,1,2.0,31,0.0,0,0.985185185,0.555555556,3,5,9.333333333,2,1.0,0
xalan,2.4,xalan-2.4.csv,org.apache.xalan.xsltc.compiler.CopyOf,5,3,0,26,32,0,1,25,4,0.25,253,1.0,1,0.933333333,0.333333333,1,3,49.4,5,1.8,0
xalan,2.4,xalan-2.4.csv,org.apache.xalan.xsltc.compiler.Output,6,3,0,21,40,0,2,21,5,0.8,706,1.0,0,0.923076923,0.333333333,3,7,114.3333333,28,7.3333,1
xalan,2.4,xalan-2.4.csv,org.apache.xpath.SourceTree,1,1,0,1,2,0,1,0,1,2.0,12,0.0,0,0.0,1.0,0,0,9.0,0,0.0,0
xalan,2.4,xalan-2.4.csv,org.apache.xalan.xsltc.compiler.util.CompareGenerator,11,5,0,16,23,37,3,13,10,0.916666667,141,1.0,0,0.93877551,0.225,2,5,10.72727273,2,0.9091,0
xalan,2.4,xalan-2.4.csv,org.apache.xpath.axes.ChildIterator,4,5,0,6,9,6,1,5,3,2.0,64,0.0,0,0.9765625,0.4375,1,6,15.0,4,1.5,0
xalan,2.4,xalan-2.4.csv,org.apache.xml.dtm.DTMIterator,25,1,0,53,25,300,52,2,25,1.041666667,28,0.0,0,0.0,0.34,0,0,0.0,1,1.0,0
xalan,2.4,xalan-2.4.csv,org.apache.xalan.xpath.XPathSupportDefault,1,3,0,2,2,0,0,2,1,2.0,4,0.0,0,1.0,1.0,0,0,3.0,0,0.0,0
xalan,2.4,xalan-2.4.csv,org.apache.xpath.Arg,15,1,0,3,21,0,1,2,15,0.628571429,158,1.0,2,0.0,0.311111111,0,0,9.2,2,0.8667,0
xalan,2.4,xalan-2.4.csv,org.apache.xalan.xsltc.compiler.RealExpr,4,3,0,13,14,0,0,13,4,0.333333333,44,1.0,0,0.959459459,0.4,2,7,9.75,1,0.75,0
xalan,2.4,xalan-2.4.csv,org.apache.xalan.trace.GenerateEvent,5,1,0,5,6,0,4,1,5,1.0,92,0.0,1,0.0,0.666666667,0,0,13.8,0,0.0,0
xalan,2.4,xalan-2.4.csv,org.apache.xml.dtm.ref.DTMNamedNodeMap,9,1,0,3,16,24,2,2,8,0.708333333,143,0.0,1,0.0,0.4,0,0,14.55555556,3,1.5556,0
xalan,2.4,xalan-2.4.csv,org.apache.xml.utils.NSInfo,3,1,0,1,4,0,1,0,3,0.642857143,55,0.0,0,0.0,0.666666667,0,0,15.0,0,0.0,0
xalan,2.4,xalan-2.4.csv,org.apache.xalan.xsltc.compiler.FunctionCall,25,3,23,62,126,68,25,37,15,0.848958333,1894,0.9375,4,0.76344086,0.131410256,3,10,74.12,15,2.92,3
xalan,2.4,xalan-2.4.csv,org.apache.xalan.xpath.XString,10,2,0,7,22,0,2,5,10,0.111111111,78,0.0,1,0.689655172,0.28,1,1,6.7,2,1.0,0
xalan,2.4,xalan-2.4.csv,org.apache.xpath.axes.SelfIteratorNoPredicate,5,5,0,9,8,10,3,6,4,2.0,52,0.0,0,0.9765625,0.45,1,4,9.4,3,1.0,1
xalan,2.4,xalan-2.4.csv,org.apache.xml.utils.SerializableLocatorImpl,10,1,0,0,15,37,0,0,10,0.777777778,64,1.0,0,0.0,0.375,0,0,5.0,1,0.8,0
xalan,2.4,xalan-2.4.csv,org.apache.xalan.processor.ProcessorImport,3,5,0,2,4,3,1,1,0,2.0,10,0.0,0,0.990950226,1.0,1,1,2.333333333,1,0.6667,0
xalan,2.4,xalan-2.4.csv,org.apache.xalan.xsltc.dom.BitArray,17,1,0,4,24,0,4,0,16,0.653409091,621,0.818181818,0,0.0,0.291666667,0,0,34.88235294,10,2.2353,0
xalan,2.4,xalan-2.4.csv,org.apache.xalan.templates.ElemMessage,6,3,0,5,17,3,0,5,6,0.4,60,1.0,0,0.975124378,0.444444444,2,4,8.833333333,1,0.8333,0
xalan,2.4,xalan-2.4.csv,org.apache.xpath.objects.EqualComparator,3,2,0,3,5,3,1,2,0,2.0,18,0.0,0,0.5,0.555555556,0,0,5.0,2,1.0,0
xalan,2.4,xalan-2.4.csv,org.apache.xpath.functions.FuncBoolean,2,4,0,5,5,1,0,5,2,2.0,15,0.0,0,0.979591837,0.75,1,6,6.5,1,0.5,0
xalan,2.4,xalan-2.4.csv,org.apache.xml.dtm.ref.DTMAxisIteratorBase,16,1,1,24,23,92,22,2,14,0.888888889,133,1.0,0,0.0,0.5625,0,0,6.9375,3,1.125,0
xalan,2.4,xalan-2.4.csv,org.apache.xml.dtm.ref.CustomStringPool,4,2,0,1,15,0,0,1,4,0.833333333,62,0.0,0,0.571428571,0.5,1,4,14.0,3,1.5,0
xalan,2.4,xalan-2.4.csv,org.apache.xpath.SourceTreeManager,13,1,0,8,45,42,4,5,13,0.625,345,0.5,0,0.0,0.340659341,0,0,25.38461538,5,1.8462,0
xalan,2.4,xalan-2.4.csv,org.apache.xalan.xsltc.compiler.IllegalCharException,1,3,0,0,2,0,0,0,1,2.0,5,0.0,0,1.0,1.0,0,0,4.0,0,0.0,0
xalan,2.4,xalan-2.4.csv,org.apache.xalan.xsltc.compiler.FilterExpr,7,3,0,25,38,0,2,24,6,0.083333333,282,1.0,1,0.922077922,0.306122449,2,9,39.0,3,1.7143,0
xalan,2.4,xalan-2.4.csv,org.apache.xalan.templates.AVT,14,1,0,23,44,29,11,13,14,0.769230769,546,1.0,0,0.0,0.206349206,0,0,37.64285714,4,1.8571,0
xalan,2.4,xalan-2.4.csv,org.apache.xpath.functions.FuncFalse,3,3,0,4,4,3,0,4,3,2.0,9,0.0,0,0.95,0.5,1,6,2.0,1,0.6667,0
xalan,2.4,xalan-2.4.csv,org.apache.xalan.xsltc.compiler.LiteralElement,13,3,0,28,76,42,5,24,9,0.783333333,663,1.0,1,0.823529412,0.207692308,2,11,49.61538462,18,4.5385,0
xalan,2.4,xalan-2.4.csv,org.apache.xpath.NodeSetDTM,56,2,1,21,84,714,14,7,56,0.739393939,839,0.833333333,1,0.363636364,0.160714286,1,4,13.875,9,1.5714,0
xalan,2.4,xalan-2.4.csv,org.apache.xpath.compiler.Lexer,10,1,0,5,25,3,1,5,0,0.611111111,815,0.5,3,0.0,0.3125,0,0,79.9,11,2.8,1
xalan,2.4,xalan-2.4.csv,org.apache.xalan.xsltc.runtime.output.SAXOutput,8,2,3,7,16,18,3,4,6,0.8,114,1.0,0,0.837837838,0.5,1,1,12.625,1,0.75,0
xalan,2.4,xalan-2.4.csv,org.apache.xalan.xsltc.trax.TrAXFilter,6,2,0,4,25,13,2,2,5,0.9,104,1.0,1,0.871794872,0.305555556,1,1,16.0,2,1.0,0
xalan,2.4,xalan-2.4.csv,org.apache.xml.utils.QName,28,1,0,54,49,268,50,4,28,0.562962963,732,0.8,0,0.0,0.285714286,1,1,24.96428571,9,1.4286,0
xalan,2.4,xalan-2.4.csv,org.apache.xpath.operations.Variable,16,2,1,25,51,50,7,19,16,0.746666667,356,0.8,1,0.666666667,0.1875,2,9,20.9375,9,2.25,0
xalan,2.4,xalan-2.4.csv,org.apache.xml.utils.Context2,12,1,0,1,26,0,1,0,0,0.681818182,365,0.5,2,0.0,0.409090909,0,0,28.58333333,10,2.5,0
xalan,2.4,xalan-2.4.csv,org.apache.xalan.xsltc.compiler.AbsoluteLocationPath,7,3,0,22,28,0,1,21,7,0.0,143,1.0,1,0.934210526,0.285714286,2,7,19.28571429,2,1.1429,0
xalan,2.4,xalan-2.4.csv,org.apache.xml.utils.DOMBuilder,30,1,0,4,62,223,2,2,28,0.634482759,460,0.6,0,0.0,0.2,0,0,14.16666667,5,1.0667,0
xalan,2.4,xalan-2.4.csv,org.apache.xalan.xsltc.compiler.util.TestGenerator,13,5,0,11,20,54,2,9,12,0.9,119,1.0,0,0.926174497,0.21875,2,5,7.384615385,2,0.9231,0
xalan,2.4,xalan-2.4.csv,org.apache.xml.utils.WrongParserException,1,4,0,0,2,0,0,0,1,2.0,5,0.0,0,1.0,1.0,0,0,4.0,0,0.0,0
xalan,2.4,xalan-2.4.csv,org.apache.xalan.xsltc.compiler.AbsolutePathPattern,8,5,0,33,44,0,1,33,8,0.142857143,241,1.0,1,0.933962264,0.270833333,3,4,29.0,6,1.875,0
xalan,2.4,xalan-2.4.csv,org.apache.xalan.templates.AVTPart,7,1,2,8,8,21,3,5,7,2.0,13,0.0,0,0.0,0.306122449,0,0,0.857142857,1,0.8571,0
xalan,2.4,xalan-2.4.csv,org.apache.xalan.xsltc.runtime.Attributes,7,1,0,1,8,21,0,1,7,1.0,30,1.0,1,0.0,0.5,0,0,3.0,1,0.8571,0
xalan,2.4,xalan-2.4.csv,org.apache.xpath.axes.FilterExprIteratorSimple,16,5,0,19,44,8,4,16,14,0.75,261,1.0,2,0.899280576,0.18125,3,10,15.0625,4,1.4375,0
xalan,2.4,xalan-2.4.csv,org.apache.xml.dtm.ref.DTMManagerDefault,16,2,0,25,85,76,6,22,16,0.8,736,0.8,2,0.558823529,0.215909091,1,1,44.6875,25,4.125,0
xalan,2.4,xalan-2.4.csv,org.apache.xpath.objects.XStringForFSB,31,4,0,10,57,117,1,10,29,0.5,904,0.5,0,0.802721088,0.150537634,4,20,28.03225806,15,3.0,1
xalan,2.4,xalan-2.4.csv,org.apache.xpath.objects.GreaterThanComparator,3,2,0,3,5,3,1,2,0,2.0,24,0.0,0,0.5,0.555555556,0,0,7.0,2,1.3333,0
xalan,2.4,xalan-2.4.csv,org.apache.xpath.functions.Function,9,2,7,21,15,36,15,8,8,2.0,51,0.0,0,0.789473684,0.285714286,1,7,4.666666667,2,1.1111,0
xalan,2.4,xalan-2.4.csv,org.apache.xalan.xsltc.TransletOutputHandler,22,1,0,22,22,231,20,2,22,2.0,22,0.0,0,0.0,0.303030303,0,0,0.0,1,1.0,0
xalan,2.4,xalan-2.4.csv,org.apache.xalan.transformer.CountersTable,5,3,0,7,23,8,3,5,2,0.875,198,0.5,1,0.904761905,0.44,0,0,38.2,2,1.2,0
xalan,2.4,xalan-2.4.csv,org.apache.xalan.xsltc.compiler.CallTemplate,6,3,0,20,40,3,0,20,5,0.4,183,1.0,1,0.918032787,0.305555556,1,6,29.33333333,5,1.6667,0
xalan,2.4,xalan-2.4.csv,org.apache.xalan.xsltc.NodeIterator,10,1,0,53,10,45,53,0,10,1.111111111,11,0.0,0,0.0,0.4,0,0,0.0,1,1.0,0
xalan,2.4,xalan-2.4.csv,org.apache.xalan.xsltc.compiler.NameBase,5,4,3,19,21,0,3,16,5,0.25,149,1.0,2,0.96969697,0.366666667,3,14,28.4,4,1.2,0
xalan,2.4,xalan-2.4.csv,org.apache.xalan.xsltc.compiler.util.BooleanType,20,2,0,52,51,190,17,39,19,2.0,288,0.0,0,0.634615385,0.245,1,2,13.4,4,1.4,0
xalan,2.4,xalan-2.4.csv,org.apache.xml.utils.synthetic.reflection.Method,6,2,0,5,16,15,3,4,6,2.0,58,0.0,0,0.863636364,0.388888889,2,3,8.666666667,1,0.5,0
xalan,2.4,xalan-2.4.csv,org.apache.xalan.templates.RedundentExprEliminator,38,3,0,29,122,607,1,29,6,0.9,1852,0.0,2,0.357142857,0.194594595,0,0,47.47368421,15,3.7632,0
xalan,2.4,xalan-2.4.csv,org.apache.xml.utils.synthetic.TestDriver,7,1,0,6,31,15,1,6,4,0.833333333,189,0.5,0,0.0,0.233333333,0,0,25.71428571,2,0.8571,0
xalan,2.4,xalan-2.4.csv,org.apache.xalan.templates.ElemExtensionCall,9,5,0,20,50,32,4,17,7,1.025,272,0.0,1,0.967611336,0.351851852,3,7,28.66666667,5,1.5556,2
xalan,2.4,xalan-2.4.csv,org.apache.xml.utils.res.XResources_zh_TW,3,4,0,1,4,1,0,1,2,0.5,499,0.0,0,0.976190476,1.0,0,0,165.0,1,0.3333,0
xalan,2.4,xalan-2.4.csv,org.apache.xalan.processor.ProcessorStylesheetDoc,1,4,0,2,2,0,1,1,1,2.0,4,0.0,0,1.0,1.0,0,0,3.0,0,0.0,0
xalan,2.4,xalan-2.4.csv,org.apache.xalan.templates.ElemTemplateElement,84,2,29,101,125,3056,91,17,75,0.913654618,1279,0.75,3,0.567708333,0.090336134,1,12,14.08333333,9,1.5595,1
xalan,2.4,xalan-2.4.csv,org.apache.xml.utils.IntStack,10,2,0,6,16,45,5,1,10,2.0,143,0.0,0,0.666666667,0.8,1,14,13.3,2,1.1,1
xalan,2.4,xalan-2.4.csv,org.apache.xalan.lib.sql.ConnectionPool,14,1,0,4,14,91,4,0,14,2.0,14,0.0,0,0.0,0.273809524,0,0,0.0,1,1.0,0
xalan,2.4,xalan-2.4.csv,org.apache.xpath.NodeSet,61,1,0,8,71,714,4,4,60,0.629166667,1450,0.875,0,0.0,0.219262295,0,0,22.63934426,9,2.2131,0
xalan,2.4,xalan-2.4.csv,org.apache.xalan.xsltc.compiler.Parser,75,1,1,96,196,2497,86,23,59,0.933783784,3247,1.0,9,0.0,0.093333333,0,0,41.89333333,13,2.2667,1
xalan,2.4,xalan-2.4.csv,org.apache.xalan.xsltc.compiler.Mode,30,1,0,46,138,309,4,44,12,0.847549909,2953,1.0,6,0.0,0.1625,0,0,96.8,40,5.6667,0
xalan,2.4,xalan-2.4.csv,org.apache.xml.utils.IntVector,18,1,1,4,20,0,4,0,18,0.382352941,458,1.0,0,0.0,0.916666667,0,0,24.22222222,4,1.8889,1
xalan,2.4,xalan-2.4.csv,org.apache.xalan.lib.ExsltMath,5,1,0,2,18,10,0,2,5,2.0,198,0.0,0,0.0,0.6,0,0,38.6,4,2.0,2
xalan,2.4,xalan-2.4.csv,org.apache.xalan.xsltc.compiler.util.ErrorMessages,4,2,1,1,9,2,1,0,3,0.666666667,378,1.0,0,0.942857143,0.666666667,2,3,93.0,6,1.75,1
xalan,2.4,xalan-2.4.csv,org.apache.xalan.xsltc.compiler.KeyCall,4,4,0,38,46,0,1,37,3,0.083333333,562,1.0,4,0.96969697,0.458333333,3,7,138.5,12,3.5,1
xalan,2.4,xalan-2.4.csv,org.apache.xpath.objects.XObject,42,2,7,146,68,819,133,15,40,0.953929539,465,0.111111111,0,0.428571429,0.120879121,2,8,9.857142857,4,1.1667,0
xalan,2.4,xalan-2.4.csv,org.apache.xml.utils.SystemIDResolver,4,1,0,14,23,6,12,2,4,2.0,295,0.0,0,0.0,0.5,0,0,72.75,6,2.0,1
xalan,2.4,xalan-2.4.csv,org.apache.xml.dtm.ref.DTMStringPool,5,1,2,6,24,0,5,1,5,0.6,419,0.0,1,0.0,0.35,0,0,81.8,8,3.4,0
xalan,2.4,xalan-2.4.csv,org.apache.xpath.functions.FuncNot,2,4,0,5,5,1,0,5,2,2.0,15,0.0,0,0.979591837,0.75,1,6,6.5,1,0.5,0
xalan,2.4,xalan-2.4.csv,org.apache.xalan.templates.XMLNSDecl,4,1,0,2,5,0,2,0,4,0.666666667,28,1.0,0,0.0,0.5,0,0,5.25,1,0.75,0
xalan,2.4,xalan-2.4.csv,org.apache.xpath.functions.FuncSystemProperty,5,4,0,8,37,6,0,8,3,0.65,253,0.4,0,0.941176471,0.4375,2,7,48.6,4,1.2,0
xalan,2.4,xalan-2.4.csv,org.apache.xalan.xsltc.cmdline.Compile,4,1,0,4,40,0,0,4,3,0.333333333,240,1.0,0,0.0,0.333333333,0,0,58.0,12,3.75,0
xalan,2.4,xalan-2.4.csv,org.apache.xalan.transformer.XSLInfiniteLoopException,2,1,0,0,3,1,0,0,1,2.0,7,0.0,0,0.0,1.0,0,0,2.5,1,0.5,0
xalan,2.4,xalan-2.4.csv,org.apache.xalan.xsltc.compiler.ContainsCall,5,4,0,20,22,4,0,20,5,0.25,126,1.0,2,0.96,0.4,3,14,23.8,1,0.8,0
xalan,2.4,xalan-2.4.csv,org.apache.xalan.xsltc.dom.NodeIteratorBase,14,1,28,40,22,55,38,2,12,0.807692308,140,1.0,0,0.0,0.404761905,0,0,8.571428571,3,1.2143,0
xalan,2.4,xalan-2.4.csv,org.apache.xalan.processor.XSLTElementDef,37,1,1,8,57,440,6,4,0,0.793209877,804,0.722222222,3,0.0,0.289189189,0,0,20.24324324,15,2.2162,1
xalan,2.4,xalan-2.4.csv,org.apache.xalan.xsltc.compiler.Pattern,4,3,2,17,5,6,11,6,4,2.0,7,0.0,0,0.959459459,0.4375,2,4,0.75,1,0.75,0
xalan,2.4,xalan-2.4.csv,org.apache.xalan.transformer.NumeratorFormatter,4,1,0,3,11,4,1,3,0,1.095238095,360,0.428571429,3,0.0,0.428571429,0,0,87.25,7,3.5,0
xalan,2.4,xalan-2.4.csv,org.apache.xalan.xpath.XNumber,8,2,0,4,17,0,2,2,8,0.0,47,0.0,1,0.740740741,0.416666667,1,1,4.75,1,0.875,0
xalan,2.4,xalan-2.4.csv,org.apache.xalan.xsltc.compiler.StringCall,3,4,0,14,17,3,0,14,3,2.0,75,0.0,0,0.979591837,0.444444444,3,13,24.0,3,1.3333,0
xalan,2.4,xalan-2.4.csv,org.apache.xalan.extensions.MethodResolver,13,1,0,11,70,66,2,9,6,0.952898551,1997,0.043478261,7,0.0,0.266666667,0,0,150.8461538,14,3.2308,1
xalan,2.4,xalan-2.4.csv,org.apache.xalan.serialize.CharInfo,6,1,0,5,39,3,3,2,3,0.86,292,0.4,1,0.0,0.666666667,0,0,46.0,1,0.6667,0
xalan,2.4,xalan-2.4.csv,org.apache.xalan.xsltc.runtime.Node,1,1,0,1,2,0,1,0,1,2.0,12,0.0,0,0.0,1.0,0,0,9.0,0,0.0,0
xalan,2.4,xalan-2.4.csv,org.apache.xalan.templates.StylesheetRoot,50,5,0,59,120,1069,51,25,34,0.939909297,990,0.944444444,11,0.853658537,0.079130435,3,6,18.44,10,1.6,0
xalan,2.4,xalan-2.4.csv,org.apache.xalan.templates.XUnresolvedVariableSimple,4,3,0,6,15,6,1,5,4,2.0,39,0.0,0,0.959459459,0.5,2,12,8.75,1,0.75,0
xalan,2.4,xalan-2.4.csv,org.apache.xalan.templates.AbsPathChecker,4,2,0,8,6,0,1,7,4,0.0,37,1.0,0,0.8,0.45,0,0,8.0,3,1.25,0
xalan,2.4,xalan-2.4.csv,org.apache.xml.utils.synthetic.JavaUtils,5,1,0,0,18,4,0,0,3,0.625,157,1.0,0,0.0,0.25,0,0,30.0,6,1.8,0
xalan,2.4,xalan-2.4.csv,org.apache.xalan.Version,9,1,0,1,15,36,0,1,9,2.0,69,0.0,0,0.0,0.111111111,0,0,6.666666667,2,1.0,0
xalan,2.4,xalan-2.4.csv,org.apache.xpath.objects.XMLStringFactoryImpl,7,2,0,8,11,19,4,6,6,0.833333333,39,1.0,1,0.444444444,0.333333333,0,0,4.428571429,1,0.7143,0
xalan,2.4,xalan-2.4.csv,org.apache.xpath.operations.VariableSafeAbsRef,2,3,0,10,11,1,1,9,2,2.0,39,0.0,0,0.97826087,0.666666667,1,1,18.5,1,0.5,0
xalan,2.4,xalan-2.4.csv,org.apache.xalan.templates.ElemAttributeSet,8,4,0,10,24,16,6,7,8,0.571428571,97,0.0,1,0.966507177,0.3,2,4,11.0,3,1.125,0
xalan,2.4,xalan-2.4.csv,org.apache.xalan.templates.ElemForEach,18,3,1,25,83,79,6,21,17,0.735294118,492,0.5,1,0.920187793,0.136752137,2,6,26.11111111,4,1.2778,2
xalan,2.4,xalan-2.4.csv,org.apache.xalan.extensions.ExtensionHandlerJavaClass,6,3,0,9,37,0,0,9,5,0.76,505,0.4,0,0.615384615,0.375,2,6,82.33333333,8,2.3333,2
xalan,2.4,xalan-2.4.csv,org.apache.xml.dtm.DTM,66,1,0,77,66,2145,74,3,66,1.015384615,81,0.0,0,0.0,0.277056277,0,0,0.0,1,1.0,0
xalan,2.4,xalan-2.4.csv,org.apache.xalan.xsltc.dom.KeyIndex,17,1,0,5,35,0,2,3,17,0.7109375,375,1.0,2,0.0,0.341176471,0,0,20.58823529,6,2.1176,1
xalan,2.4,xalan-2.4.csv,org.apache.xalan.extensions.ExtensionHandler,8,1,3,13,17,26,9,4,5,0.942857143,91,0.8,0,0.0,0.339285714,0,0,9.75,1,0.75,1
xalan,2.4,xalan-2.4.csv,org.apache.xml.dtm.ref.NodeLocator,6,1,0,1,11,0,1,0,6,0.65,57,1.0,0,0.0,0.444444444,0,0,7.833333333,1,0.8333,0
xalan,2.4,xalan-2.4.csv,org.apache.xml.dtm.DTMFilter,2,1,0,5,2,1,5,0,2,2.0,17,0.0,0,0.0,1.0,0,0,0.0,1,1.0,0
xalan,2.4,xalan-2.4.csv,org.apache.xalan.xslt.Stylesheet,2,4,1,5,4,1,1,5,2,2.0,11,0.0,0,1.0,0.6,0,0,4.5,0,0.0,0
xalan,2.4,xalan-2.4.csv,org.apache.xalan.transformer.NodeSortKey,1,1,0,6,10,0,3,4,0,2.0,80,0.0,3,0.0,1.0,0,0,71.0,0,0.0,0
xalan,2.4,xalan-2.4.csv,org.apache.xpath.axes.PathComponent,1,1,0,8,1,0,8,0,1,2.0,1,0.0,0,0.0,1.0,0,0,0.0,1,1.0,0
xalan,2.4,xalan-2.4.csv,org.apache.xalan.lib.ExsltSets,7,1,0,4,19,21,0,4,7,2.0,158,0.0,0,0.0,0.380952381,0,0,21.57142857,6,2.5714,0
xalan,2.4,xalan-2.4.csv,org.apache.xalan.xsltc.trax.OutputSettings,2,1,0,0,4,1,0,0,2,1.0,47,1.0,0,0.0,1.0,0,0,18.0,1,0.5,0
xalan,2.4,xalan-2.4.csv,org.apache.xalan.templates.FuncDocument,8,5,0,17,66,28,1,16,6,2.0,543,0.0,0,0.888888889,0.475,3,8,66.875,1,0.875,1
xalan,2.4,xalan-2.4.csv,org.apache.xml.dtm.DTMException,15,4,1,9,35,0,8,1,15,0.392857143,357,0.0,0,0.62962963,0.311111111,1,2,22.66666667,8,2.0,0
xalan,2.4,xalan-2.4.csv,org.apache.xalan.extensions.ExtensionsTable,6,1,0,8,21,0,2,6,6,0.5,146,0.5,1,0.0,0.380952381,0,0,23.0,1,0.8333,1
xalan,2.4,xalan-2.4.csv,org.apache.xml.utils.StringToStringTable,11,1,0,1,15,0,1,0,11,0.45,286,1.0,0,0.0,0.606060606,0,0,24.63636364,4,2.1818,0
xalan,2.4,xalan-2.4.csv,org.apache.xalan.xsltc.compiler.UnparsedEntityUriCall,3,4,0,17,14,0,0,17,3,0.0,62,1.0,1,0.979591837,0.444444444,3,13,19.33333333,1,0.6667,0
xalan,2.4,xalan-2.4.csv,org.apache.xalan.xsltc.runtime.output.SAXTextOutput,11,3,0,3,19,55,1,2,11,2.0,79,0.0,0,0.804347826,0.363636364,0,0,6.181818182,1,0.8182,0
xalan,2.4,xalan-2.4.csv,org.apache.xalan.xsltc.compiler.Copy,5,3,0,31,42,4,0,31,4,0.5,253,1.0,1,0.933333333,0.333333333,1,6,49.4,4,1.6,0
xalan,2.4,xalan-2.4.csv,org.apache.xalan.xsltc.compiler.util.RtMethodGenerator,5,5,0,7,8,6,0,7,5,0.916666667,41,1.0,0,0.971830986,0.325,1,2,6.6,1,0.8,0
xalan,2.4,xalan-2.4.csv,org.apache.xalan.xsltc.dom.StripWhitespaceFilter,1,1,0,1,1,0,0,1,1,2.0,1,0.0,0,0.0,1.0,0,0,0.0,1,1.0,0
xalan,2.4,xalan-2.4.csv,org.apache.xalan.xsltc.compiler.UnaryOpExpr,6,3,0,14,28,0,0,14,6,0.0,101,1.0,1,0.934210526,0.305555556,2,8,15.66666667,1,0.8333,0
xalan,2.4,xalan-2.4.csv,org.apache.xalan.xslt.XSLTInputSource,17,1,0,3,33,0,3,0,17,0.4875,305,1.0,0,0.0,0.264705882,0,0,16.64705882,4,1.2941,0
xalan,2.4,xalan-2.4.csv,org.apache.xalan.xsltc.compiler.DecimalFormatting,5,3,0,23,30,4,2,22,4,1.0,496,1.0,1,0.9375,0.4,3,6,97.6,17,4.4,0
xalan,2.4,xalan-2.4.csv,org.apache.xalan.xsltc.dom.AbsoluteIterator,8,2,0,3,21,0,1,3,8,0.428571429,105,0.5,1,0.588235294,0.34375,1,5,11.875,3,1.125,0
xalan,2.4,xalan-2.4.csv,org.apache.xalan.xsltc.compiler.NamespaceUriCall,3,5,0,11,11,3,0,11,3,2.0,37,0.0,0,0.99,0.533333333,3,5,11.33333333,1,0.3333,0
xalan,2.4,xalan-2.4.csv,org.apache.xalan.xslt.StylesheetSpec,6,2,0,2,8,5,2,0,6,0.8,47,0.0,0,0.642857143,0.444444444,0,0,6.0,1,0.8333,0
xalan,2.4,xalan-2.4.csv,org.apache.xalan.templates.ElemElement,13,4,1,15,50,30,2,13,9,0.583333333,388,1.0,2,0.943925234,0.230769231,2,6,28.69230769,8,1.6923,0
xalan,2.4,xalan-2.4.csv,org.apache.xpath.functions.FuncString,2,5,0,5,4,1,0,5,2,2.0,10,0.0,0,0.982142857,0.75,2,7,4.0,1,0.5,0
xalan,2.4,xalan-2.4.csv,org.apache.xalan.transformer.SerializerSwitcher,4,1,0,6,23,6,2,4,3,2.0,157,0.0,0,0.0,0.4,0,0,38.25,1,0.75,0
xalan,2.4,xalan-2.4.csv,org.apache.xalan.lib.sql.ObjectArray,7,1,0,3,19,0,3,1,6,0.25,432,1.0,1,0.0,0.464285714,0,0,60.14285714,3,1.4286,0
xalan,2.4,xalan-2.4.csv,org.apache.xalan.serialize.SerializerToHTML,22,2,0,10,80,173,2,8,15,0.857142857,2190,0.875,4,0.775280899,0.232804233,2,30,98.18181818,3,1.1364,0
xalan,2.4,xalan-2.4.csv,org.apache.xalan.xslt.EnvironmentCheck,22,1,0,1,77,219,1,0,5,0.972789116,2261,0.142857143,0,0.0,0.227513228,0,0,101.1363636,8,3.4091,0
xalan,2.4,xalan-2.4.csv,org.apache.xalan.xsltc.dom.DOMBuilder,0,1,0,11,0,0,10,1,0,2.0,0,0.0,0,0.0,0.0,0,0,0.0,0,0.0,0
xalan,2.4,xalan-2.4.csv,org.apache.xml.dtm.ref.DTMDefaultBase,97,1,1,64,139,4474,51,14,72,0.941666667,2010,0.96,14,0.0,0.151442308,0,0,19.46391753,12,2.1031,0
xalan,2.4,xalan-2.4.csv,org.apache.xpath.axes.FilterExprIterator,14,6,0,15,32,0,1,15,11,0.730769231,163,1.0,2,0.914285714,0.234693878,4,8,10.35714286,3,1.2143,0
xalan,2.4,xalan-2.4.csv,org.apache.xalan.templates.FuncFormatNumb,5,6,0,16,36,10,1,15,4,2.0,186,0.0,0,0.941176471,0.5,2,8,36.2,1,0.8,0
xalan,2.4,xalan-2.4.csv,org.apache.xalan.lib.sql.SQLDocument,10,5,0,8,53,0,1,7,5,0.883141762,1073,1.0,1,0.954545455,0.211111111,2,8,100.5,11,3.4,2
xalan,2.4,xalan-2.4.csv,org.w3c.dom.xpath.XPathNSResolver,1,1,0,0,1,0,0,0,1,2.0,1,0.0,0,0.0,1.0,0,0,0.0,1,1.0,0
xalan,2.4,xalan-2.4.csv,org.apache.xalan.client.XSLTProcessorApplet,29,5,0,2,73,300,1,2,21,0.879251701,782,0.857142857,1,0.94214876,0.344827586,3,5,25.24137931,10,1.5172,0
xalan,2.4,xalan-2.4.csv,org.apache.xalan.xslt.Process,4,1,0,8,96,6,0,8,2,2.0,1490,0.0,0,0.0,0.25,0,0,371.5,86,22.0,1
xalan,2.4,xalan-2.4.csv,org.apache.xalan.xslt.StylesheetHandler,2,2,0,7,9,1,0,7,2,2.0,39,0.0,0,1.0,0.75,0,0,18.5,0,0.0,0
xalan,2.4,xalan-2.4.csv,org.apache.xpath.DOMHelper,26,1,1,17,84,315,12,5,23,0.884444444,1119,0.888888889,6,0.0,0.22,0,0,41.69230769,40,4.9615,0
xalan,2.4,xalan-2.4.csv,org.w3c.dom.xpath.XPathNamespace,1,1,0,0,1,0,0,0,1,2.0,2,0.0,0,0.0,1.0,0,0,0.0,1,1.0,0
xalan,2.4,xalan-2.4.csv,org.apache.xalan.xslt.XSLProcessorException,3,4,0,2,6,0,1,1,3,0.0,48,1.0,0,1.0,0.777777778,0,0,14.66666667,0,0.0,0
xalan,2.4,xalan-2.4.csv,org.apache.xalan.xsltc.compiler.util.NodeSortRecordGenerator,3,4,0,5,5,1,1,4,3,1.0,25,1.0,0,0.975903614,0.466666667,0,0,6.666666667,1,0.6667,0
xalan,2.4,xalan-2.4.csv,org.apache.xalan.xsltc.compiler.CurrentCall,2,4,0,8,6,1,0,8,2,2.0,13,0.0,0,0.989690722,0.625,2,4,5.5,1,0.5,0
xalan,2.4,xalan-2.4.csv,org.apache.xalan.xsltc.compiler.CeilingCall,2,4,0,12,10,1,0,12,2,2.0,31,0.0,0,0.989690722,0.6,2,5,14.5,1,0.5,0
xalan,2.4,xalan-2.4.csv,org.apache.xalan.xsltc.compiler.When,7,3,0,14,25,0,1,13,6,0.5,118,1.0,1,0.903225806,0.285714286,1,5,15.57142857,5,1.4286,0
xalan,2.4,xalan-2.4.csv,org.apache.xpath.functions.FuncTrue,3,3,0,4,4,3,0,4,3,2.0,9,0.0,0,0.95,0.5,1,6,2.0,1,0.6667,0
xalan,2.4,xalan-2.4.csv,org.apache.xpath.functions.FuncLocalPart,2,5,0,5,9,1,0,5,2,2.0,42,0.0,0,0.982142857,0.75,3,8,20.0,1,0.5,0
xalan,2.4,xalan-2.4.csv,org.apache.xpath.functions.FuncCount,2,4,0,6,8,1,0,6,2,2.0,23,0.0,0,0.979591837,0.75,1,6,10.5,1,0.5,0
xalan,2.4,xalan-2.4.csv,org.apache.xalan.lib.ExsltDatetime,43,1,0,4,74,903,0,4,36,1.023809524,1326,0.0,0,0.0,0.168604651,0,0,29.65116279,5,1.2791,3
xalan,2.4,xalan-2.4.csv,org.apache.xalan.templates.ElemTextLiteral,11,3,0,8,20,29,5,4,11,0.825,114,1.0,0,0.951456311,0.340909091,2,5,9.0,2,1.0,0
xalan,2.4,xalan-2.4.csv,org.apache.xalan.xsltc.dom.MatchingIterator,10,2,0,3,22,0,0,3,10,0.666666667,121,1.0,1,0.526315789,0.35,1,5,10.7,4,1.3,0
xalan,2.4,xalan-2.4.csv,org.apache.xalan.processor.ProcessorInclude,7,4,1,11,48,15,2,9,3,0.333333333,282,1.0,0,0.972222222,0.5,1,1,39.14285714,1,0.8571,0
xalan,2.4,xalan-2.4.csv,org.apache.xalan.xsltc.compiler.ParentLocationPath,11,4,0,23,38,0,2,22,11,0.64,380,1.0,3,0.879518072,0.204545455,2,7,33.09090909,35,4.8182,0
xalan,2.4,xalan-2.4.csv,org.apache.xalan.xsltc.dom.MultiDOM,42,1,0,11,86,0,4,9,41,0.887195122,572,1.0,2,0.0,0.19047619,0,0,12.42857143,3,1.1429,1
xalan,2.4,xalan-2.4.csv,org.apache.xalan.serialize.SerializerFactory,3,1,0,7,14,3,4,3,2,1.0,69,1.0,0,0.0,0.5,0,0,21.66666667,4,1.3333,0
xalan,2.4,xalan-2.4.csv,org.apache.xalan.serialize.DOMSerializer,1,1,0,3,1,0,3,0,1,2.0,1,0.0,0,0.0,1.0,0,0,0.0,1,1.0,0
xalan,2.4,xalan-2.4.csv,org.apache.xalan.templates.ElemVariable,22,3,3,38,68,155,20,24,19,0.828571429,383,0.8,2,0.907407407,0.168181818,2,15,16.18181818,4,1.0909,1
xalan,2.4,xalan-2.4.csv,org.apache.xalan.transformer.DecimalToRoman,1,1,0,2,2,0,2,0,1,2.0,20,0.0,0,0.0,1.0,0,0,15.0,0,0.0,0
xalan,2.4,xalan-2.4.csv,org.apache.xalan.xsltc.compiler.Comment,4,3,0,19,20,6,0,19,3,2.0,92,0.0,0,0.949152542,0.4,1,3,22.0,1,0.75,0
xalan,2.4,xalan-2.4.csv,org.apache.xalan.xsltc.compiler.Fallback,6,3,0,13,12,0,1,12,5,0.2,49,1.0,0,0.918032787,0.333333333,1,3,7.0,2,1.1667,0
xalan,2.4,xalan-2.4.csv,org.apache.xml.utils.res.XResources_ja_JP_HI,3,4,0,1,4,1,0,1,2,0.5,595,0.0,0,0.976190476,1.0,0,0,197.0,1,0.3333,0
xalan,2.4,xalan-2.4.csv,org.apache.xpath.XPathAPI,10,1,0,6,21,45,1,5,10,2.0,116,0.0,0,0.0,0.5,0,0,10.6,1,0.9,0
xalan,2.4,xalan-2.4.csv,org.apache.xalan.xsltc.compiler.SymbolTable,25,1,0,91,47,214,88,10,24,0.891666667,494,1.0,1,0.0,0.185454545,0,0,18.36,5,2.2,0
xalan,2.4,xalan-2.4.csv,org.apache.xpath.compiler.FuncLoader,3,1,0,3,11,0,2,1,3,0.5,64,1.0,0,0.0,0.555555556,0,0,19.66666667,1,0.6667,0
xalan,2.4,xalan-2.4.csv,org.apache.xalan.res.XSLMessages,15,1,0,92,33,69,90,2,13,0.836734694,442,1.0,0,0.0,0.333333333,0,0,28.0,7,2.5333,0
xalan,2.4,xalan-2.4.csv,org.apache.xalan.xsltc.runtime.TransletOutputBase,24,1,1,4,25,276,1,3,24,2.0,52,0.0,0,0.0,0.298611111,0,0,1.166666667,1,0.9583,0
xalan,2.4,xalan-2.4.csv,org.apache.xml.dtm.ref.IncrementalSAXSource_Filter,42,1,0,10,89,335,6,5,39,0.667917448,875,0.923076923,1,0.0,0.125396825,0,0,19.52380952,6,1.2857,0
xalan,2.4,xalan-2.4.csv,org.apache.xalan.templates.ElemWithParam,11,3,0,22,33,15,2,20,10,0.825,168,0.5,2,0.951456311,0.191919192,2,9,13.90909091,3,1.0909,0
xalan,2.4,xalan-2.4.csv,org.apache.xalan.xsltc.compiler.LogicalExpr,10,3,0,20,41,0,0,20,9,0.62962963,362,0.666666667,2,0.898734177,0.26984127,2,9,34.6,8,2.4,0
xalan,2.4,xalan-2.4.csv,org.apache.xalan.xsltc.runtime.SAXAdapter,26,1,0,8,42,243,1,7,25,0.693333333,205,1.0,2,0.0,0.258241758,0,0,6.769230769,1,0.9615,1
xalan,2.4,xalan-2.4.csv,org.apache.xpath.functions.FunctionOneArg,11,3,15,33,20,0,25,8,10,0.3,113,0.0,1,0.791666667,0.345454545,2,4,9.181818182,6,1.5455,0
xalan,2.4,xalan-2.4.csv,org.apache.xpath.compiler.Compiler,45,2,0,60,111,932,24,40,15,0.568181818,1193,0.6,1,0.328125,0.175925926,0,0,25.4,12,1.2222,1
xalan,2.4,xalan-2.4.csv,org.apache.xalan.xsltc.util.IntegerArray,19,1,0,4,25,0,4,0,18,0.513888889,256,1.0,0,0.0,0.394736842,0,0,12.26315789,3,1.2105,1
xalan,2.4,xalan-2.4.csv,org.apache.xml.utils.synthetic.Class,65,1,0,7,134,508,6,5,59,0.7375,2306,0.85,12,0.0,0.1515625,0,0,34.16923077,18,1.8462,0
xalan,2.4,xalan-2.4.csv,org.apache.xalan.xpath.xml.FormatterToDOM,4,2,0,3,9,0,0,3,4,0.0,66,0.0,1,0.966666667,0.5625,0,0,15.25,1,0.25,0
xalan,2.4,xalan-2.4.csv,org.apache.xml.utils.StringToStringTableVector,10,1,0,1,14,0,0,1,10,0.472222222,180,1.0,1,0.0,0.4,0,0,16.6,3,1.6,0
xalan,2.4,xalan-2.4.csv,org.apache.xml.dtm.ref.IncrementalSAXSource_Xerces,14,1,0,9,51,27,1,8,10,0.596153846,755,0.05,0,0.0,0.162393162,0,0,51.5,9,1.5,0
xalan,2.4,xalan-2.4.csv,org.apache.xalan.xsltc.compiler.ParameterRef,3,4,0,22,31,3,1,21,3,2.0,152,0.0,0,0.974358974,0.5,2,3,49.66666667,8,3.0,0
xalan,2.4,xalan-2.4.csv,org.apache.xalan.xsltc.compiler.ApplyImports,7,3,0,25,47,17,1,24,5,0.888888889,237,1.0,1,0.903225806,0.30952381,1,4,32.42857143,6,1.7143,0
xalan,2.4,xalan-2.4.csv,org.apache.xpath.functions.FunctionMultiArgs,8,6,1,10,23,8,2,9,7,0.428571429,214,0.0,1,0.901408451,0.375,5,22,25.625,7,2.5,1
xalan,2.4,xalan-2.4.csv,org.apache.xml.dtm.Axis,1,1,0,3,1,0,3,0,0,2.0,111,0.0,0,0.0,0.0,0,0,88.0,0,0.0,0
xalan,2.4,xalan-2.4.csv,org.apache.xpath.functions.FuncConcat,4,7,0,10,13,6,0,10,3,2.0,81,0.0,0,0.96,0.5,3,8,19.25,1,0.75,0
xalan,2.4,xalan-2.4.csv,org.apache.xalan.xpath.xml.FormatterToHTML,5,2,0,5,12,0,1,4,5,0.0,82,0.0,1,0.966666667,0.4,0,0,15.2,1,0.2,0
xalan,2.4,xalan-2.4.csv,org.apache.xpath.functions.FuncId,3,4,0,11,27,3,0,11,2,2.0,169,0.0,0,0.96,0.476190476,1,6,55.33333333,8,3.0,0
xalan,2.4,xalan-2.4.csv,org.apache.xml.dtm.ref.sax2dtm.SAX2RTFDTM,9,5,0,12,32,18,2,10,8,0.78125,392,0.25,6,0.954285714,0.26984127,2,20,41.66666667,10,2.8889,0
xalan,2.4,xalan-2.4.csv,org.apache.xalan.processor.XSLProcessorVersion,3,1,0,2,9,1,2,0,2,1.0,67,0.0,0,0.0,0.5,0,0,19.0,1,0.3333,0
xalan,2.4,xalan-2.4.csv,org.apache.xalan.templates.Stylesheet,74,3,2,48,113,2539,38,17,70,0.966051221,1136,0.913043478,4,0.728624535,0.073443008,3,19,14.04054054,16,1.8378,0
xalan,2.4,xalan-2.4.csv,org.apache.xalan.xsltc.dom.LoadDocument,3,1,0,15,49,3,0,15,3,1.5,329,1.0,0,0.0,0.533333333,0,0,108.3333333,1,0.6667,1
xalan,2.4,xalan-2.4.csv,org.apache.xalan.xsltc.compiler.AttributeValue,2,3,2,10,8,1,7,5,1,2.0,44,0.0,0,0.986111111,0.5,0,0,21.0,3,1.5,0
xalan,2.4,xalan-2.4.csv,org.apache.xalan.xsltc.dom.FilteredStepIterator,3,3,0,5,13,0,0,5,3,0.0,59,1.0,1,0.909090909,0.555555556,2,7,18.33333333,3,1.3333,0
xalan,2.4,xalan-2.4.csv,org.apache.xalan.xsltc.compiler.LiteralAttribute,5,3,0,21,24,0,2,19,4,0.25,84,1.0,1,0.933333333,0.314285714,1,4,15.4,1,0.8,0
xalan,2.4,xalan-2.4.csv,org.apache.xalan.processor.ProcessorOutputElem,14,4,0,9,40,0,1,8,13,0.076923077,174,1.0,1,0.941704036,0.295918367,2,3,11.35714286,1,0.9286,0
xalan,2.4,xalan-2.4.csv,org.apache.xalan.xsltc.compiler.UnionPathExpr,6,3,0,24,36,0,2,23,5,0.5,289,1.0,3,0.934210526,0.285714286,2,8,46.5,7,2.5,0
xalan,2.4,xalan-2.4.csv,org.apache.xalan.transformer.KeyManager,2,1,0,10,14,0,2,8,2,0.0,104,1.0,0,0.0,0.583333333,0,0,50.5,1,0.5,0
xalan,2.4,xalan-2.4.csv,org.apache.xalan.xsltc.compiler.Param,6,4,0,36,62,15,8,32,5,2.0,369,0.0,0,0.938271605,0.305555556,3,15,60.5,7,2.8333,0
xalan,2.4,xalan-2.4.csv,org.apache.xml.utils.synthetic.reflection.Field,33,1,0,3,73,0,1,3,33,0.75,469,0.0,2,0.0,0.158508159,1,1,13.03030303,6,1.303,0
xalan,2.4,xalan-2.4.csv,org.apache.xml.utils.UnImplNode,107,1,1,3,117,5671,2,1,107,2.0,648,0.0,0,0.0,0.191069574,0,0,5.056074766,1,0.9907,0
xalan,2.4,xalan-2.4.csv,org.apache.xpath.XPathFactory,1,1,0,5,1,0,3,2,1,2.0,1,0.0,0,0.0,1.0,0,0,0.0,1,1.0,0
xalan,2.4,xalan-2.4.csv,org.apache.xalan.processor.ProcessorGlobalVariableDecl,3,5,0,6,10,3,1,5,1,2.0,30,0.0,0,0.990697674,0.583333333,1,2,9.0,1,0.6667,0
xalan,2.4,xalan-2.4.csv,org.apache.xalan.xsltc.compiler.util.FilterGenerator,4,4,0,6,6,2,2,4,3,0.666666667,29,1.0,0,0.975903614,0.466666667,0,0,5.75,1,0.5,0
xalan,2.4,xalan-2.4.csv,org.apache.xpath.axes.WalkerFactory,51,1,0,27,115,1275,11,25,40,1.02,2159,0.0,0,0.0,0.181372549,0,0,40.82352941,18,3.3333,1
xalan,2.4,xalan-2.4.csv,org.apache.xpath.axes.SubContextList,2,1,0,6,2,1,6,1,2,2.0,2,0.0,0,0.0,1.0,0,0,0.0,1,1.0,0
xalan,2.4,xalan-2.4.csv,org.apache.xalan.xpath.xml.TreeWalker,3,1,0,5,9,0,0,5,3,0.0,32,0.0,1,0.0,0.666666667,0,0,9.333333333,1,0.6667,0
xalan,2.4,xalan-2.4.csv,org.apache.xalan.xsltc.compiler.SyntaxTreeNode,52,1,5,111,110,942,87,36,10,0.911764706,942,1.0,6,0.0,0.16399287,0,0,16.88461538,6,1.75,0
xalan,2.4,xalan-2.4.csv,org.apache.xalan.xsltc.compiler.util.RealType,27,3,0,45,56,351,14,36,26,2.0,504,0.0,0,0.573770492,0.202020202,1,3,17.66666667,8,1.7778,0
xalan,2.4,xalan-2.4.csv,org.apache.xpath.operations.Or,3,3,0,6,7,3,1,5,3,2.0,42,0.0,0,0.953488372,0.833333333,1,6,13.0,1,0.6667,0
xalan,2.4,xalan-2.4.csv,org.apache.xalan.xsltc.TransletException,3,4,0,27,5,3,27,0,3,2.0,16,0.0,0,1.0,0.555555556,0,0,4.333333333,0,0.0,0
xalan,2.4,xalan-2.4.csv,org.apache.xalan.xsltc.runtime.Hashtable,15,1,0,22,26,1,21,2,14,0.553571429,483,1.0,1,0.0,0.383333333,0,0,30.93333333,6,2.4667,0
xalan,2.4,xalan-2.4.csv,org.apache.xpath.compiler.XPathParser,58,1,0,13,88,0,4,10,5,0.679425837,3479,0.454545455,2,0.0,0.163793103,0,0,58.79310345,6,1.4828,1
xalan,2.4,xalan-2.4.csv,org.w3c.dom.xpath.XPathEvaluator,3,1,0,0,3,3,0,0,3,2.0,3,0.0,0,0.0,0.611111111,0,0,0.0,1,1.0,0
xalan,2.4,xalan-2.4.csv,org.apache.xalan.transformer.ResultTreeHandler,64,2,0,38,159,878,20,22,58,0.820512821,1706,0.692307692,5,0.088235294,0.126116071,1,1,25.453125,6,1.3906,2
xalan,2.4,xalan-2.4.csv,org.apache.xml.dtm.ref.dom2dtm.DOM2DTMdefaultNamespaceDeclarationNode,46,1,0,3,53,1009,2,1,45,0.966666667,245,0.0,0,0.0,0.190217391,0,0,4.195652174,1,0.9783,0
xalan,2.4,xalan-2.4.csv,org.apache.xml.utils.XMLCharacterRecognizer,5,1,0,8,10,10,8,0,5,2.0,85,0.0,0,0.0,0.2,0,0,16.0,5,3.0,0
xalan,2.4,xalan-2.4.csv,org.apache.xml.dtm.ref.DTMTreeWalker,10,1,1,6,41,0,3,3,7,0.333333333,437,0.666666667,1,0.0,0.475,0,0,42.4,1,0.8,0
xalan,2.4,xalan-2.4.csv,org.apache.xalan.xsltc.dom.MultipleNodeCounter,4,2,1,6,19,0,1,6,4,0.333333333,162,1.0,1,0.823529412,0.5,1,4,39.25,11,3.25,0
xalan,2.4,xalan-2.4.csv,org.apache.xalan.transformer.ClonerToResultTree,2,1,0,6,24,1,4,4,2,1.0,118,1.0,2,0.0,0.583333333,0,0,57.0,1,0.5,0
xalan,2.4,xalan-2.4.csv,org.w3c.dom.xpath.XPathResult,9,1,0,0,9,36,0,0,9,1.125,19,0.0,0,0.0,0.555555556,0,0,0.0,1,1.0,0
xalan,2.4,xalan-2.4.csv,org.apache.xml.utils.PrefixResolverDefault,5,1,0,4,17,8,3,1,5,1.0,108,0.0,0,0.0,0.6,0,0,20.2,12,3.0,0
xalan,2.4,xalan-2.4.csv,org.apache.xalan.xsltc.compiler.Step,18,4,0,41,70,21,6,38,14,0.588235294,900,1.0,0,0.811111111,0.238095238,2,9,48.77777778,20,4.0556,1
xalan,2.4,xalan-2.4.csv,org.apache.xalan.xsltc.compiler.UnresolvedRef,7,4,0,17,22,0,0,17,5,0.625,153,1.0,4,0.926829268,0.30952381,2,4,20.28571429,6,1.7143,0
xalan,2.4,xalan-2.4.csv,org.apache.xpath.operations.Lt,2,3,0,4,4,1,1,3,2,2.0,13,0.0,0,0.976190476,0.75,1,1,5.5,1,0.5,0
xalan,2.4,xalan-2.4.csv,org.apache.xpath.objects.NotEqualComparator,3,2,0,3,5,3,1,2,0,2.0,22,0.0,0,0.5,0.555555556,0,0,6.333333333,2,1.3333,0
xalan,2.4,xalan-2.4.csv,org.apache.xalan.transformer.TransformerImpl,123,2,0,106,355,6589,67,56,115,0.93969555,3260,0.714285714,18,0.097014925,0.057650273,1,2,25.16260163,5,1.3821,7
xalan,2.4,xalan-2.4.csv,org.apache.xml.utils.AttList,13,1,0,2,27,0,1,1,13,0.694444444,168,0.0,1,0.0,0.4,0,0,11.69230769,6,1.6923,0
xalan,2.4,xalan-2.4.csv,org.apache.xalan.xslt.XSLTProcessorFactory,5,1,0,5,7,10,1,4,5,2.0,30,0.0,0,0.0,0.25,0,0,5.0,1,0.8,0
xalan,2.4,xalan-2.4.csv,org.apache.xml.utils.ObjectPool,7,1,0,4,20,0,2,2,7,0.166666667,119,1.0,0,0.0,0.342857143,0,0,15.71428571,2,0.7143,0
xalan,2.4,xalan-2.4.csv,org.apache.xalan.lib.NodeInfo,9,1,0,3,20,36,0,3,9,2.0,204,0.0,0,0.0,0.333333333,0,0,21.66666667,4,2.6667,0
xalan,2.4,xalan-2.4.csv,org.apache.xalan.xsltc.compiler.Expression,18,2,21,101,43,115,79,24,17,0.838235294,238,1.0,3,0.76056338,0.285714286,1,2,12.0,6,1.4444,0
xalan,2.4,xalan-2.4.csv,org.apache.xalan.xsltc.dom.SingleNodeCounter,5,2,1,5,16,2,1,5,4,0.625,107,0.5,1,0.823529412,0.5,1,4,20.0,9,2.2,0
xalan,2.4,xalan-2.4.csv,org.apache.xpath.CachedXPathAPI,12,1,0,5,23,54,0,5,12,0.454545455,139,1.0,1,0.0,0.533333333,0,0,10.5,1,0.8333,0
xalan,2.4,xalan-2.4.csv,org.apache.xalan.xsltc.compiler.ForEach,6,3,0,31,54,3,2,30,5,0.6,314,1.0,2,0.918032787,0.361111111,1,5,51.0,9,2.6667,0
xalan,2.4,xalan-2.4.csv,org.apache.xpath.DOM2Helper,11,2,1,13,29,53,10,3,11,0.8,125,1.0,0,0.705882353,0.327272727,1,5,10.27272727,4,1.4545,0
xalan,2.4,xalan-2.4.csv,org.apache.xpath.axes.ReverseAxesWalker,8,5,0,8,24,26,1,7,4,0.571428571,200,1.0,1,0.936363636,0.4375,2,8,23.875,4,1.875,1
xalan,2.4,xalan-2.4.csv,org.apache.xalan.xsltc.compiler.FormatNumberCall,3,4,0,25,24,0,0,25,3,0.0,191,1.0,4,0.979591837,0.444444444,3,13,61.33333333,3,1.3333,0
xalan,2.4,xalan-2.4.csv,org.apache.xpath.functions.FuncQname,2,5,0,5,7,1,0,5,2,2.0,35,0.0,0,0.982142857,0.75,2,7,16.5,1,0.5,0
xalan,2.4,xalan-2.4.csv,org.apache.xpath.axes.IteratorPool,4,1,0,4,13,0,2,2,4,0.166666667,76,1.0,1,0.0,0.75,0,0,17.5,2,1.0,0
xalan,2.4,xalan-2.4.csv,org.apache.xalan.xsltc.compiler.RelativeLocationPath,3,3,2,4,4,3,3,1,2,2.0,6,0.0,0,0.97260274,0.666666667,0,0,1.0,1,0.6667,0
xalan,2.4,xalan-2.4.csv,org.apache.xpath.ExtensionsProvider,3,1,0,4,3,3,4,0,3,2.0,3,0.0,0,0.0,0.666666667,0,0,0.0,1,1.0,1
xalan,2.4,xalan-2.4.csv,org.apache.xalan.xsltc.compiler.util.StringStack,4,5,0,0,8,6,0,0,4,2.0,20,0.0,0,0.963855422,0.625,0,0,4.0,1,0.75,0
xalan,2.4,xalan-2.4.csv,org.apache.xalan.xsltc.compiler.NamespaceAlias,4,3,0,9,8,6,1,8,3,1.0,30,1.0,0,0.952380952,0.4,2,4,6.0,1,0.75,0
xalan,2.4,xalan-2.4.csv,org.apache.xml.utils.XMLChar,23,1,0,2,26,181,2,0,22,0.97979798,3198,0.0,0,0.0,0.25,0,0,137.6521739,17,3.913,0
xalan,2.4,xalan-2.4.csv,org.apache.xalan.extensions.ExtensionHandlerGeneral,7,2,0,15,50,11,0,15,5,0.911111111,555,0.866666667,0,0.545454545,0.351851852,0,0,76.14285714,2,1.0,1
xalan,2.4,xalan-2.4.csv,org.apache.xalan.xsltc.runtime.output.StreamUnknownOutput,22,3,0,10,55,0,1,9,21,0.55952381,460,1.0,1,0.6875,0.25,2,2,19.36363636,1,0.9091,0
xalan,2.4,xalan-2.4.csv,org.apache.xalan.templates.DecimalFormatProperties,25,3,0,6,49,0,4,3,25,0.520833333,161,0.5,1,0.890909091,0.253333333,1,1,5.36,2,1.0,0
xalan,2.4,xalan-2.4.csv,org.apache.xalan.transformer.TransformSnapshotImpl,2,1,0,13,34,0,1,13,0,0.066666667,283,0.866666667,6,0.0,1.0,0,0,133.0,4,2.0,1
xalan,2.4,xalan-2.4.csv,org.apache.xml.utils.DefaultErrorHandler,13,1,1,13,36,58,10,3,13,0.666666667,260,0.0,0,0.0,0.307692308,0,0,18.92307692,11,2.0,0
xalan,2.4,xalan-2.4.csv,org.apache.xalan.xsltc.compiler.util.NodeType,22,2,0,46,54,211,14,35,20,0.619047619,452,1.0,0,0.622641509,0.215909091,2,4,19.5,7,1.3182,0
xalan,2.4,xalan-2.4.csv,org.apache.xpath.objects.XStringForChars,12,4,0,5,22,4,1,4,11,0.484848485,148,0.333333333,0,0.921875,0.25,3,15,11.08333333,2,1.0,0
xalan,2.4,xalan-2.4.csv,org.apache.xalan.xsltc.compiler.util.ClassGenerator,10,3,4,123,15,27,119,6,9,0.888888889,87,1.0,2,0.898734177,0.288888889,0,0,6.9,1,0.8,0
xalan,2.4,xalan-2.4.csv,org.apache.xalan.xsltc.util.JavaCupRedirect,3,1,0,1,15,3,0,1,3,1.5,124,1.0,0,0.0,0.333333333,0,0,40.0,6,2.6667,0
xalan,2.4,xalan-2.4.csv,org.apache.xalan.xsltc.compiler.KeyPattern,1,6,0,1,2,0,0,1,1,2.0,6,0.0,0,1.0,1.0,0,0,5.0,0,0.0,0
xalan,2.4,xalan-2.4.csv,org.apache.xpath.axes.ChildTestIterator,6,6,5,13,13,3,7,7,4,0.4,65,1.0,1,0.96969697,0.366666667,2,4,9.666666667,2,0.8333,1
xalan,2.4,xalan-2.4.csv,org.apache.xalan.xsltc.dom.SingletonIterator,8,2,1,6,11,0,4,2,8,0.214285714,105,1.0,0,0.666666667,0.5,1,6,11.875,4,1.125,0
xalan,2.4,xalan-2.4.csv,org.apache.xpath.objects.XNumber,13,3,0,41,36,22,37,5,12,0.416666667,307,0.0,0,0.865853659,0.182692308,2,22,22.53846154,11,2.3077,2
xalan,2.4,xalan-2.4.csv,org.apache.xpath.axes.RTFIterator,2,8,0,4,4,1,2,2,1,2.0,12,0.0,0,1.0,0.833333333,0,0,5.0,0,0.0,1
xalan,2.4,xalan-2.4.csv,org.apache.xalan.processor.WhitespaceInfoPaths,4,5,0,5,6,0,2,3,3,0.333333333,23,1.0,0,0.986486486,0.5,0,0,4.5,1,0.75,0
xalan,2.4,xalan-2.4.csv,org.apache.xalan.xsltc.compiler.util.IntType,27,3,0,48,58,351,8,42,26,2.0,393,0.0,0,0.573770492,0.202020202,1,3,13.55555556,8,1.6296,0
xalan,2.4,xalan-2.4.csv,org.apache.xalan.xsltc.compiler.util.NodeSetType,21,2,0,44,49,210,15,32,19,2.0,450,0.0,0,0.622641509,0.238095238,2,4,20.42857143,7,1.4762,1
xalan,2.4,xalan-2.4.csv,org.apache.xalan.xpath.xml.FormatterToText,2,2,0,4,7,0,1,3,2,0.0,25,1.0,1,0.966666667,0.75,0,0,11.0,1,0.5,0
xalan,2.4,xalan-2.4.csv,org.apache.xml.utils.res.XResources_ja_JP_A,3,4,0,1,4,1,0,1,2,0.5,599,0.0,0,0.976190476,1.0,0,0,198.3333333,1,0.3333,0
xalan,2.4,xalan-2.4.csv,org.apache.xml.utils.res.XResources_ja_JP_I,3,4,0,1,4,1,0,1,2,0.5,595,0.0,0,0.976190476,1.0,0,0,197.0,1,0.3333,0
xalan,2.4,xalan-2.4.csv,org.apache.xpath.functions.FuncContains,2,5,0,6,7,1,0,6,2,2.0,36,0.0,0,0.98245614,0.75,1,6,17.0,1,0.5,0
xalan,2.4,xalan-2.4.csv,org.apache.xalan.xsltc.compiler.util.MethodType,14,2,0,10,29,0,8,2,14,0.269230769,332,1.0,1,0.785714286,0.410714286,1,1,22.57142857,6,1.6429,0
xalan,2.4,xalan-2.4.csv,org.apache.xml.utils.FastStringBuffer,28,1,0,20,42,0,19,1,21,0.62962963,1676,0.0625,1,0.0,0.242798354,0,0,58.28571429,11,3.0,1
xalan,2.4,xalan-2.4.csv,org.apache.xpath.functions.FuncSubstringBefore,2,5,0,6,8,1,0,6,2,2.0,34,0.0,0,0.98245614,0.75,1,6,16.0,1,0.5,0
xalan,2.4,xalan-2.4.csv,org.apache.xalan.templates.OutputProperties,42,3,0,18,103,547,12,8,37,0.918292683,1046,0.4,0,0.837606838,0.233062331,0,0,23.42857143,13,2.0,4
xalan,2.4,xalan-2.4.csv,org.apache.xpath.operations.Number,3,3,0,7,8,3,2,5,3,2.0,23,0.0,0,0.952380952,0.555555556,1,1,6.666666667,1,0.6667,0
xalan,2.4,xalan-2.4.csv,org.apache.xml.utils.URI,42,1,0,3,68,375,1,2,29,0.780487805,2042,1.0,0,0.0,0.226480836,0,0,47.33333333,33,3.1429,1
xalan,2.4,xalan-2.4.csv,org.apache.xpath.operations.Mult,3,3,0,7,7,3,2,5,3,2.0,25,0.0,0,0.953488372,0.555555556,1,1,7.333333333,1,0.6667,0
xalan,2.4,xalan-2.4.csv,org.apache.xpath.axes.BasicTestIterator,7,5,2,12,23,21,3,10,2,2.0,163,0.0,0,0.9765625,0.371428571,2,4,22.28571429,11,1.8571,0
xalan,2.4,xalan-2.4.csv,org.apache.xalan.xsltc.compiler.ValueOf,5,3,0,24,32,0,1,23,4,0.375,177,1.0,1,0.933333333,0.333333333,2,5,34.0,4,1.8,0
xalan,2.4,xalan-2.4.csv,org.apache.xalan.xpath.XPathSupport,0,1,0,5,0,0,5,0,0,2.0,0,0.0,0,0.0,0.0,0,0,0.0,0,0.0,0
xalan,2.4,xalan-2.4.csv,org.apache.xml.utils.Hashtree2Node,2,1,0,1,22,1,1,0,2,2.0,145,0.0,0,0.0,0.5,0,0,71.5,8,4.0,0
xalan,2.4,xalan-2.4.csv,org.apache.xalan.processor.ProcessorStylesheetElement,3,4,0,9,29,3,2,9,2,2.0,107,0.0,0,0.990566038,0.666666667,1,1,34.66666667,1,0.6667,0
xalan,2.4,xalan-2.4.csv,org.apache.xalan.xsltc.dom.DTDMonitor,13,1,0,11,41,38,8,4,12,0.944444444,265,1.0,2,0.0,0.269230769,0,0,18.92307692,9,1.6923,0
xalan,2.4,xalan-2.4.csv,org.apache.xalan.xsltc.dom.CurrentNodeListFilter,1,1,0,3,1,0,1,2,1,2.0,1,0.0,0,0.0,1.0,0,0,0.0,1,1.0,0
xalan,2.4,xalan-2.4.csv,org.apache.xalan.xsltc.compiler.util.SlotAllocator,4,1,0,4,16,0,1,3,3,0.5,242,1.0,0,0.0,0.4375,0,0,58.5,6,3.0,0
xalan,2.4,xalan-2.4.csv,org.apache.xalan.xpath.XBooleanStatic,2,3,0,3,5,0,0,3,2,0.0,18,0.0,1,0.964285714,0.666666667,1,1,7.5,1,0.5,0
xalan,2.4,xalan-2.4.csv,org.apache.xalan.trace.TraceManager,13,1,0,40,32,0,27,14,13,0.333333333,293,1.0,1,0.0,0.211538462,0,0,21.38461538,4,1.7692,1
xalan,2.4,xalan-2.4.csv,org.apache.xalan.xsltc.compiler.util.AttributeSetMethodGenerator,8,5,0,11,15,14,1,10,7,0.839285714,100,1.0,0,0.958333333,0.476190476,1,2,10.5,1,0.75,0
xalan,2.4,xalan-2.4.csv,org.apache.xml.utils.res.XResources_cy,3,4,0,1,4,1,0,1,2,0.5,583,0.0,0,0.976190476,1.0,0,0,193.0,1,0.3333,0
xalan,2.4,xalan-2.4.csv,org.apache.xalan.xsltc.compiler.QName,10,1,0,56,18,17,56,0,10,0.777777778,106,1.0,0,0.0,0.4,1,1,9.1,2,1.0,0
xalan,2.4,xalan-2.4.csv,org.apache.xalan.processor.XSLTElementProcessor,15,3,11,21,48,101,17,6,10,0.821428571,280,1.0,2,0.933333333,0.348148148,0,0,17.53333333,1,0.9333,0
xalan,2.4,xalan-2.4.csv,org.apache.xalan.templates.ElemPI,8,3,0,10,33,8,0,10,8,0.428571429,164,1.0,1,0.965517241,0.3,2,5,19.375,16,2.75,0
xalan,2.4,xalan-2.4.csv,org.apache.xml.dtm.ref.DTMDefaultBaseTraversers,2,2,1,33,26,1,24,29,2,2.0,213,0.0,0,0.989130435,0.642857143,0,0,105.5,5,2.5,0
xalan,2.4,xalan-2.4.csv,org.apache.xalan.xsltc.compiler.Import,5,3,0,14,43,4,0,14,4,0.5,233,1.0,1,0.9375,0.36,2,5,45.4,10,2.6,0
xalan,2.4,xalan-2.4.csv,org.apache.xml.utils.NodeVector,30,1,1,7,33,0,7,0,30,0.422413793,933,1.0,0,0.0,0.4,0,0,29.96666667,5,2.1667,0
xalan,2.4,xalan-2.4.csv,org.apache.xml.dtm.DTMWSFilter,1,1,0,15,1,0,14,1,1,2.0,4,0.0,0,0.0,1.0,0,0,0.0,1,1.0,0
xalan,2.4,xalan-2.4.csv,org.apache.xalan.templates.XSLTVisitable,1,1,0,4,1,0,3,1,1,2.0,1,0.0,0,0.0,1.0,0,0,0.0,1,1.0,0
xalan,2.4,xalan-2.4.csv,org.apache.xalan.xsltc.trax.DOM2TO,22,1,0,2,49,221,1,1,20,0.964285714,327,1.0,1,0.0,0.143939394,0,0,13.68181818,2,1.0,1
xalan,2.4,xalan-2.4.csv,org.apache.xalan.xpath.XNull,10,2,0,7,19,0,2,5,10,0.111111111,58,0.0,1,0.689655172,0.325,1,1,4.7,1,0.9,0
xalan,2.4,xalan-2.4.csv,org.apache.xalan.trace.TraceListener,3,1,0,8,3,3,5,3,3,2.0,3,0.0,0,0.0,0.5,0,0,0.0,1,1.0,0
xalan,2.4,xalan-2.4.csv,org.apache.xml.utils.res.XResources_en,3,4,0,1,4,1,0,1,2,0.5,314,0.0,0,0.976190476,1.0,0,0,103.3333333,1,0.3333,0
xalan,2.4,xalan-2.4.csv,org.apache.xalan.xsltc.compiler.VariableRefBase,7,3,3,16,21,0,10,9,7,0.416666667,146,1.0,2,0.934210526,0.357142857,2,4,19.57142857,3,1.1429,0
xalan,2.4,xalan-2.4.csv,org.apache.xalan.templates.ElemCallTemplate,13,4,1,16,49,40,1,15,13,0.638888889,352,0.666666667,3,0.946902655,0.188034188,4,11,25.84615385,2,1.1538,0
xalan,2.4,xalan-2.4.csv,org.apache.xpath.operations.Gt,2,3,0,4,4,1,1,3,2,2.0,13,0.0,0,0.976190476,0.75,1,1,5.5,1,0.5,0
xalan,2.4,xalan-2.4.csv,org.apache.xalan.xsltc.cmdline.Transform,8,1,0,12,67,8,0,12,4,0.74025974,683,1.0,1,0.0,0.30952381,0,0,83.0,18,4.5,0
xalan,2.4,xalan-2.4.csv,org.apache.xalan.templates.VarNameCollector,5,2,0,5,12,0,1,4,4,0.0,34,0.0,0,0.75,0.4,0,0,5.6,1,0.8,0
xalan,2.4,xalan-2.4.csv,org.apache.xalan.xsltc.runtime.output.OutputBase,32,1,2,12,54,470,7,5,23,0.95601173,371,1.0,2,0.0,0.286458333,0,0,10.25,5,1.3125,1
xalan,2.4,xalan-2.4.csv,org.apache.xalan.xsltc.compiler.StartsWithCall,3,4,0,18,17,0,0,18,3,0.0,108,1.0,2,0.979591837,0.444444444,3,14,34.33333333,1,0.6667,0
xalan,2.4,xalan-2.4.csv,org.apache.xalan.xsltc.compiler.AttributeSet,8,3,0,26,54,6,3,25,7,0.80952381,279,1.0,3,0.895522388,0.3,2,5,33.125,7,2.25,0
xalan,2.4,xalan-2.4.csv,org.apache.xalan.extensions.ExpressionVisitor,2,2,0,7,6,0,1,6,2,0.0,23,1.0,1,0.923076923,0.625,0,0,10.0,2,1.0,0
xalan,2.4,xalan-2.4.csv,org.apache.xalan.xsltc.compiler.CompilerException,4,3,0,2,9,0,2,0,4,0.333333333,40,1.0,0,0.944444444,0.5,1,1,8.75,2,0.5,0
xalan,2.4,xalan-2.4.csv,org.apache.xalan.xsltc.compiler.Choose,3,3,0,26,36,3,1,25,2,2.0,245,0.0,0,0.965517241,0.5,2,4,80.66666667,15,5.3333,0
xalan,2.4,xalan-2.4.csv,org.apache.xalan.transformer.TransformState,7,1,0,4,7,21,2,2,7,2.0,7,0.0,0,0.0,1.0,0,0,0.0,1,1.0,0
xalan,2.4,xalan-2.4.csv,org.apache.xalan.xsltc.compiler.ProcessingInstructionPattern,6,7,0,26,39,5,0,26,6,0.6,289,1.0,0,0.959349593,0.333333333,4,8,46.83333333,4,1.5,0
xalan,2.4,xalan-2.4.csv,org.apache.xml.utils.synthetic.reflection.EntryPoint,22,1,2,6,49,71,4,5,20,0.706349206,827,0.833333333,4,0.0,0.272727273,1,1,36.04545455,16,2.7727,0
xalan,2.4,xalan-2.4.csv,org.apache.xpath.operations.NotEquals,2,3,0,4,4,1,1,3,2,2.0,13,0.0,0,0.976190476,0.75,1,1,5.5,1,0.5,0
xalan,2.4,xalan-2.4.csv,org.apache.xalan.xpath.xml.ProblemListener,2,1,0,3,2,1,3,0,2,2.0,10,0.0,0,0.0,0.666666667,0,0,0.0,1,1.0,0
xalan,2.4,xalan-2.4.csv,org.apache.xpath.functions.FuncExtFunction,8,3,0,11,21,8,3,8,7,0.714285714,137,0.0,0,0.844444444,0.285714286,2,8,15.625,3,1.125,2
xalan,2.4,xalan-2.4.csv,org.apache.xpath.functions.FuncSum,2,4,0,8,11,1,0,8,2,2.0,44,0.0,0,0.979591837,0.75,1,6,21.0,1,0.5,0
xalan,2.4,xalan-2.4.csv,org.apache.xalan.xpath.xml.ProblemListenerDefault,13,2,0,3,36,0,1,2,13,0.083333333,369,0.0,1,0.5,0.230769231,0,0,27.30769231,2,1.0,0
xalan,2.4,xalan-2.4.csv,org.apache.xalan.xsltc.compiler.FloorCall,2,4,0,12,10,1,0,12,2,2.0,26,0.0,0,0.989690722,0.6,2,4,12.0,1,0.5,0
xalan,2.4,xalan-2.4.csv,org.apache.xalan.templates.KeyDeclaration,9,3,0,10,17,16,6,6,9,0.75,79,1.0,3,0.960784314,0.296296296,1,2,7.444444444,1,0.8889,0
xalan,2.4,xalan-2.4.csv,org.apache.xml.utils.res.XResources_zh_CN,3,4,0,1,4,1,0,1,2,0.5,499,0.0,0,0.976190476,1.0,0,0,165.0,1,0.3333,0
xalan,2.4,xalan-2.4.csv,org.apache.xalan.xslt.XSLTEngineImpl,82,1,0,48,254,2129,6,44,72,0.868055556,3012,0.625,5,0.0,0.086934156,0,0,35.53658537,4,1.1707,0
xalan,2.4,xalan-2.4.csv,org.apache.xpath.functions.FuncTranslate,2,6,0,7,12,1,0,7,2,2.0,70,0.0,0,0.984615385,0.75,1,6,34.0,1,0.5,0
xalan,2.4,xalan-2.4.csv,org.apache.xalan.xsltc.compiler.util.NumberType,3,2,2,5,4,3,4,1,3,2.0,10,0.0,0,0.942857143,1.0,0,0,2.333333333,1,0.6667,0
xalan,2.4,xalan-2.4.csv,org.apache.xalan.processor.ProcessorCharacters,5,4,0,9,31,2,2,7,4,0.333333333,151,1.0,1,0.981308411,0.4,1,2,28.6,1,0.8,0
xalan,2.4,xalan-2.4.csv,org.apache.xalan.extensions.ExtensionNamespacesManager,9,1,0,7,29,12,5,2,8,0.625,453,1.0,0,0.0,0.416666667,0,0,49.0,7,2.5556,0
xalan,2.4,xalan-2.4.csv,org.apache.xalan.extensions.ExtensionNamespaceSupport,3,1,0,5,12,0,4,1,3,0.5,133,0.0,0,0.0,0.555555556,0,0,42.0,1,0.6667,0
xalan,2.4,xalan-2.4.csv,org.apache.xalan.processor.ProcessorExsltFuncResult,2,5,0,8,8,1,1,7,2,2.0,57,0.0,0,0.995327103,0.625,1,1,27.5,1,0.5,0
xalan,2.4,xalan-2.4.csv,org.apache.xalan.processor.ProcessorTemplateElem,4,4,8,14,23,6,9,5,3,2.0,94,0.0,0,0.985915493,0.55,1,1,22.5,1,0.75,0
xalan,2.4,xalan-2.4.csv,org.apache.xalan.lib.sql.DefaultConnectionPool,19,1,0,4,47,57,1,3,16,0.784722222,395,1.0,0,0.0,0.218045113,0,0,19.36842105,3,1.2105,3
xalan,2.4,xalan-2.4.csv,org.apache.xalan.templates.ElemExsltFuncResult,5,4,0,10,15,10,3,7,5,2.0,62,0.0,0,0.981900452,0.6,3,7,11.4,3,1.2,1
xalan,2.4,xalan-2.4.csv,org.apache.xml.utils.WrappedRuntimeException,3,4,0,35,5,0,35,0,3,0.0,22,1.0,0,0.944444444,0.666666667,0,0,6.0,1,0.3333,0
xalan,2.4,xalan-2.4.csv,org.apache.xalan.templates.ElemParam,6,4,0,18,21,15,7,11,6,1.0,80,0.0,0,0.981900452,0.375,3,8,12.16666667,1,0.6667,0
xalan,2.4,xalan-2.4.csv,org.apache.xpath.patterns.FunctionPattern,7,4,0,14,18,0,3,12,6,0.166666667,156,0.0,1,0.931034483,0.367346939,3,17,21.14285714,2,1.0,0
xalan,2.4,xalan-2.4.csv,org.apache.xalan.xsltc.dom.CurrentNodeListIterator,12,2,0,6,31,6,0,6,11,0.602272727,245,1.0,4,0.5,0.319444444,1,5,18.75,3,1.3333,0
xalan,2.4,xalan-2.4.csv,org.apache.xpath.functions.FuncLang,2,4,0,6,15,1,0,6,2,2.0,73,0.0,0,0.979591837,0.75,1,6,35.5,1,0.5,0
xalan,2.4,xalan-2.4.csv,org.apache.xpath.functions.FuncUnparsedEntityURI,2,4,0,6,10,1,0,6,2,2.0,30,0.0,0,0.979591837,0.75,1,6,14.0,1,0.5,0
xalan,2.4,xalan-2.4.csv,org.apache.xalan.templates.ElemApplyTemplates,9,5,0,21,84,20,1,21,9,0.6875,586,1.0,1,0.965811966,0.311111111,5,10,63.88888889,1,0.8889,1
xalan,2.4,xalan-2.4.csv,org.apache.xalan.xsltc.dom.UnionIterator,9,2,0,6,25,0,1,5,8,0.607142857,369,1.0,2,0.555555556,0.361111111,1,6,39.22222222,6,2.6667,2
xalan,2.4,xalan-2.4.csv,org.apache.xml.dtm.ref.dom2dtm.DOM2DTM,38,4,0,19,117,581,1,19,28,0.86977887,1628,0.545454545,1,0.717557252,0.142857143,2,18,41.55263158,42,4.6316,1
xalan,2.4,xalan-2.4.csv,org.apache.xml.dtm.ref.DTMDocumentImpl,110,1,0,13,149,5191,0,13,96,0.943807339,1853,0.666666667,8,0.0,0.11983945,0,0,15.62727273,10,1.5364,0
xalan,2.4,xalan-2.4.csv,org.apache.xalan.xsltc.compiler.EqualityExpr,12,3,0,40,49,0,1,39,11,0.333333333,836,1.0,2,0.865853659,0.238095238,2,8,68.41666667,18,3.25,0
xalan,2.4,xalan-2.4.csv,org.apache.xalan.xsltc.runtime.Constants,0,1,0,5,0,0,5,0,0,2.0,14,0.0,0,0.0,0.0,0,0,0.0,0,0.0,0
xalan,2.4,xalan-2.4.csv,org.w3c.dom.xpath.XPathException,1,4,0,0,2,0,0,0,1,2.0,11,0.0,0,1.0,1.0,0,0,7.0,0,0.0,0
xalan,2.4,xalan-2.4.csv,org.apache.xpath.operations.Quo,2,3,0,4,5,1,1,3,2,2.0,16,0.0,0,0.976190476,0.75,1,1,7.0,1,0.5,0
xalan,2.4,xalan-2.4.csv,org.apache.xpath.FoundIndex,1,4,0,0,2,0,0,0,1,2.0,4,0.0,0,1.0,1.0,0,0,3.0,0,0.0,0
xalan,2.4,xalan-2.4.csv,org.apache.xpath.axes.FilterExprWalker,18,5,0,22,48,19,5,18,16,0.75,244,1.0,2,0.858333333,0.185185185,4,14,12.33333333,3,1.3333,0
xalan,2.4,xalan-2.4.csv,org.apache.xalan.xsltc.compiler.Include,5,3,0,14,49,4,1,14,4,0.5,319,1.0,1,0.9375,0.36,2,5,62.6,13,3.2,0
xalan,2.4,xalan-2.4.csv,org.apache.xalan.processor.StylesheetHandler,71,2,0,47,152,2163,25,25,33,0.941326531,1340,0.75,6,0.197674419,0.108035714,1,1,17.47887324,7,1.3239,1
xalan,2.4,xalan-2.4.csv,org.apache.xalan.lib.sql.PooledConnection,5,1,0,1,9,0,1,0,5,0.5,41,1.0,0,0.0,0.466666667,0,0,6.8,1,0.8,0
xalan,2.4,xalan-2.4.csv,org.apache.xalan.trace.EndSelectionEvent,1,2,0,8,2,0,3,5,1,2.0,10,0.0,0,0.0,1.0,0,0,9.0,0,0.0,0
xalan,2.4,xalan-2.4.csv,org.apache.xalan.xsltc.compiler.util.ReferenceType,20,2,0,41,44,190,18,30,19,2.0,353,0.0,0,0.634615385,0.230769231,2,4,16.65,8,1.45,1
xalan,2.4,xalan-2.4.csv,org.apache.xpath.objects.GreaterThanOrEqualComparator,3,2,0,3,5,3,1,2,0,2.0,24,0.0,0,0.5,0.555555556,0,0,7.0,2,1.3333,0
xalan,2.4,xalan-2.4.csv,org.apache.xalan.xsltc.compiler.SimpleAttributeValue,5,4,0,14,10,4,1,14,4,0.5,38,1.0,0,0.947368421,0.36,2,8,6.4,1,0.8,0
xalan,2.4,xalan-2.4.csv,org.apache.xalan.xsltc.compiler.VariableRef,2,4,0,22,25,1,2,20,2,2.0,137,0.0,0,0.987012987,0.625,2,3,67.5,9,4.5,0
xalan,2.4,xalan-2.4.csv,org.apache.xpath.objects.XNodeSetForDOM,7,5,0,7,18,0,1,6,7,0.0,115,0.0,0,0.978417266,0.285714286,3,14,15.28571429,1,0.4286,0
xalan,2.4,xalan-2.4.csv,org.apache.xalan.xsltc.compiler.util.VoidType,8,2,0,14,19,28,1,14,7,2.0,82,0.0,0,0.825,0.375,2,3,9.25,2,1.25,0
xalan,2.4,xalan-2.4.csv,org.apache.xpath.functions.FuncNumber,2,5,0,4,5,1,0,4,2,2.0,12,0.0,0,0.982142857,0.75,2,7,5.0,1,0.5,0
xalan,2.4,xalan-2.4.csv,org.apache.xpath.patterns.UnionPattern,9,2,0,12,20,0,4,10,8,0.125,212,1.0,1,0.789473684,0.197530864,1,7,22.44444444,7,2.4444,0
xalan,2.4,xalan-2.4.csv,org.apache.xalan.transformer.KeyTable,5,1,0,10,15,2,1,9,4,0.5,68,1.0,1,0.0,0.342857143,0,0,12.2,1,0.8,1
xalan,2.4,xalan-2.4.csv,org.apache.xalan.xsltc.compiler.LocalNameCall,3,5,0,12,13,3,0,12,3,2.0,50,0.0,0,0.99,0.533333333,3,5,15.66666667,1,0.3333,0
xalan,2.4,xalan-2.4.csv,org.apache.xalan.xsltc.cmdline.getopt.GetOptsException,1,3,2,3,2,0,3,0,1,2.0,5,0.0,0,1.0,1.0,0,0,4.0,0,0.0,0
xalan,2.4,xalan-2.4.csv,org.apache.xalan.xsltc.dom.NodeCounter,15,1,3,9,39,91,5,4,7,0.811688312,824,0.818181818,3,0.0,0.267857143,0,0,52.46666667,14,3.4667,0
xalan,2.4,xalan-2.4.csv,org.apache.xpath.functions.FuncExtElementAvailable,2,4,0,10,17,1,0,10,2,2.0,87,0.0,0,0.979591837,0.75,2,7,42.5,1,0.5,0
xalan,2.4,xalan-2.4.csv,org.apache.xml.dtm.DTMManager,21,1,2,43,49,196,36,8,17,0.975,299,0.4,1,0.0,0.15,0,0,12.76190476,10,1.3333,1
xalan,2.4,xalan-2.4.csv,org.apache.xalan.xsltc.ProcessorVersion,3,1,0,0,9,1,0,0,2,0.5,44,1.0,0,0.0,0.5,0,0,12.66666667,2,0.6667,0
xalan,2.4,xalan-2.4.csv,org.apache.xpath.objects.XBooleanStatic,2,4,0,5,5,0,3,3,2,0.0,25,0.0,0,0.987341772,0.666666667,2,3,11.0,2,1.0,0
xalan,2.4,xalan-2.4.csv,org.apache.xalan.transformer.TransformerClient,1,1,0,2,1,0,1,1,1,2.0,1,0.0,0,0.0,1.0,0,0,0.0,1,1.0,0
xalan,2.4,xalan-2.4.csv,org.apache.xpath.functions.FuncStartsWith,2,5,0,7,6,1,0,7,2,2.0,21,0.0,0,0.98245614,0.75,1,6,9.5,1,0.5,0
xalan,2.4,xalan-2.4.csv,org.apache.xalan.lib.sql.DTMDocument,95,4,2,15,191,0,2,13,66,0.920621931,2509,1.0,2,0.5,0.197894737,1,25,25.27368421,11,2.0421,2
xalan,2.4,xalan-2.4.csv,org.apache.xpath.operations.String,2,3,0,5,4,1,1,4,2,2.0,9,0.0,0,0.975609756,0.75,1,1,3.5,1,0.5,0
xalan,2.4,xalan-2.4.csv,org.apache.xalan.xsltc.compiler.Predicate,21,3,0,65,104,68,6,64,20,0.765,1066,1.0,4,0.78021978,0.210884354,2,8,49.28571429,12,3.1429,0
xalan,2.4,xalan-2.4.csv,org.apache.xml.utils.Trie,3,1,0,2,8,0,2,1,3,0.75,100,0.0,1,0.0,0.666666667,0,0,31.66666667,4,2.3333,0
xalan,2.4,xalan-2.4.csv,org.apache.xml.utils.StringBufferPool,5,1,0,6,13,4,4,2,3,0.75,44,0.5,1,0.0,0.25,0,0,7.4,1,0.6,0
xalan,2.4,xalan-2.4.csv,org.apache.xalan.templates.AVTPartSimple,5,2,0,6,7,4,1,5,5,0.5,22,1.0,0,0.555555556,0.325,0,0,3.2,1,0.8,0
xalan,2.4,xalan-2.4.csv,org.apache.xalan.xsltc.trax.TransformerFactoryImpl,27,3,0,11,87,201,5,10,24,0.783653846,697,1.0,0,0.444444444,0.171328671,1,2,24.51851852,3,1.0741,2
xalan,2.4,xalan-2.4.csv,org.apache.xml.utils.SuballocatedIntVector,18,1,0,13,20,3,13,0,11,0.294117647,860,1.0,0,0.0,0.916666667,0,0,46.38888889,8,3.1111,0
xalan,2.4,xalan-2.4.csv,org.w3c.dom.xpath.XPathExpression,1,1,0,0,1,0,0,0,1,2.0,1,0.0,0,0.0,1.0,0,0,0.0,1,1.0,0
xalan,2.4,xalan-2.4.csv,org.apache.xalan.xsltc.cmdline.getopt.MissingOptArgException,1,4,0,2,2,0,1,1,1,2.0,5,0.0,0,1.0,1.0,0,0,4.0,0,0.0,0
xalan,2.4,xalan-2.4.csv,org.apache.xalan.xsltc.compiler.ElementAvailableCall,5,4,0,19,19,10,0,19,5,2.0,85,0.0,0,0.96,0.333333333,3,12,16.0,2,1.2,0
xalan,2.4,xalan-2.4.csv,org.apache.xpath.ExpressionNode,5,1,0,41,5,10,41,0,5,2.0,5,0.0,0,0.0,0.6,0,0,0.0,1,1.0,0
xalan,2.4,xalan-2.4.csv,org.apache.xpath.axes.LocPathIterator,52,4,8,46,84,1030,28,22,45,0.85130719,658,0.833333333,4,0.616,0.145104895,2,9,11.42307692,10,1.3846,1
xalan,2.4,xalan-2.4.csv,org.apache.xalan.xsltc.trax.SAX2DOM,21,1,0,2,51,134,1,1,21,0.716666667,292,1.0,0,0.0,0.265306122,0,0,12.76190476,7,1.381,1
xalan,2.4,xalan-2.4.csv,org.apache.xalan.xsltc.compiler.ParentPattern,8,6,0,31,41,0,1,30,8,0.285714286,253,1.0,2,0.933962264,0.25,4,5,30.375,8,1.75,0
xalan,2.4,xalan-2.4.csv,org.apache.xalan.xsltc.compiler.util.StringType,18,2,0,44,42,153,18,30,17,2.0,268,0.0,0,0.66,0.283950617,2,4,13.88888889,4,1.2778,0
xalan,2.4,xalan-2.4.csv,org.apache.xml.utils.synthetic.reflection.Member,4,1,0,6,4,6,4,2,4,2.0,4,0.0,0,0.0,0.5,0,0,0.0,1,1.0,0
xalan,2.4,xalan-2.4.csv,org.apache.xalan.xsltc.runtime.MessageHandler,2,1,0,1,4,1,1,0,2,2.0,9,0.0,0,0.0,0.75,0,0,3.5,1,0.5,0
xalan,2.4,xalan-2.4.csv,org.apache.xalan.xsltc.compiler.util.MethodGenerator,26,4,6,136,47,287,121,15,26,0.978461538,414,1.0,1,0.795081967,0.161538462,1,2,13.92307692,4,1.3077,0
xalan,2.4,xalan-2.4.csv,org.apache.xpath.patterns.NodeTestFilter,1,1,0,1,1,0,0,1,1,2.0,1,0.0,0,0.0,1.0,0,0,0.0,1,1.0,0
xalan,2.4,xalan-2.4.csv,org.apache.xalan.xsltc.compiler.LangCall,4,4,0,19,17,0,0,19,4,0.666666667,84,1.0,2,0.96969697,0.375,3,8,19.5,2,1.0,0
xalan,2.4,xalan-2.4.csv,org.apache.xalan.xsltc.dom.FilterIterator,9,2,0,5,24,0,1,4,9,0.625,106,1.0,2,0.555555556,0.288888889,1,5,10.44444444,3,1.2222,0
xalan,2.4,xalan-2.4.csv,org.apache.xalan.xsltc.compiler.RelativePathPattern,1,5,3,7,2,0,6,1,0,2.0,4,0.0,0,1.0,1.0,0,0,3.0,0,0.0,0
xalan,2.4,xalan-2.4.csv,org.apache.xpath.axes.AxesWalker,27,4,2,21,53,257,8,15,23,0.807692308,451,0.625,4,0.747572816,0.138888889,1,4,15.40740741,5,1.5926,1
xalan,2.5,xalan-2.5.csv,org.apache.xpath.res.XPATHErrorResources_sv,3,4,0,1,4,1,0,1,2,1.428571429,1872,0.0,0,0.976190476,1.0,0,0,618.3333333,1,0.3333,1
xalan,2.5,xalan-2.5.csv,org.apache.xalan.xsltc.compiler.TransletOutput,5,3,0,20,33,0,0,20,4,0.5,176,1.0,1,0.933333333,0.333333333,2,7,33.8,6,1.8,0
xalan,2.5,xalan-2.5.csv,org.apache.xalan.lib.Extensions,13,1,0,11,54,76,1,10,9,0.875,371,0.5,1,0.0,0.208333333,0,0,27.23076923,5,1.9231,1
xalan,2.5,xalan-2.5.csv,org.apache.xml.serializer.ToHTMLStream,28,3,0,12,104,222,1,11,17,0.855967078,2480,0.888888889,5,0.866666667,0.196296296,2,26,87.25,3,1.1429,4
xalan,2.5,xalan-2.5.csv,org.apache.xpath.functions.FuncConcat,4,7,0,7,13,6,0,7,3,2.0,81,0.0,0,0.96,0.5,3,8,19.25,1,0.75,1
xalan,2.5,xalan-2.5.csv,org.apache.xpath.patterns.StepPattern,31,3,2,22,78,239,11,13,26,0.733333333,1095,0.4,2,0.641975309,0.180107527,2,9,34.16129032,17,3.0645,1
xalan,2.5,xalan-2.5.csv,org.apache.xalan.transformer.TransformSnapshot,0,1,0,2,0,0,2,0,0,2.0,0,0.0,0,0.0,0.0,0,0,0.0,0,0.0,0
xalan,2.5,xalan-2.5.csv,org.apache.xpath.functions.FunctionDef1Arg,8,4,9,18,21,8,9,9,4,2.0,110,0.0,0,0.872727273,0.5,2,5,12.75,2,1.125,1
xalan,2.5,xalan-2.5.csv,org.apache.xalan.res.XSLTErrorResources_zh_CN,3,4,0,1,4,1,0,1,2,1.423076923,3769,0.0,0,0.976190476,1.0,0,0,1251.0,1,0.3333,0
xalan,2.5,xalan-2.5.csv,org.apache.xalan.templates.Stylesheet,74,3,2,47,119,2539,37,17,70,0.966051221,1136,0.913043478,4,0.728624535,0.073443008,3,19,14.04054054,16,1.8378,2
xalan,2.5,xalan-2.5.csv,org.apache.xalan.xsltc.dom.LoadDocument,6,1,0,17,51,15,0,17,3,1.2,368,1.0,0,0.0,0.5,0,0,60.16666667,1,0.8333,4
xalan,2.5,xalan-2.5.csv,org.apache.xalan.xsltc.compiler.AttributeValue,2,3,2,10,8,1,7,5,1,2.0,44,0.0,0,0.986111111,0.5,0,0,21.0,3,1.5,0
xalan,2.5,xalan-2.5.csv,org.apache.xalan.xsltc.dom.FilteredStepIterator,2,3,0,3,6,0,0,3,2,0.0,28,1.0,1,0.952380952,0.666666667,1,2,12.5,3,1.5,0
xalan,2.5,xalan-2.5.csv,org.apache.xalan.xsltc.compiler.NamespaceAlias,4,3,0,8,8,6,1,7,3,1.0,30,1.0,0,0.952380952,0.4,2,4,6.0,1,0.75,0
xalan,2.5,xalan-2.5.csv,org.apache.xml.serializer.ToTextSAXHandler,41,3,0,3,56,814,2,1,41,2.0,161,0.0,0,0.74,0.153846154,2,6,2.926829268,1,0.9512,0
xalan,2.5,xalan-2.5.csv,org.apache.xalan.templates.ElemLiteralResult,32,4,2,17,84,354,6,12,28,0.88172043,656,1.0,2,0.86695279,0.180555556,3,19,19.21875,10,1.8438,3
xalan,2.5,xalan-2.5.csv,org.apache.xml.utils.SAXSourceLocator,8,2,0,17,29,0,17,0,8,0.285714286,119,0.0,0,0.666666667,0.34375,0,0,13.75,2,1.0,0
xalan,2.5,xalan-2.5.csv,org.apache.xalan.xsltc.compiler.FunctionAvailableCall,7,4,0,19,38,7,0,19,5,0.458333333,275,1.0,1,0.941176471,0.285714286,3,13,37.71428571,12,3.2857,0
xalan,2.5,xalan-2.5.csv,org.apache.xalan.templates.DecimalFormatProperties,25,3,0,6,49,0,4,3,25,0.520833333,161,0.5,1,0.890909091,0.253333333,1,1,5.36,2,1.0,2
xalan,2.5,xalan-2.5.csv,org.apache.xalan.transformer.TransformSnapshotImpl,2,1,0,13,31,0,1,13,0,0.142857143,217,0.928571429,9,0.0,1.0,0,0,100.5,3,1.5,0
xalan,2.5,xalan-2.5.csv,org.apache.xpath.compiler.OpMapVector,4,1,0,2,6,0,2,0,4,0.416666667,87,1.0,0,0.0,1.0,0,0,19.75,2,1.0,1
xalan,2.5,xalan-2.5.csv,org.apache.xml.utils.DefaultErrorHandler,13,1,1,13,35,58,10,3,13,0.666666667,260,0.0,0,0.0,0.307692308,0,0,18.92307692,11,2.0,1
xalan,2.5,xalan-2.5.csv,org.apache.xml.utils.UnImplNode,107,1,1,2,117,5671,1,1,107,2.0,648,0.0,0,0.0,0.191069574,0,0,5.056074766,1,0.9907,1
xalan,2.5,xalan-2.5.csv,org.apache.xml.res.XMLErrorResources_ko,3,4,0,1,4,1,0,1,2,1.3,875,0.0,0,0.976190476,1.0,0,0,289.0,1,0.3333,0
xalan,2.5,xalan-2.5.csv,org.apache.xpath.XPathFactory,1,1,0,5,1,0,3,2,1,2.0,1,0.0,0,0.0,1.0,0,0,0.0,1,1.0,1
xalan,2.5,xalan-2.5.csv,org.apache.xml.dtm.ref.ExtendedType,9,1,0,8,12,0,8,0,7,0.40625,117,1.0,0,0.0,0.5,1,2,11.55555556,4,1.1111,0
xalan,2.5,xalan-2.5.csv,org.apache.xml.utils.res.XResourceBundle,5,3,18,19,16,8,19,0,3,1.223684211,424,0.0,0,0.926829268,0.416666667,0,0,80.0,3,1.0,1
xalan,2.5,xalan-2.5.csv,org.apache.xalan.xsltc.compiler.WithParam,6,3,0,21,39,0,0,21,5,0.4,201,1.0,2,0.918032787,0.361111111,1,7,32.16666667,3,1.6667,2
xalan,2.5,xalan-2.5.csv,org.apache.xalan.lib.PipeDocument,3,1,0,10,46,3,0,10,3,2.0,257,0.0,0,0.0,0.466666667,0,0,84.66666667,1,0.6667,1
xalan,2.5,xalan-2.5.csv,org.apache.xalan.xsltc.compiler.Variable,6,4,0,34,48,1,10,28,5,2.0,282,0.0,0,0.938271605,0.4,2,13,46.0,8,3.6667,1
xalan,2.5,xalan-2.5.csv,org.apache.xalan.xpath.xml.TreeWalker,3,1,0,2,6,0,0,2,3,0.0,24,0.0,1,0.0,0.666666667,0,0,6.666666667,1,0.6667,0
xalan,2.5,xalan-2.5.csv,org.apache.xalan.xsltc.compiler.SyntaxTreeNode,55,1,5,97,116,1101,74,43,10,0.912037037,1105,1.0,6,0.0,0.149691358,0,0,18.87272727,18,2.1818,0
xalan,2.5,xalan-2.5.csv,org.apache.xalan.xsltc.compiler.util.RealType,28,3,0,42,61,370,13,34,26,1.0,533,0.0,0,0.564516129,0.181547619,1,3,18.0,10,1.8214,0
xalan,2.5,xalan-2.5.csv,org.apache.xpath.operations.Or,3,3,0,6,7,1,1,5,3,2.0,42,0.0,0,0.953488372,0.833333333,1,6,13.0,1,0.6667,0
xalan,2.5,xalan-2.5.csv,org.apache.xalan.xsltc.TransletException,3,4,0,13,5,3,13,0,3,2.0,16,0.0,0,1.0,0.555555556,0,0,4.333333333,0,0.0,0
xalan,2.5,xalan-2.5.csv,org.apache.xalan.xsltc.runtime.Hashtable,15,1,0,13,26,1,12,2,14,0.553571429,477,1.0,1,0.0,0.383333333,0,0,30.53333333,6,2.4667,0
xalan,2.5,xalan-2.5.csv,org.apache.xml.utils.DOM2Helper,11,2,1,10,29,53,7,3,11,0.8,125,1.0,0,0.714285714,0.327272727,1,5,10.27272727,4,1.4545,1
xalan,2.5,xalan-2.5.csv,org.apache.xalan.processor.ProcessorKey,3,4,0,10,34,3,1,9,1,2.0,169,0.0,0,0.990566038,0.666666667,1,1,55.33333333,1,0.6667,0
xalan,2.5,xalan-2.5.csv,org.apache.xml.res.XMLErrorResources_en,1,4,0,1,2,0,0,1,1,2.0,4,0.0,0,1.0,1.0,0,0,3.0,0,0.0,1
xalan,2.5,xalan-2.5.csv,org.apache.xpath.objects.XRTreeFragSelectWrapper,10,4,0,9,23,23,1,8,10,0.555555556,89,0.0,1,0.905263158,0.28,3,22,7.8,2,1.0,0
xalan,2.5,xalan-2.5.csv,org.apache.xalan.transformer.KeyRefIterator,3,7,0,15,26,0,0,15,2,0.0,171,0.75,3,0.985185185,0.444444444,3,4,54.66666667,6,3.0,1
xalan,2.5,xalan-2.5.csv,org.apache.xpath.compiler.Compiler,45,2,0,60,112,932,23,41,15,0.568181818,1178,0.6,1,0.328125,0.175925926,1,1,25.06666667,12,1.2222,2
xalan,2.5,xalan-2.5.csv,org.apache.xalan.xsltc.util.IntegerArray,24,1,0,4,30,0,4,0,21,0.543478261,481,1.0,0,0.0,0.316666667,0,0,18.875,8,1.6667,1
xalan,2.5,xalan-2.5.csv,org.apache.xml.res.XMLErrorResources_es,3,4,0,1,4,1,0,1,2,1.3,875,0.0,0,0.976190476,1.0,0,0,289.0,1,0.3333,0
xalan,2.5,xalan-2.5.csv,org.apache.xml.utils.synthetic.Class,65,1,0,7,135,508,6,4,59,0.7375,2297,0.85,12,0.0,0.1515625,0,0,34.03076923,18,1.8462,1
xalan,2.5,xalan-2.5.csv,org.apache.xalan.xpath.xml.FormatterToDOM,4,2,0,2,6,6,0,2,4,1.0,26,0.0,1,0.966666667,0.5625,0,0,5.25,1,0.25,0
xalan,2.5,xalan-2.5.csv,org.apache.xalan.processor.ProcessorExsltFunction,6,5,0,26,27,15,1,25,4,2.0,226,0.0,0,0.97706422,0.533333333,2,4,36.66666667,6,1.6667,2
xalan,2.5,xalan-2.5.csv,org.apache.xalan.templates.ElemChoose,6,3,0,9,26,15,0,9,6,2.0,160,0.0,0,0.975124378,0.444444444,2,6,25.66666667,4,1.3333,1
xalan,2.5,xalan-2.5.csv,org.apache.xalan.xsltc.CollatorFactory,2,1,0,2,2,1,2,0,2,2.0,2,0.0,0,0.0,0.666666667,0,0,0.0,1,1.0,0
xalan,2.5,xalan-2.5.csv,org.apache.xalan.xsltc.compiler.ParameterRef,3,4,0,18,31,1,1,17,3,2.0,152,0.0,0,0.974358974,0.5,2,3,49.66666667,8,3.0,2
xalan,2.5,xalan-2.5.csv,org.apache.xalan.xsltc.compiler.FilterParentPath,6,3,0,24,31,0,2,22,6,0.333333333,213,1.0,2,0.934210526,0.305555556,2,7,34.0,4,1.3333,0
xalan,2.5,xalan-2.5.csv,org.apache.xml.serializer.ToHTMLSAXHandler,41,3,0,4,66,742,2,2,40,0.95,337,1.0,0,0.74,0.148217636,3,14,7.195121951,3,1.0,0
xalan,2.5,xalan-2.5.csv,org.apache.xml.utils.AttList,13,1,0,2,27,0,1,1,13,0.694444444,168,0.0,1,0.0,0.4,0,0,11.69230769,6,1.6923,1
xalan,2.5,xalan-2.5.csv,org.apache.xalan.xslt.XSLTProcessorFactory,5,1,0,5,7,10,1,4,5,2.0,30,0.0,0,0.0,0.25,0,0,5.0,1,0.8,0
xalan,2.5,xalan-2.5.csv,org.apache.xml.serializer.NamespaceMappings,9,1,0,12,32,0,12,0,8,0.6875,276,1.0,0,0.0,0.555555556,0,0,29.0,5,2.1111,1
xalan,2.5,xalan-2.5.csv,org.apache.xalan.xsltc.compiler.XslElement,10,3,0,23,59,7,1,22,7,0.644444444,505,1.0,2,0.861538462,0.3,1,9,49.0,13,3.9,1
xalan,2.5,xalan-2.5.csv,org.apache.xml.dtm.ref.IncrementalSAXSource,5,1,0,6,5,10,6,0,5,2.0,5,0.0,0,0.0,0.333333333,0,0,0.0,1,1.0,0
xalan,2.5,xalan-2.5.csv,org.apache.xml.serializer.ToUnknownStream,81,2,0,10,167,0,1,9,75,0.841666667,1040,1.0,1,0.520958084,0.114403292,2,7,11.65432099,10,1.1728,0
xalan,2.5,xalan-2.5.csv,org.apache.xml.utils.res.XResources_it,3,4,0,1,4,1,0,1,2,0.5,314,0.0,0,0.976190476,1.0,0,0,103.3333333,1,0.3333,1
xalan,2.5,xalan-2.5.csv,org.apache.xml.utils.res.XResources_ko,3,4,0,1,4,1,0,1,2,0.5,487,0.0,0,0.976190476,1.0,0,0,161.0,1,0.3333,1
xalan,2.5,xalan-2.5.csv,org.apache.xpath.CachedXPathAPI,12,1,0,5,23,54,0,5,12,0.454545455,139,1.0,1,0.0,0.533333333,0,0,10.5,1,0.8333,0
xalan,2.5,xalan-2.5.csv,org.apache.xalan.xsltc.compiler.ForEach,6,3,0,28,58,3,1,28,5,0.6,332,1.0,2,0.918032787,0.361111111,1,7,54.0,9,2.6667,0
xalan,2.5,xalan-2.5.csv,org.apache.xml.utils.StringVector,11,1,0,8,15,0,8,0,11,0.425,234,1.0,0,0.0,0.515151515,0,0,19.90909091,4,1.7273,1
xalan,2.5,xalan-2.5.csv,org.apache.xalan.xsltc.dom.DupFilterIterator,8,2,0,6,25,0,1,5,8,0.485714286,183,1.0,2,0.65,0.34375,1,5,21.25,6,1.625,1
xalan,2.5,xalan-2.5.csv,org.apache.xalan.res.XSLTErrorResources_sv,3,4,0,1,4,1,0,1,2,1.423076923,3769,0.0,0,0.976190476,1.0,0,0,1251.0,1,0.3333,0
xalan,2.5,xalan-2.5.csv,org.apache.xpath.functions.FuncQname,2,5,0,5,7,1,0,5,2,2.0,35,0.0,0,0.982142857,0.75,2,7,16.5,1,0.5,1
xalan,2.5,xalan-2.5.csv,org.apache.xpath.axes.IteratorPool,4,1,0,4,13,0,2,2,4,0.166666667,76,1.0,1,0.0,0.75,0,0,17.5,2,1.0,1
xalan,2.5,xalan-2.5.csv,org.apache.xalan.xsltc.compiler.RelativeLocationPath,3,3,2,4,4,3,3,1,2,2.0,6,0.0,0,0.97260274,0.666666667,0,0,1.0,1,0.6667,0
xalan,2.5,xalan-2.5.csv,org.apache.xalan.xsltc.DOMCache,1,1,0,6,1,0,4,2,1,2.0,1,0.0,0,0.0,1.0,0,0,0.0,1,1.0,1
xalan,2.5,xalan-2.5.csv,org.apache.xpath.ExtensionsProvider,4,1,0,4,4,6,4,1,4,2.0,4,0.0,0,0.0,0.55,0,0,0.0,1,1.0,0
xalan,2.5,xalan-2.5.csv,org.apache.xalan.templates.XSLTVisitable,1,1,0,4,1,0,3,1,1,2.0,1,0.0,0,0.0,1.0,0,0,0.0,1,1.0,0
xalan,2.5,xalan-2.5.csv,org.apache.xalan.xsltc.trax.DOM2TO,22,1,0,2,49,221,1,1,20,0.964285714,341,1.0,1,0.0,0.143939394,0,0,14.31818182,2,1.0,2
xalan,2.5,xalan-2.5.csv,org.apache.xalan.xpath.XNull,10,2,0,6,19,0,2,4,10,0.111111111,58,0.0,1,0.689655172,0.325,1,1,4.7,1,0.9,0
xalan,2.5,xalan-2.5.csv,org.apache.xalan.trace.TraceListener,3,1,0,8,3,3,5,3,3,2.0,3,0.0,0,0.0,0.5,0,0,0.0,1,1.0,1
xalan,2.5,xalan-2.5.csv,org.apache.xml.utils.res.XResources_en,3,4,0,1,4,1,0,1,2,0.5,314,0.0,0,0.976190476,1.0,0,0,103.3333333,1,0.3333,1
xalan,2.5,xalan-2.5.csv,org.apache.xalan.xsltc.compiler.VariableRefBase,7,3,3,16,22,0,10,9,7,0.416666667,146,1.0,2,0.934210526,0.357142857,2,4,19.57142857,3,1.1429,0
xalan,2.5,xalan-2.5.csv,org.apache.xalan.templates.ElemCallTemplate,13,4,1,16,49,40,2,14,13,0.638888889,352,0.666666667,3,0.946902655,0.188034188,4,11,25.84615385,2,1.1538,1
xalan,2.5,xalan-2.5.csv,org.apache.xpath.XPathException,13,4,1,4,26,8,2,2,12,0.541666667,257,0.5,0,0.771428571,0.269230769,2,4,18.61538462,5,1.8462,1
xalan,2.5,xalan-2.5.csv,org.apache.xml.utils.synthetic.SynthesisException,4,3,0,6,5,0,6,0,2,1.095238095,54,0.0,0,0.944444444,0.666666667,0,0,10.75,1,0.25,1
xalan,2.5,xalan-2.5.csv,org.apache.xalan.xsltc.dom.Filter,1,1,0,2,1,0,2,0,1,2.0,1,0.0,0,0.0,1.0,0,0,0.0,1,1.0,0
xalan,2.5,xalan-2.5.csv,org.apache.xalan.xsltc.dom.ForwardPositionIterator,7,2,0,3,19,0,0,3,7,0.0,64,1.0,1,0.684210526,0.428571429,1,5,8.0,1,0.8571,0
xalan,2.5,xalan-2.5.csv,org.apache.xalan.xsltc.compiler.util.ClassGenerator,10,3,4,124,15,27,120,5,9,0.888888889,87,1.0,2,0.898734177,0.288888889,0,0,6.9,1,0.8,0
xalan,2.5,xalan-2.5.csv,org.apache.xalan.res.XSLTErrorResources_en,1,4,0,1,2,0,0,1,1,2.0,4,0.0,0,1.0,1.0,0,0,3.0,0,0.0,1
xalan,2.5,xalan-2.5.csv,org.apache.xalan.xsltc.util.JavaCupRedirect,3,1,0,1,15,3,0,1,3,1.5,124,1.0,0,0.0,0.333333333,0,0,40.0,6,2.6667,0
xalan,2.5,xalan-2.5.csv,org.apache.xalan.xsltc.compiler.KeyPattern,1,6,0,1,2,0,0,1,1,2.0,6,0.0,0,1.0,1.0,0,0,5.0,0,0.0,0
xalan,2.5,xalan-2.5.csv,org.apache.xpath.axes.ChildTestIterator,7,6,5,12,15,1,7,6,5,0.333333333,75,1.0,1,0.962406015,0.342857143,2,5,9.571428571,2,1.0,1
xalan,2.5,xalan-2.5.csv,org.apache.xml.utils.res.XResourceBundleBase,3,3,0,0,4,3,0,0,3,2.0,6,0.0,0,0.95,0.833333333,0,0,1.0,1,0.6667,1
xalan,2.5,xalan-2.5.csv,org.apache.xalan.templates.ElemIf,8,3,0,13,27,0,0,13,7,0.285714286,117,1.0,1,0.965517241,0.270833333,2,5,13.5,2,1.0,1
xalan,2.5,xalan-2.5.csv,org.apache.xalan.xsltc.dom.DOMAdapter,55,1,0,12,112,0,5,7,51,0.831481481,576,1.0,3,0.0,0.214141414,0,0,9.290909091,5,1.4182,1
xalan,2.5,xalan-2.5.csv,org.apache.xml.dtm.ref.dom2dtm.DOM2DTMdefaultNamespaceDeclarationNode,46,1,0,3,53,1009,2,1,45,0.966666667,245,0.0,0,0.0,0.190217391,0,0,4.195652174,1,0.9783,0
xalan,2.5,xalan-2.5.csv,org.apache.xml.utils.XMLCharacterRecognizer,5,1,0,7,10,10,7,0,5,2.0,85,0.0,0,0.0,0.2,0,0,16.0,5,3.0,1
xalan,2.5,xalan-2.5.csv,org.apache.xml.dtm.ref.DTMTreeWalker,10,1,1,6,41,0,3,3,7,0.333333333,437,0.666666667,1,0.0,0.475,0,0,42.4,1,0.8,1
xalan,2.5,xalan-2.5.csv,org.apache.xalan.xsltc.dom.MultipleNodeCounter,4,2,1,6,19,0,1,6,4,0.333333333,164,1.0,1,0.823529412,0.5,1,4,39.75,11,3.25,0
xalan,2.5,xalan-2.5.csv,org.apache.xalan.transformer.ClonerToResultTree,2,1,0,7,24,1,3,4,2,2.0,109,0.0,0,0.0,0.5,0,0,53.5,1,0.5,1
xalan,2.5,xalan-2.5.csv,org.w3c.dom.xpath.XPathResult,9,1,0,0,9,36,0,0,9,1.125,19,0.0,0,0.0,0.555555556,0,0,0.0,1,1.0,0
xalan,2.5,xalan-2.5.csv,org.apache.xml.utils.PrefixResolverDefault,5,1,1,5,17,8,4,1,5,0.75,107,0.0,0,0.0,0.6,0,0,20.2,12,3.0,2
xalan,2.5,xalan-2.5.csv,org.apache.xalan.lib.ExsltStrings,11,2,0,3,38,49,0,3,10,0.6,402,1.0,1,0.181818182,0.275,0,0,35.36363636,6,2.5455,2
xalan,2.5,xalan-2.5.csv,org.apache.xalan.xsltc.compiler.SourceLoader,1,1,0,6,1,0,6,1,1,2.0,1,0.0,0,0.0,1.0,0,0,0.0,1,1.0,0
xalan,2.5,xalan-2.5.csv,org.apache.xml.utils.SuballocatedByteVector,18,1,0,0,20,3,0,0,10,0.329411765,830,1.0,0,0.0,0.685185185,0,0,44.83333333,8,3.1111,1
xalan,2.5,xalan-2.5.csv,org.apache.xpath.operations.Lte,2,3,0,4,4,1,1,3,2,2.0,13,0.0,0,0.976190476,0.75,1,1,5.5,1,0.5,0
xalan,2.5,xalan-2.5.csv,org.apache.xalan.templates.Constants,1,2,0,1,2,0,0,1,1,2.0,338,0.0,0,0.0,1.0,0,0,3.0,0,0.0,1
xalan,2.5,xalan-2.5.csv,org.apache.xalan.templates.ElemFallback,5,3,0,5,12,10,2,3,5,2.0,39,0.0,0,0.98,0.7,2,4,6.8,1,0.8,2
xalan,2.5,xalan-2.5.csv,org.apache.xpath.objects.LessThanComparator,3,2,0,3,5,3,1,2,0,2.0,24,0.0,0,0.5,0.555555556,0,0,7.0,2,1.3333,0
xalan,2.5,xalan-2.5.csv,org.apache.xpath.operations.Number,3,3,0,7,8,3,2,5,3,2.0,23,0.0,0,0.952380952,0.555555556,1,1,6.666666667,1,0.6667,0
xalan,2.5,xalan-2.5.csv,org.apache.xml.utils.URI,42,1,0,3,68,375,1,2,29,0.780487805,2044,1.0,0,0.0,0.226480836,0,0,47.38095238,33,3.1429,0
xalan,2.5,xalan-2.5.csv,org.apache.xalan.xpath.xml.FormatterToXML,5,2,0,4,7,0,3,1,5,0.0,45,0.0,0,0.966666667,0.4,0,0,7.8,1,0.2,0
xalan,2.5,xalan-2.5.csv,org.apache.xpath.operations.Mult,3,3,0,7,7,3,2,5,3,2.0,25,0.0,0,0.953488372,0.555555556,1,1,7.333333333,1,0.6667,0
xalan,2.5,xalan-2.5.csv,org.apache.xml.serializer.ToStream,71,2,3,23,181,1581,4,20,43,0.878881988,2909,0.739130435,4,0.557692308,0.151020408,2,11,39.64788732,12,1.662,6
xalan,2.5,xalan-2.5.csv,org.apache.xalan.res.XSLTErrorResources_it,4,4,0,1,11,4,0,1,2,1.282051282,3800,0.0,0,0.953488372,0.5,2,2,945.75,2,0.75,0
xalan,2.5,xalan-2.5.csv,org.apache.xalan.xsltc.compiler.ValueOf,5,3,0,20,33,0,1,20,4,0.416666667,237,1.0,1,0.933333333,0.333333333,2,6,45.8,4,2.0,0
xalan,2.5,xalan-2.5.csv,org.apache.xalan.xpath.XPathSupport,0,1,0,5,0,0,5,0,0,2.0,0,0.0,0,0.0,0.0,0,0,0.0,0,0.0,0
xalan,2.5,xalan-2.5.csv,org.apache.xml.utils.Hashtree2Node,2,1,0,1,23,1,1,0,2,2.0,145,0.0,0,0.0,0.5,0,0,71.5,8,4.0,2
xalan,2.5,xalan-2.5.csv,org.apache.xalan.processor.ProcessorStylesheetElement,3,4,0,9,29,3,2,9,2,2.0,107,0.0,0,0.990566038,0.666666667,1,1,34.66666667,1,0.6667,0
xalan,2.5,xalan-2.5.csv,org.apache.xalan.transformer.TransformerIdentityImpl,43,2,0,12,140,573,1,11,41,0.755102041,1105,0.785714286,2,0.236363636,0.153100775,0,0,24.37209302,2,1.0465,4
xalan,2.5,xalan-2.5.csv,org.apache.xml.utils.DOMHelper,26,1,1,14,86,315,9,5,23,0.884444444,1122,0.888888889,6,0.0,0.22,0,0,41.80769231,40,5.0,1
xalan,2.5,xalan-2.5.csv,org.apache.xalan.xsltc.compiler.util.SlotAllocator,4,1,0,4,16,0,1,3,3,0.5,242,1.0,0,0.0,0.4375,0,0,58.5,6,3.0,0
xalan,2.5,xalan-2.5.csv,org.apache.xalan.xpath.XBooleanStatic,2,3,0,3,5,0,0,3,2,0.0,18,0.0,1,0.964285714,0.666666667,1,1,7.5,1,0.5,0
xalan,2.5,xalan-2.5.csv,org.apache.xpath.domapi.XPathNamespaceImpl,39,1,0,1,56,469,1,0,39,0.578947368,198,0.0,0,0.0,0.256410256,0,0,4.051282051,1,0.9744,1
xalan,2.5,xalan-2.5.csv,org.apache.xalan.trace.TraceManager,13,1,0,38,32,0,25,14,13,0.333333333,301,1.0,1,0.0,0.211538462,0,0,22.0,4,1.8462,0
xalan,2.5,xalan-2.5.csv,org.apache.xalan.xsltc.compiler.util.Util,18,1,0,44,38,151,43,1,17,0.941176471,274,0.0,0,0.0,0.235294118,0,0,14.16666667,5,1.6667,1
xalan,2.5,xalan-2.5.csv,org.apache.xalan.xsltc.compiler.util.AttributeSetMethodGenerator,8,5,0,11,15,14,1,10,7,0.839285714,100,1.0,0,0.958333333,0.476190476,1,2,10.5,1,0.75,1
xalan,2.5,xalan-2.5.csv,org.apache.xalan.xsltc.compiler.FilteredAbsoluteLocationPath,7,3,0,18,28,0,0,18,7,0.0,143,1.0,1,0.934210526,0.285714286,2,7,19.28571429,2,1.1429,0
xalan,2.5,xalan-2.5.csv,org.apache.xpath.functions.FuncCurrent,3,3,0,10,12,3,1,9,3,2.0,50,0.0,0,0.95,0.5,1,6,15.66666667,1,0.6667,2
xalan,2.5,xalan-2.5.csv,org.apache.xml.serializer.OutputPropertyUtils,3,1,0,3,7,3,3,0,3,2.0,33,0.0,0,0.0,0.555555556,0,0,10.0,3,1.6667,0
xalan,2.5,xalan-2.5.csv,org.apache.xalan.processor.XSLTElementProcessor,15,3,11,20,48,101,16,6,10,0.821428571,280,1.0,2,0.933333333,0.348148148,0,0,17.53333333,1,0.9333,1
xalan,2.5,xalan-2.5.csv,org.apache.xalan.templates.ElemPI,8,3,0,11,33,8,1,10,8,0.428571429,164,1.0,1,0.965517241,0.3,2,5,19.375,16,2.75,2
xalan,2.5,xalan-2.5.csv,org.apache.xml.dtm.ref.DTMDefaultBaseTraversers,3,2,1,31,28,3,22,29,3,2.0,225,0.0,0,0.989130435,0.761904762,0,0,74.0,5,1.6667,0
xalan,2.5,xalan-2.5.csv,org.apache.xalan.xsltc.compiler.Import,5,3,0,14,45,4,0,14,4,0.5,244,1.0,1,0.9375,0.36,2,5,47.6,11,2.8,2
xalan,2.5,xalan-2.5.csv,org.apache.xml.utils.NodeVector,30,1,1,9,33,0,9,0,30,0.422413793,933,1.0,0,0.0,0.4,0,0,29.96666667,5,2.1667,1
xalan,2.5,xalan-2.5.csv,org.apache.xml.dtm.DTMWSFilter,1,1,0,27,1,0,26,1,1,2.0,4,0.0,0,0.0,1.0,0,0,0.0,1,1.0,0
xalan,2.5,xalan-2.5.csv,org.w3c.dom.xpath.XPathException,1,4,0,0,2,0,0,0,1,2.0,11,0.0,0,1.0,1.0,0,0,7.0,0,0.0,0
xalan,2.5,xalan-2.5.csv,org.apache.xalan.processor.ProcessorStripSpace,2,5,0,8,14,1,1,7,1,2.0,50,0.0,0,0.995283019,0.625,2,2,24.0,1,0.5,0
xalan,2.5,xalan-2.5.csv,org.apache.xalan.xsltc.compiler.XSLTC,57,1,0,24,146,1224,19,9,50,0.895408163,1289,0.828571429,3,0.0,0.115288221,0,0,21.0,16,1.7018,1
xalan,2.5,xalan-2.5.csv,org.apache.xalan.xslt.XSLTResultTarget,21,1,0,4,41,0,3,2,21,0.59,357,1.0,0,0.0,0.261904762,0,0,15.76190476,4,1.619,0
xalan,2.5,xalan-2.5.csv,org.apache.xml.utils.synthetic.reflection.Constructor,5,2,0,3,13,4,2,3,5,1.0,61,1.0,3,0.904761905,0.5,1,1,10.0,1,0.4,1
xalan,2.5,xalan-2.5.csv,org.apache.xalan.xsltc.trax.DOM2SAX,25,1,0,3,71,254,2,1,20,0.892857143,582,1.0,1,0.0,0.152727273,0,0,22.0,3,1.08,0
xalan,2.5,xalan-2.5.csv,org.apache.xml.dtm.SecuritySupport,7,1,1,2,14,19,2,1,5,0.833333333,76,1.0,0,0.0,0.375,0,0,9.714285714,2,0.8571,0
xalan,2.5,xalan-2.5.csv,org.apache.xalan.xsltc.dom.SingletonIterator,8,2,0,4,11,0,2,2,8,0.214285714,105,1.0,0,0.722222222,0.5,1,6,11.875,4,1.125,0
xalan,2.5,xalan-2.5.csv,org.apache.xpath.objects.XNumber,13,3,0,42,36,22,38,5,12,0.416666667,330,0.0,0,0.865853659,0.182692308,2,22,24.30769231,13,2.4615,1
xalan,2.5,xalan-2.5.csv,org.apache.xpath.axes.RTFIterator,1,3,0,4,2,0,2,2,1,2.0,6,0.0,0,1.0,1.0,0,0,5.0,0,0.0,1
xalan,2.5,xalan-2.5.csv,org.apache.xalan.transformer.XalanTransformState,10,1,0,8,21,0,1,8,10,0.711111111,205,0.0,5,0.0,0.4,0,0,18.5,3,1.7,0
xalan,2.5,xalan-2.5.csv,org.apache.xalan.processor.StopParseException,1,4,0,2,2,0,2,0,0,2.0,5,0.0,0,1.0,1.0,0,0,4.0,0,0.0,1
xalan,2.5,xalan-2.5.csv,org.apache.xml.utils.res.XResources_he,3,4,0,1,4,1,0,1,2,0.5,426,0.0,0,0.976190476,1.0,0,0,140.6666667,1,0.3333,1
xalan,2.5,xalan-2.5.csv,org.apache.xalan.processor.StylesheetPIHandler,6,2,0,3,26,3,1,2,6,0.733333333,462,0.0,0,0.772727273,0.458333333,1,1,75.0,2,1.0,1
xalan,2.5,xalan-2.5.csv,org.apache.xalan.xsltc.compiler.CastExpr,9,3,0,57,49,0,33,24,8,0.583333333,536,1.0,2,0.91025641,0.3125,2,7,58.22222222,5,1.3333,0
xalan,2.5,xalan-2.5.csv,org.apache.xml.res.XMLErrorResources,5,3,10,10,16,8,10,0,3,1.243589744,1171,0.0,0,0.926829268,0.333333333,0,0,217.6,2,0.8,1
xalan,2.5,xalan-2.5.csv,org.apache.xml.utils.res.XResources_ja_JP_I,3,4,0,1,4,1,0,1,2,0.5,595,0.0,0,0.976190476,1.0,0,0,197.0,1,0.3333,1
xalan,2.5,xalan-2.5.csv,org.apache.xpath.functions.FuncContains,2,5,0,5,7,1,0,5,2,2.0,36,0.0,0,0.98245614,0.75,1,6,17.0,1,0.5,1
xalan,2.5,xalan-2.5.csv,org.apache.xalan.xsltc.compiler.util.MethodType,14,2,0,10,29,0,8,2,14,0.269230769,332,1.0,1,0.785714286,0.410714286,1,1,22.57142857,6,1.6429,0
xalan,2.5,xalan-2.5.csv,org.apache.xml.utils.FastStringBuffer,29,1,0,24,44,0,23,1,21,0.640625,1655,0.0625,1,0.0,0.242063492,0,0,55.51724138,11,3.0,0
xalan,2.5,xalan-2.5.csv,org.apache.xalan.xsltc.dom.SimpleResultTreeImpl,109,2,1,20,134,5826,5,17,108,0.967948718,837,0.769230769,3,0.475490196,0.153846154,0,0,6.559633028,4,1.1651,0
xalan,2.5,xalan-2.5.csv,org.apache.xml.serializer.ToSAXHandler,22,2,3,6,42,143,4,2,19,0.714285714,251,1.0,1,0.820754717,0.217171717,1,4,10.27272727,3,1.0455,2
xalan,2.5,xalan-2.5.csv,org.apache.xalan.transformer.QueuedEvents,7,1,0,2,10,13,0,2,2,0.861111111,99,0.75,2,0.0,0.571428571,0,0,11.42857143,1,0.8571,0
xalan,2.5,xalan-2.5.csv,org.apache.xalan.xpath.XNodeSet,20,2,0,12,48,0,2,10,18,0.447368421,184,0.0,2,0.540540541,0.258333333,1,1,8.1,2,0.9,0
xalan,2.5,xalan-2.5.csv,org.apache.xpath.functions.FuncSum,2,4,0,8,11,1,0,8,2,2.0,44,0.0,0,0.979591837,0.75,1,6,21.0,1,0.5,1
xalan,2.5,xalan-2.5.csv,org.apache.xalan.xpath.xml.ProblemListenerDefault,13,2,0,3,36,0,1,2,13,0.083333333,369,0.0,1,0.5,0.230769231,0,0,27.30769231,2,1.0,0
xalan,2.5,xalan-2.5.csv,org.apache.xalan.xsltc.dom.NthIterator,10,2,0,3,21,0,0,3,10,0.62962963,99,1.0,1,0.590909091,0.35,1,7,8.6,2,1.1,0
xalan,2.5,xalan-2.5.csv,org.apache.xalan.templates.StylesheetComposed,11,4,1,17,45,39,10,10,9,0.8,333,1.0,0,0.964285714,0.309090909,1,2,28.90909091,4,1.5455,0
xalan,2.5,xalan-2.5.csv,org.apache.xpath.domapi.XPathNSResolverImpl,2,2,0,2,4,1,1,1,2,2.0,10,0.0,0,0.8,0.666666667,0,0,4.0,1,0.5,1
xalan,2.5,xalan-2.5.csv,org.apache.xalan.xsltc.compiler.ForwardPositionExpr,5,3,0,16,20,0,2,14,5,0.0,86,1.0,1,0.946666667,0.333333333,2,7,16.0,2,1.0,0
xalan,2.5,xalan-2.5.csv,org.apache.xpath.functions.FuncTranslate,2,6,0,5,12,1,0,5,2,2.0,70,0.0,0,0.984615385,0.75,1,6,34.0,1,0.5,1
xalan,2.5,xalan-2.5.csv,org.apache.xalan.xsltc.compiler.util.NumberType,3,2,2,5,4,3,4,1,3,2.0,10,0.0,0,0.942857143,1.0,0,0,2.333333333,1,0.6667,0
xalan,2.5,xalan-2.5.csv,org.apache.xalan.processor.ProcessorCharacters,5,4,0,9,31,2,2,7,4,0.333333333,151,1.0,1,0.981308411,0.4,1,2,28.6,1,0.8,0
xalan,2.5,xalan-2.5.csv,org.apache.xalan.extensions.ExtensionNamespacesManager,9,1,0,7,29,12,5,2,8,0.625,581,1.0,0,0.0,0.416666667,0,0,63.22222222,7,2.5556,1
xalan,2.5,xalan-2.5.csv,org.apache.xalan.extensions.ExtensionNamespaceSupport,3,1,0,5,12,0,4,1,3,0.5,133,0.0,0,0.0,0.555555556,0,0,42.0,1,0.6667,0
xalan,2.5,xalan-2.5.csv,org.apache.xalan.processor.ProcessorExsltFuncResult,2,5,0,8,8,1,1,7,2,2.0,57,0.0,0,0.995327103,0.625,1,1,27.5,1,0.5,1
xalan,2.5,xalan-2.5.csv,org.apache.xalan.processor.ProcessorTemplateElem,4,4,8,14,23,6,9,5,3,2.0,94,0.0,0,0.985915493,0.55,1,1,22.5,1,0.75,1
xalan,2.5,xalan-2.5.csv,org.apache.xalan.lib.sql.DefaultConnectionPool,20,1,0,4,53,70,1,3,16,0.795321637,451,0.888888889,0,0.0,0.214285714,0,0,21.1,3,1.25,1
xalan,2.5,xalan-2.5.csv,org.apache.xalan.templates.ElemExsltFuncResult,5,4,0,9,13,10,3,6,5,2.0,54,0.0,0,0.981900452,0.6,3,7,9.8,3,1.2,2
xalan,2.5,xalan-2.5.csv,org.apache.xml.utils.WrappedRuntimeException,3,4,0,39,5,0,39,0,3,0.0,22,1.0,0,0.944444444,0.666666667,0,0,6.0,1,0.3333,0
xalan,2.5,xalan-2.5.csv,org.apache.xalan.templates.ElemParam,6,4,0,18,21,15,7,11,6,1.0,80,0.0,0,0.981900452,0.375,3,8,12.16666667,1,0.6667,2
xalan,2.5,xalan-2.5.csv,org.apache.xpath.patterns.FunctionPattern,7,4,0,12,18,0,3,10,6,0.166666667,156,0.0,1,0.931034483,0.367346939,3,16,21.14285714,2,1.0,1
xalan,2.5,xalan-2.5.csv,org.apache.xml.utils.Constants,1,1,1,1,2,0,1,0,1,2.0,26,0.0,0,0.0,1.0,0,0,3.0,0,0.0,1
xalan,2.5,xalan-2.5.csv,org.apache.xml.dtm.ref.DTMDefaultBaseIterators,4,3,3,54,36,6,46,31,4,2.0,243,0.0,0,0.978723404,0.642857143,0,0,59.75,2,1.0,0
xalan,2.5,xalan-2.5.csv,org.apache.xalan.xsltc.compiler.StringLengthCall,2,4,0,11,13,1,0,11,2,2.0,44,0.0,0,0.989690722,0.6,2,4,21.0,2,1.0,0
xalan,2.5,xalan-2.5.csv,org.apache.xalan.xsltc.runtime.AttributeList,17,1,0,3,39,62,2,1,16,0.7578125,276,1.0,1,0.0,0.441176471,0,0,14.76470588,4,1.4706,0
xalan,2.5,xalan-2.5.csv,org.apache.xalan.processor.XSLTAttributeDef,43,1,0,14,93,783,4,10,1,0.962585034,1969,0.166666667,2,0.0,0.328042328,0,0,43.81395349,19,1.5349,2
xalan,2.5,xalan-2.5.csv,org.apache.xalan.xsltc.compiler.LiteralExpr,8,3,0,16,18,4,5,11,5,0.571428571,75,1.0,0,0.922077922,0.325,2,8,8.125,1,0.75,0
xalan,2.5,xalan-2.5.csv,org.apache.xalan.xsltc.compiler.Text,10,3,0,19,33,0,6,15,7,0.583333333,262,1.0,0,0.875,0.266666667,2,6,24.8,10,2.1,0
xalan,2.5,xalan-2.5.csv,org.apache.xml.utils.BoolStack,13,1,0,9,16,0,9,0,12,0.361111111,160,1.0,0,0.0,0.41025641,0,0,11.07692308,2,1.2308,1
xalan,2.5,xalan-2.5.csv,org.apache.xml.utils.PrefixForUriEnumerator,3,1,0,1,9,0,1,1,2,0.0,67,1.0,1,0.0,0.5,0,0,20.0,3,1.6667,0
xalan,2.5,xalan-2.5.csv,org.apache.xpath.functions.FuncDoclocation,2,5,0,5,9,1,0,5,2,2.0,43,0.0,0,0.982142857,0.75,2,7,20.5,1,0.5,1
xalan,2.5,xalan-2.5.csv,org.apache.xalan.processor.ProcessorImport,3,5,0,2,4,3,1,1,0,2.0,10,0.0,0,0.990950226,1.0,1,1,2.333333333,1,0.6667,0
xalan,2.5,xalan-2.5.csv,org.apache.xalan.xsltc.dom.BitArray,17,1,0,2,24,0,2,0,16,0.6875,622,0.833333333,0,0.0,0.291666667,0,0,34.88235294,10,2.2353,0
xalan,2.5,xalan-2.5.csv,org.apache.xalan.templates.ElemMessage,6,3,0,5,17,3,0,5,6,0.4,60,1.0,0,0.975124378,0.444444444,2,4,8.833333333,1,0.8333,1
xalan,2.5,xalan-2.5.csv,org.apache.xalan.xsltc.compiler.RoundCall,2,4,0,15,13,1,0,15,2,2.0,61,0.0,0,0.989690722,0.6,2,4,29.5,1,0.5,1
xalan,2.5,xalan-2.5.csv,org.apache.xalan.transformer.ResultNameSpace,1,1,0,0,2,0,0,0,1,2.0,16,0.0,1,0.0,1.0,0,0,12.0,0,0.0,1
xalan,2.5,xalan-2.5.csv,org.apache.xpath.operations.Gte,2,3,0,4,4,1,1,3,2,2.0,13,0.0,0,0.976190476,0.75,1,1,5.5,1,0.5,0
xalan,2.5,xalan-2.5.csv,org.apache.xalan.xsltc.trax.XSLTCSource,9,1,0,9,34,0,1,8,8,0.458333333,206,1.0,1,0.0,0.416666667,0,0,21.55555556,2,0.8889,1
xalan,2.5,xalan-2.5.csv,org.apache.xalan.templates.XUnresolvedVariable,6,3,0,7,23,9,1,7,6,0.833333333,134,1.0,1,0.934210526,0.361111111,2,12,20.33333333,1,0.8333,0
xalan,2.5,xalan-2.5.csv,org.apache.xml.serializer.CharInfo,8,1,0,7,51,14,3,4,4,0.80952381,419,0.333333333,1,0.0,0.619047619,0,0,50.25,6,1.375,2
xalan,2.5,xalan-2.5.csv,org.apache.xml.dtm.ref.DTMNodeListBase,3,1,3,3,4,3,3,0,3,2.0,10,0.0,0,0.0,0.666666667,0,0,2.333333333,1,0.6667,0
xalan,2.5,xalan-2.5.csv,org.apache.xalan.transformer.Counter,3,1,0,5,8,0,1,4,0,0.833333333,84,0.0,2,0.0,0.466666667,0,0,25.0,4,2.0,1
xalan,2.5,xalan-2.5.csv,org.apache.xalan.xsltc.compiler.NotCall,3,4,0,14,12,3,1,13,3,2.0,56,0.0,0,0.979591837,0.6,2,6,17.66666667,1,0.6667,0
xalan,2.5,xalan-2.5.csv,org.apache.xalan.templates.ElemUse,7,3,4,9,16,0,4,6,6,0.166666667,119,1.0,1,0.97029703,0.428571429,0,0,15.85714286,2,1.0,2
xalan,2.5,xalan-2.5.csv,org.apache.xpath.functions.Function3Args,9,5,4,12,23,6,5,8,8,0.375,124,0.0,1,0.875,0.355555556,4,15,12.66666667,6,1.7778,1
xalan,2.5,xalan-2.5.csv,org.apache.xpath.objects.XObjectFactory,3,1,0,13,19,3,1,13,3,2.0,207,0.0,0,0.0,0.444444444,0,0,68.0,11,5.3333,0
xalan,2.5,xalan-2.5.csv,org.apache.xalan.templates.TemplateList,22,1,0,18,74,121,3,17,9,0.680272109,943,0.857142857,4,0.0,0.180952381,0,0,41.54545455,19,3.0455,2
xalan,2.5,xalan-2.5.csv,org.apache.xml.dtm.DTMConfigurationException,6,5,0,2,11,15,1,1,6,2.0,34,0.0,0,1.0,0.625,0,0,4.666666667,0,0.0,0
xalan,2.5,xalan-2.5.csv,org.apache.xpath.functions.FuncLast,5,3,0,8,12,8,1,7,5,0.5,59,1.0,0,0.904761905,0.4,1,6,10.6,2,1.0,1
xalan,2.5,xalan-2.5.csv,org.apache.xalan.transformer.KeyTable,8,1,0,16,42,8,2,15,4,0.607142857,246,1.0,1,0.0,0.321428571,0,0,29.25,4,1.875,1
xalan,2.5,xalan-2.5.csv,org.apache.xml.serializer.WriterToASCI,7,2,0,1,13,0,1,0,7,0.0,65,1.0,0,0.684210526,0.342857143,1,2,8.142857143,1,0.8571,0
xalan,2.5,xalan-2.5.csv,org.apache.xalan.xsltc.trax.TemplatesImpl,16,1,0,7,34,10,4,6,7,0.586666667,399,1.0,2,0.0,0.214814815,0,0,23.3125,1,0.75,2
xalan,2.5,xalan-2.5.csv,org.apache.xalan.xsltc.compiler.Key,6,3,0,35,53,0,1,34,5,0.55,570,1.0,4,0.923076923,0.361111111,2,5,93.33333333,4,1.5,1
xalan,2.5,xalan-2.5.csv,org.apache.xalan.xsltc.runtime.AbstractTranslet,37,1,0,25,101,552,10,15,35,0.919871795,899,0.576923077,7,0.0,0.18018018,0,0,22.59459459,12,2.1081,1
xalan,2.5,xalan-2.5.csv,org.apache.xpath.functions.FuncGenerateId,2,5,0,4,10,1,0,4,2,2.0,28,0.0,0,0.982142857,0.75,2,7,13.0,1,0.5,1
xalan,2.5,xalan-2.5.csv,org.apache.xml.dtm.DTMManager,19,1,2,53,24,157,44,10,17,0.99382716,94,0.444444444,1,0.0,0.157407407,0,0,3.473684211,1,0.8947,0
xalan,2.5,xalan-2.5.csv,org.apache.xalan.xsltc.ProcessorVersion,3,1,0,0,9,1,0,0,2,0.5,44,1.0,0,0.0,0.5,0,0,12.66666667,2,0.6667,0
xalan,2.5,xalan-2.5.csv,org.apache.xpath.objects.XBooleanStatic,2,4,0,5,5,0,3,3,2,0.0,25,0.0,0,0.987341772,0.666666667,2,3,11.0,2,1.0,1
xalan,2.5,xalan-2.5.csv,org.apache.xalan.transformer.TransformerClient,1,1,0,2,1,0,1,1,1,2.0,1,0.0,0,0.0,1.0,0,0,0.0,1,1.0,0
xalan,2.5,xalan-2.5.csv,org.apache.xpath.functions.FuncStartsWith,2,5,0,6,6,1,0,6,2,2.0,21,0.0,0,0.98245614,0.75,1,6,9.5,1,0.5,1
xalan,2.5,xalan-2.5.csv,org.apache.xalan.lib.sql.DTMDocument,96,4,2,15,197,0,2,13,66,0.919838057,2568,1.0,2,0.497354497,0.180871212,1,26,25.61458333,11,2.0938,1
xalan,2.5,xalan-2.5.csv,org.apache.xpath.operations.String,2,3,0,5,4,1,1,4,2,2.0,9,0.0,0,0.975609756,0.75,1,1,3.5,1,0.5,0
xalan,2.5,xalan-2.5.csv,org.apache.xalan.xsltc.compiler.Predicate,21,3,0,61,108,68,4,60,20,0.765,1079,1.0,4,0.78021978,0.210884354,2,8,49.9047619,12,3.1429,4
xalan,2.5,xalan-2.5.csv,org.apache.xml.dtm.DTMIterator,25,1,0,53,25,300,52,2,25,1.041666667,28,0.0,0,0.0,0.34,0,0,0.0,1,1.0,0
xalan,2.5,xalan-2.5.csv,org.apache.xml.utils.StringBufferPool,5,1,0,7,13,4,5,2,3,0.75,44,0.5,1,0.0,0.25,0,0,7.4,1,0.6,1
xalan,2.5,xalan-2.5.csv,org.apache.xalan.templates.AVTPartSimple,5,2,0,6,7,4,1,5,5,0.5,22,1.0,0,0.555555556,0.325,0,0,3.2,1,0.8,1
xalan,2.5,xalan-2.5.csv,org.apache.xalan.xsltc.trax.TransformerFactoryImpl,34,3,0,14,143,369,5,13,24,0.903263403,1703,0.576923077,0,0.384615385,0.142857143,1,2,48.32352941,17,2.0882,5
xalan,2.5,xalan-2.5.csv,org.apache.xml.utils.SuballocatedIntVector,20,1,0,15,22,8,15,0,13,0.552631579,901,1.0,0,0.0,0.875,0,0,43.55,8,2.95,1
xalan,2.5,xalan-2.5.csv,org.w3c.dom.xpath.XPathExpression,1,1,0,0,1,0,0,0,1,2.0,1,0.0,0,0.0,1.0,0,0,0.0,1,1.0,0
xalan,2.5,xalan-2.5.csv,org.apache.xml.utils.NSInfo,3,1,0,1,4,0,1,0,3,0.642857143,55,0.0,0,0.0,0.666666667,0,0,15.0,0,0.0,1
xalan,2.5,xalan-2.5.csv,org.apache.xalan.xsltc.compiler.FunctionCall,28,3,23,60,138,124,24,36,15,0.931372549,2406,0.882352941,4,0.739583333,0.128205128,3,10,83.71428571,15,3.1786,1
xalan,2.5,xalan-2.5.csv,org.apache.xalan.xsltc.compiler.ElementAvailableCall,5,4,0,17,19,10,0,17,5,2.0,85,0.0,0,0.96,0.333333333,3,12,16.0,2,1.2,0
xalan,2.5,xalan-2.5.csv,org.apache.xpath.ExpressionNode,5,1,0,44,5,10,44,0,5,2.0,5,0.0,0,0.0,0.6,0,0,0.0,1,1.0,0
xalan,2.5,xalan-2.5.csv,org.apache.xpath.axes.LocPathIterator,52,4,8,37,84,1016,21,20,45,0.85130719,665,0.833333333,4,0.616,0.145104895,2,9,11.55769231,12,1.4231,1
xalan,2.5,xalan-2.5.csv,org.apache.xml.utils.SerializableLocatorImpl,10,1,0,0,15,37,0,0,10,0.777777778,64,1.0,0,0.0,0.375,0,0,5.0,1,0.8,0
xalan,2.5,xalan-2.5.csv,org.apache.xpath.objects.EqualComparator,3,2,0,3,5,3,1,2,0,2.0,18,0.0,0,0.5,0.555555556,0,0,5.0,2,1.0,0
xalan,2.5,xalan-2.5.csv,org.apache.xalan.xsltc.runtime.output.WriterOutputBuffer,6,1,0,1,16,0,0,1,5,0.733333333,88,1.0,0,0.0,0.333333333,0,0,13.16666667,1,0.6667,0
xalan,2.5,xalan-2.5.csv,org.apache.xml.dtm.ref.DTMAxisIterNodeList,5,2,0,5,12,0,1,4,4,0.4375,119,1.0,3,0.4,0.4,0,0,22.0,7,2.2,0
xalan,2.5,xalan-2.5.csv,org.apache.xml.serializer.EmptySerializer,81,1,2,5,82,3240,2,3,80,1.0125,266,1.0,0,0.0,0.096707819,0,0,2.271604938,1,0.9877,0
xalan,2.5,xalan-2.5.csv,org.apache.xml.dtm.ref.DTMAxisIteratorBase,14,1,19,21,21,59,19,2,12,0.807692308,163,1.0,0,0.0,0.404761905,0,0,10.21428571,5,1.4286,1
xalan,2.5,xalan-2.5.csv,org.apache.xml.dtm.ref.CustomStringPool,4,2,0,1,15,0,0,1,4,0.833333333,62,0.0,0,0.571428571,0.5,1,4,14.0,3,1.5,0
xalan,2.5,xalan-2.5.csv,org.apache.xpath.SourceTreeManager,13,1,0,8,46,42,4,5,13,0.625,339,0.5,0,0.0,0.340659341,0,0,24.92307692,5,1.8462,0
xalan,2.5,xalan-2.5.csv,org.apache.xalan.xsltc.compiler.IllegalCharException,1,3,0,0,2,0,0,0,1,2.0,5,0.0,0,1.0,1.0,0,0,4.0,0,0.0,0
xalan,2.5,xalan-2.5.csv,org.apache.xml.dtm.ref.DTMNodeProxy,121,1,0,13,151,5992,7,6,120,0.794444444,1009,0.0,1,0.0,0.185185185,0,0,7.314049587,4,1.1818,1
xalan,2.5,xalan-2.5.csv,org.apache.xalan.xsltc.compiler.Stylesheet,55,2,0,65,186,1287,27,50,44,0.948888889,1928,0.92,6,0.5,0.101604278,2,6,33.6,9,2.1273,4
xalan,2.5,xalan-2.5.csv,org.apache.xpath.operations.Mod,3,3,0,7,7,3,2,5,3,2.0,25,0.0,0,0.953488372,0.555555556,1,1,7.333333333,1,0.6667,0
xalan,2.5,xalan-2.5.csv,org.apache.xml.serializer.AttributesImplSerializer,5,2,0,6,19,0,6,0,5,0.0,91,1.0,0,0.857142857,0.533333333,1,3,17.0,2,1.2,0
xalan,2.5,xalan-2.5.csv,org.apache.xpath.objects.XNodeSetForDOM,7,5,0,5,18,0,1,4,7,0.0,115,0.0,0,0.978417266,0.285714286,3,14,15.28571429,1,0.4286,0
xalan,2.5,xalan-2.5.csv,org.apache.xalan.xsltc.compiler.util.VoidType,9,2,0,13,20,36,1,13,8,2.0,85,0.0,0,0.804878049,0.351851852,2,3,8.444444444,2,1.2222,0
xalan,2.5,xalan-2.5.csv,org.apache.xpath.functions.FuncNumber,2,5,0,4,5,1,0,4,2,2.0,12,0.0,0,0.982142857,0.75,2,7,5.0,1,0.5,1
xalan,2.5,xalan-2.5.csv,org.apache.xpath.patterns.UnionPattern,9,2,0,12,20,0,4,10,8,0.125,212,1.0,1,0.789473684,0.197530864,1,7,22.44444444,7,2.4444,1
xalan,2.5,xalan-2.5.csv,org.apache.xalan.xsltc.compiler.FilterExpr,7,3,0,21,38,0,1,21,6,0.083333333,282,1.0,1,0.922077922,0.306122449,2,9,39.0,3,1.7143,1
xalan,2.5,xalan-2.5.csv,org.apache.xpath.operations.Operation,12,2,14,22,23,0,17,7,12,0.363636364,149,1.0,2,0.731707317,0.21875,1,7,11.25,5,1.5833,0
xalan,2.5,xalan-2.5.csv,org.apache.xalan.xsltc.runtime.BasisLibrary,59,1,0,31,173,1695,17,17,54,1.001915709,2363,0.333333333,0,0.0,0.114224138,0,0,38.59322034,49,4.4915,6
xalan,2.5,xalan-2.5.csv,org.apache.xpath.objects.XString,49,3,2,43,100,1176,34,12,46,1.0,740,0.0,1,0.606837607,0.122222222,3,21,14.08163265,16,1.8571,1
xalan,2.5,xalan-2.5.csv,org.apache.xalan.xsltc.StripFilter,1,1,0,9,1,0,9,1,1,2.0,1,0.0,0,0.0,1.0,0,0,0.0,1,1.0,0
xalan,2.5,xalan-2.5.csv,org.apache.xalan.serialize.Serializer,9,1,0,3,9,36,2,1,9,2.0,9,0.0,0,0.0,0.333333333,0,0,0.0,1,1.0,0
xalan,2.5,xalan-2.5.csv,org.apache.xalan.xsltc.trax.TrAXFilter,6,2,0,4,25,13,2,2,5,0.9,104,1.0,1,0.871794872,0.305555556,1,1,16.0,2,1.0,0
xalan,2.5,xalan-2.5.csv,org.apache.xml.utils.QName,28,1,0,53,49,268,49,4,28,0.562962963,732,0.8,0,0.0,0.285714286,1,1,24.96428571,9,1.4286,2
xalan,2.5,xalan-2.5.csv,org.apache.xml.serializer.SerializerFactory,3,1,0,10,15,3,6,4,2,1.0,97,1.0,0,0.0,0.5,0,0,31.0,5,1.6667,1
xalan,2.5,xalan-2.5.csv,org.apache.xalan.xsltc.runtime.StringValueHandler,8,2,0,2,19,0,1,1,8,0.657142857,183,1.0,0,0.932692308,0.35,0,0,21.25,5,1.625,0
xalan,2.5,xalan-2.5.csv,org.apache.xpath.axes.FilterExprIteratorSimple,16,5,0,16,44,8,4,13,14,0.75,261,1.0,2,0.899280576,0.18125,3,10,15.0625,4,1.4375,0
xalan,2.5,xalan-2.5.csv,org.apache.xml.serializer.Serializer,9,1,0,11,9,36,10,1,9,2.0,9,0.0,0,0.0,0.333333333,0,0,0.0,1,1.0,0
xalan,2.5,xalan-2.5.csv,org.apache.xpath.objects.XStringForFSB,31,4,0,10,59,117,1,10,29,0.5,823,0.5,0,0.802721088,0.150537634,4,20,25.41935484,14,2.9032,0
xalan,2.5,xalan-2.5.csv,org.apache.xml.utils.synthetic.JavaUtils,5,1,0,0,18,4,0,0,3,0.625,157,1.0,0,0.0,0.25,0,0,30.0,6,1.8,1
xalan,2.5,xalan-2.5.csv,org.apache.xalan.Version,9,1,0,1,15,36,0,1,9,2.0,69,0.0,0,0.0,0.111111111,0,0,6.666666667,2,1.0,1
xalan,2.5,xalan-2.5.csv,org.apache.xpath.objects.XMLStringFactoryImpl,7,2,0,8,11,19,4,6,6,0.833333333,39,1.0,1,0.444444444,0.333333333,0,0,4.428571429,1,0.7143,1
xalan,2.5,xalan-2.5.csv,org.apache.xpath.operations.VariableSafeAbsRef,2,3,0,9,11,1,1,8,2,2.0,39,0.0,0,0.97826087,0.666666667,1,1,18.5,1,0.5,0
xalan,2.5,xalan-2.5.csv,org.apache.xalan.templates.ElemAttributeSet,8,4,0,10,24,16,6,7,8,0.571428571,97,0.0,1,0.966507177,0.3,2,4,11.0,3,1.125,2
xalan,2.5,xalan-2.5.csv,org.apache.xpath.objects.GreaterThanComparator,3,2,0,3,5,3,1,2,0,2.0,24,0.0,0,0.5,0.555555556,0,0,7.0,2,1.3333,0
xalan,2.5,xalan-2.5.csv,org.apache.xml.utils.PrefixResolver,4,1,0,69,4,6,69,0,4,2.0,4,0.0,0,0.0,0.583333333,0,0,0.0,1,1.0,1
xalan,2.5,xalan-2.5.csv,org.apache.xalan.transformer.CountersTable,5,3,0,7,23,8,3,5,2,0.875,198,0.5,1,0.904761905,0.44,0,0,38.2,2,1.2,1
xalan,2.5,xalan-2.5.csv,org.apache.xalan.xsltc.compiler.CallTemplate,6,3,0,18,40,3,1,18,5,0.4,183,1.0,1,0.918032787,0.305555556,1,6,29.33333333,5,1.6667,4
xalan,2.5,xalan-2.5.csv,org.apache.xalan.xsltc.NodeIterator,10,1,0,1,10,45,1,0,10,1.111111111,11,0.0,0,0.0,0.4,0,0,0.0,1,1.0,0
xalan,2.5,xalan-2.5.csv,org.apache.xalan.xsltc.compiler.NameBase,5,4,3,17,21,0,3,14,5,0.25,149,1.0,2,0.96969697,0.366666667,3,14,28.4,4,1.2,0
xalan,2.5,xalan-2.5.csv,org.apache.xalan.xsltc.compiler.util.BooleanType,21,2,0,49,56,208,17,36,19,0.95,317,0.0,0,0.622641509,0.216450216,1,2,14.04761905,4,1.4762,0
xalan,2.5,xalan-2.5.csv,org.apache.xalan.xsltc.compiler.Constants,0,1,0,6,0,0,5,1,0,2.0,203,0.0,0,0.0,0.0,0,0,0.0,0,0.0,1
xalan,2.5,xalan-2.5.csv,org.apache.xalan.xsltc.runtime.output.TransletOutputHandlerFactory,13,1,0,12,32,34,3,9,13,0.826388889,289,0.75,0,0.0,0.201923077,0,0,20.30769231,2,1.0769,0
xalan,2.5,xalan-2.5.csv,org.apache.xml.utils.synthetic.TestDriver,7,1,0,5,33,15,1,5,4,0.833333333,189,0.5,0,0.0,0.233333333,0,0,25.71428571,2,0.8571,1
xalan,2.5,xalan-2.5.csv,org.apache.xalan.templates.ElemExtensionCall,10,5,0,20,49,39,4,17,8,1.022222222,285,0.0,1,0.963709677,0.333333333,3,7,27.0,5,1.7,2
xalan,2.5,xalan-2.5.csv,org.apache.xml.utils.res.XResources_zh_TW,3,4,0,1,4,1,0,1,2,0.5,499,0.0,0,0.976190476,1.0,0,0,165.0,1,0.3333,1
xalan,2.5,xalan-2.5.csv,org.apache.xalan.xsltc.compiler.ProcessingInstruction,4,3,0,17,26,0,0,17,3,0.333333333,123,1.0,1,0.949152542,0.4,2,6,29.5,2,1.0,1
xalan,2.5,xalan-2.5.csv,org.apache.xml.utils.StringToIntTable,8,1,0,2,12,0,2,0,8,0.523809524,217,0.833333333,0,0.0,0.583333333,0,0,25.375,4,1.875,1
xalan,2.5,xalan-2.5.csv,org.apache.xpath.operations.Equals,3,3,0,6,7,3,1,5,3,2.0,40,0.0,0,0.953488372,0.555555556,2,2,12.33333333,1,0.6667,0
xalan,2.5,xalan-2.5.csv,org.apache.xalan.xsltc.compiler.LastCall,4,4,0,13,13,6,1,12,4,2.0,59,0.0,0,0.96969697,0.4375,2,4,13.75,3,1.25,0
xalan,2.5,xalan-2.5.csv,org.apache.xml.dtm.ref.CoroutineManager,6,1,0,4,17,0,3,1,6,0.7,183,0.0,0,0.0,0.722222222,0,0,28.5,7,1.8333,1
xalan,2.5,xalan-2.5.csv,org.apache.xpath.functions.FuncStringLength,2,5,0,5,6,1,0,5,2,2.0,14,0.0,0,0.982142857,0.75,2,7,6.0,1,0.5,1
xalan,2.5,xalan-2.5.csv,org.apache.xalan.xsltc.dom.NodeSortRecord,11,1,0,7,25,3,2,6,8,0.733333333,303,0.777777778,3,0.0,0.328571429,0,0,24.90909091,5,1.2727,2
xalan,2.5,xalan-2.5.csv,org.apache.xalan.xsltc.runtime.HashtableEntry,2,1,0,2,3,1,2,0,0,1.0,38,0.0,1,0.0,1.0,0,0,16.0,2,1.0,0
xalan,2.5,xalan-2.5.csv,org.apache.xml.utils.IntVector,20,1,1,5,22,0,5,0,20,0.342105263,497,1.0,0,0.0,0.6,0,0,23.65,4,1.75,1
xalan,2.5,xalan-2.5.csv,org.apache.xalan.lib.ExsltMath,20,2,0,2,48,188,0,2,19,0.947368421,312,1.0,0,0.1,0.25,0,0,14.25,10,2.15,1
xalan,2.5,xalan-2.5.csv,org.apache.xalan.xsltc.compiler.util.ErrorMessages,3,3,1,1,4,1,1,0,2,0.5,1248,1.0,0,0.974358974,1.0,0,0,414.6666667,1,0.3333,1
xalan,2.5,xalan-2.5.csv,org.apache.xalan.xsltc.compiler.KeyCall,4,4,0,33,45,0,1,32,3,0.083333333,524,1.0,4,0.96969697,0.458333333,3,7,129.0,8,2.5,0
xalan,2.5,xalan-2.5.csv,org.apache.xpath.objects.XObject,42,2,7,145,68,819,132,15,40,0.953929539,465,0.111111111,0,0.428571429,0.112244898,2,8,9.857142857,4,1.1667,1
xalan,2.5,xalan-2.5.csv,org.apache.xml.utils.SystemIDResolver,8,1,0,15,31,28,13,2,6,2.0,287,0.0,0,0.0,0.5,0,0,34.875,7,3.5,3
xalan,2.5,xalan-2.5.csv,org.apache.xml.dtm.ref.DTMStringPool,6,1,2,6,25,3,5,1,6,0.56,424,0.0,1,0.0,0.375,0,0,68.83333333,8,2.8333,0
xalan,2.5,xalan-2.5.csv,org.apache.xpath.functions.FuncNot,2,4,0,5,5,1,0,5,2,2.0,15,0.0,0,0.979591837,0.75,1,6,6.5,1,0.5,1
xalan,2.5,xalan-2.5.csv,org.apache.xalan.templates.XMLNSDecl,4,1,0,2,5,0,2,0,4,0.666666667,28,1.0,0,0.0,0.5,0,0,5.25,1,0.75,0
xalan,2.5,xalan-2.5.csv,org.apache.xpath.functions.FuncSystemProperty,5,4,0,8,37,6,0,8,3,0.65,253,0.4,0,0.941176471,0.4375,2,8,48.6,4,1.2,1
xalan,2.5,xalan-2.5.csv,org.apache.xalan.xsltc.cmdline.Compile,4,1,0,4,40,0,0,4,3,0.333333333,240,1.0,0,0.0,0.333333333,0,0,58.0,12,3.75,0
xalan,2.5,xalan-2.5.csv,org.apache.xalan.transformer.XSLInfiniteLoopException,2,1,0,0,3,1,0,0,1,2.0,7,0.0,0,0.0,1.0,0,0,2.5,1,0.5,1
xalan,2.5,xalan-2.5.csv,org.apache.xml.utils.CharKey,5,1,0,1,6,0,1,0,5,0.25,32,1.0,0,0.0,0.533333333,1,1,5.2,2,0.8,1
xalan,2.5,xalan-2.5.csv,org.apache.xalan.xsltc.compiler.util.Type,33,1,10,113,53,526,104,20,32,0.998046875,300,0.0,16,0.0,0.234375,0,0,7.606060606,2,1.0,0
xalan,2.5,xalan-2.5.csv,org.apache.xml.utils.DOMBuilder,30,1,0,4,64,223,2,2,28,0.634482759,460,0.6,0,0.0,0.2,0,0,14.16666667,5,1.0667,3
xalan,2.5,xalan-2.5.csv,org.apache.xalan.xsltc.compiler.util.TestGenerator,13,5,0,12,20,54,3,9,12,0.9,119,1.0,0,0.926174497,0.21875,2,5,7.384615385,2,0.9231,0
xalan,2.5,xalan-2.5.csv,org.apache.xml.utils.WrongParserException,1,4,0,0,2,0,0,0,1,2.0,5,0.0,0,1.0,1.0,0,0,4.0,0,0.0,1
xalan,2.5,xalan-2.5.csv,org.apache.xpath.res.XPATHErrorResources_it,4,4,0,1,11,4,0,1,2,1.285714286,1903,0.0,0,0.953488372,0.5,2,2,471.25,2,0.75,1
xalan,2.5,xalan-2.5.csv,org.apache.xalan.xsltc.compiler.AbsolutePathPattern,8,5,0,29,45,0,1,29,8,0.142857143,241,1.0,1,0.933962264,0.270833333,4,5,29.0,6,1.875,0
xalan,2.5,xalan-2.5.csv,org.apache.xml.serializer.DOMSerializer,1,1,0,8,1,0,8,0,1,2.0,1,0.0,0,0.0,1.0,0,0,0.0,1,1.0,0
xalan,2.5,xalan-2.5.csv,org.apache.xalan.xsltc.compiler.Number,15,3,0,52,104,23,1,52,9,0.798319328,1308,1.0,8,0.811594203,0.214285714,2,3,85.06666667,14,3.1333,1
xalan,2.5,xalan-2.5.csv,org.apache.xpath.res.XPATHErrorResources_ko,3,4,0,1,4,1,0,1,2,1.428571429,1872,0.0,0,0.976190476,1.0,0,0,618.3333333,1,0.3333,1
xalan,2.5,xalan-2.5.csv,org.apache.xalan.templates.StylesheetRoot,50,5,0,57,121,1069,49,24,34,0.939909297,987,0.944444444,11,0.853658537,0.079130435,3,6,18.38,10,1.6,1
xalan,2.5,xalan-2.5.csv,org.apache.xalan.xsltc.trax.SmartTransformerFactoryImpl,21,3,0,2,43,0,0,2,19,0.5,498,1.0,0,0.5,0.220238095,1,2,22.47619048,3,1.0476,0
xalan,2.5,xalan-2.5.csv,org.apache.xml.utils.ThreadControllerWrapper,5,1,0,3,9,0,2,1,4,0.25,27,0.0,1,0.0,0.3,0,0,4.2,1,0.6,0
xalan,2.5,xalan-2.5.csv,org.apache.xml.res.XMLErrorResources_zh_CN,3,4,0,1,4,1,0,1,2,1.3,875,0.0,0,0.976190476,1.0,0,0,289.0,1,0.3333,0
xalan,2.5,xalan-2.5.csv,org.apache.xpath.axes.ContextNodeList,12,1,0,1,12,66,1,0,12,2.0,12,0.0,0,0.0,0.444444444,0,0,0.0,1,1.0,1
xalan,2.5,xalan-2.5.csv,org.apache.xalan.xslt.XSLProcessorException,3,4,0,2,6,0,1,1,3,0.0,48,1.0,0,1.0,0.777777778,0,0,14.66666667,0,0.0,0
xalan,2.5,xalan-2.5.csv,org.apache.xalan.xsltc.compiler.util.NodeSortRecordGenerator,3,4,0,5,5,1,1,4,3,1.0,25,1.0,0,0.975903614,0.466666667,0,0,6.666666667,1,0.6667,0
xalan,2.5,xalan-2.5.csv,org.apache.xalan.xsltc.compiler.CurrentCall,2,4,0,7,6,1,0,7,2,2.0,13,0.0,0,0.989690722,0.625,2,4,5.5,1,0.5,0
xalan,2.5,xalan-2.5.csv,org.apache.xalan.xsltc.compiler.CeilingCall,2,4,0,10,10,1,0,10,2,2.0,31,0.0,0,0.989690722,0.6,2,5,14.5,1,0.5,0
xalan,2.5,xalan-2.5.csv,org.apache.xalan.xsltc.compiler.When,7,3,0,14,25,0,2,13,6,0.5,118,1.0,1,0.903225806,0.285714286,1,6,15.57142857,5,1.4286,0
xalan,2.5,xalan-2.5.csv,org.apache.xml.utils.ObjectStack,12,2,0,5,20,24,4,1,12,2.0,161,0.0,0,0.653846154,0.395833333,1,14,12.41666667,2,1.0,1
xalan,2.5,xalan-2.5.csv,org.apache.xpath.functions.FuncTrue,3,3,0,4,4,3,0,4,3,2.0,9,0.0,0,0.95,0.5,1,6,2.0,1,0.6667,1
xalan,2.5,xalan-2.5.csv,org.apache.xalan.templates.ElemForEach,18,3,1,24,81,79,5,20,17,0.735294118,474,0.5,1,0.920187793,0.136752137,2,6,25.11111111,4,1.2778,2
xalan,2.5,xalan-2.5.csv,org.apache.xalan.extensions.ExtensionHandlerJavaClass,7,3,0,9,43,1,0,9,6,0.7,530,0.4,0,0.571428571,0.349206349,2,6,74.0,8,2.1429,1
xalan,2.5,xalan-2.5.csv,org.apache.xml.dtm.DTM,66,1,0,94,66,2145,91,3,66,1.015384615,82,0.0,0,0.0,0.277056277,0,0,0.0,1,1.0,1
xalan,2.5,xalan-2.5.csv,org.apache.xalan.xsltc.cmdline.getopt.IllegalArgumentException,1,4,0,2,2,0,1,1,1,2.0,5,0.0,0,1.0,1.0,0,0,4.0,0,0.0,0
xalan,2.5,xalan-2.5.csv,org.apache.xalan.xsltc.dom.KeyIndex,20,2,0,9,38,34,2,7,20,0.778947368,385,1.0,4,0.40625,0.242857143,1,7,18.0,11,2.55,0
xalan,2.5,xalan-2.5.csv,org.apache.xalan.templates.ElemCopy,4,4,0,10,25,6,1,9,4,2.0,121,0.0,0,0.985365854,0.625,2,4,29.25,1,0.75,1
xalan,2.5,xalan-2.5.csv,org.apache.xalan.xsltc.dom.StepIterator,8,2,1,4,21,0,2,3,8,0.333333333,158,1.0,2,0.65,0.34375,1,5,18.375,3,1.5,0
xalan,2.5,xalan-2.5.csv,org.apache.xalan.xsltc.compiler.StepPattern,20,6,1,53,99,50,8,46,13,0.831578947,1165,1.0,1,0.838983051,0.225,3,8,56.75,7,2.55,1
xalan,2.5,xalan-2.5.csv,org.apache.xpath.domapi.XPathEvaluatorImpl,5,1,0,5,15,4,1,5,5,0.25,77,1.0,0,0.0,0.4,0,0,14.2,2,0.8,1
xalan,2.5,xalan-2.5.csv,org.apache.xalan.xslt.Stylesheet,2,4,1,5,4,1,1,5,2,2.0,11,0.0,0,1.0,0.6,0,0,4.5,0,0.0,0
xalan,2.5,xalan-2.5.csv,org.apache.xalan.transformer.NodeSortKey,1,1,0,6,10,0,3,4,0,2.0,80,0.0,3,0.0,1.0,0,0,71.0,0,0.0,1
xalan,2.5,xalan-2.5.csv,org.apache.xpath.axes.PathComponent,1,1,0,8,1,0,8,0,1,2.0,1,0.0,0,0.0,1.0,0,0,0.0,1,1.0,0
xalan,2.5,xalan-2.5.csv,org.apache.xalan.lib.ExsltSets,7,2,0,4,23,21,1,3,7,2.0,258,0.0,0,0.25,0.5,0,0,35.85714286,6,3.5714,1
xalan,2.5,xalan-2.5.csv,org.apache.xalan.xsltc.trax.OutputSettings,2,1,0,0,4,1,0,0,2,1.0,47,1.0,0,0.0,1.0,0,0,18.0,1,0.5,0
xalan,2.5,xalan-2.5.csv,org.apache.xml.utils.ListingErrorHandler,17,1,0,4,54,50,0,4,16,0.65625,569,1.0,0,0.0,0.196078431,0,0,32.23529412,14,1.8824,1
xalan,2.5,xalan-2.5.csv,org.apache.xml.dtm.DTMException,15,4,1,12,37,0,11,1,15,0.392857143,357,0.0,0,0.62962963,0.311111111,1,2,22.66666667,8,2.0,0
xalan,2.5,xalan-2.5.csv,org.apache.xalan.extensions.ExtensionsTable,7,1,0,9,25,0,2,7,7,0.5,199,0.5,1,0.0,0.357142857,0,0,27.14285714,1,0.8571,1
xalan,2.5,xalan-2.5.csv,org.apache.xml.utils.StringToStringTable,11,1,0,1,15,0,1,0,11,0.45,286,1.0,0,0.0,0.606060606,0,0,24.63636364,4,2.1818,1
xalan,2.5,xalan-2.5.csv,org.apache.xalan.xsltc.compiler.UnparsedEntityUriCall,3,4,0,15,14,0,0,15,3,0.0,63,1.0,1,0.979591837,0.444444444,3,13,19.66666667,1,0.6667,0
xalan,2.5,xalan-2.5.csv,org.apache.xalan.xsltc.dom.AnyNodeCounter,4,2,1,5,11,4,1,5,4,2.0,63,0.0,0,0.823529412,0.5,1,4,14.75,5,1.75,0
xalan,2.5,xalan-2.5.csv,org.apache.xalan.xpath.xml.XMLParserLiaison,1,3,1,5,2,0,4,1,1,2.0,4,0.0,0,1.0,1.0,0,0,3.0,0,0.0,0
xalan,2.5,xalan-2.5.csv,org.apache.xpath.WhitespaceStrippingElementMatcher,2,1,0,2,2,1,1,1,2,2.0,2,0.0,0,0.0,0.666666667,0,0,0.0,1,1.0,0
xalan,2.5,xalan-2.5.csv,org.apache.xalan.processor.TransformerFactoryImpl,24,3,0,22,99,190,10,14,20,0.936454849,912,0.307692308,0,0.476190476,0.202898551,1,2,36.45833333,17,1.5833,0
xalan,2.5,xalan-2.5.csv,org.apache.xalan.xslt.XSLTInputSource,17,1,0,3,33,0,3,0,17,0.4875,305,1.0,0,0.0,0.264705882,0,0,16.64705882,4,1.2941,0
xalan,2.5,xalan-2.5.csv,org.apache.xalan.xsltc.compiler.DecimalFormatting,5,3,0,21,32,2,2,20,4,1.0,518,1.0,1,0.9375,0.4,3,7,102.0,17,4.4,1
xalan,2.5,xalan-2.5.csv,org.apache.xalan.xsltc.dom.AbsoluteIterator,8,2,0,3,21,0,1,3,8,0.0,85,1.0,1,0.65,0.34375,1,5,9.5,2,1.0,0
xalan,2.5,xalan-2.5.csv,org.apache.xalan.xsltc.compiler.NamespaceUriCall,3,5,0,9,11,3,0,9,3,2.0,37,0.0,0,0.99,0.533333333,3,5,11.33333333,1,0.3333,0
xalan,2.5,xalan-2.5.csv,org.apache.xalan.xsltc.compiler.ContainsCall,5,4,0,18,22,4,0,18,5,0.25,126,1.0,2,0.96,0.4,3,14,23.8,1,0.8,0
xalan,2.5,xalan-2.5.csv,org.apache.xalan.xsltc.dom.CollatorFactoryBase,4,1,0,2,9,4,1,1,3,0.666666667,29,0.0,0,0.0,0.555555556,0,0,5.75,2,0.75,0
xalan,2.5,xalan-2.5.csv,org.apache.xml.serializer.SerializerTrace,6,1,0,4,6,15,4,0,6,1.2,18,0.0,0,0.0,0.533333333,0,0,0.0,1,1.0,0
xalan,2.5,xalan-2.5.csv,org.apache.xalan.processor.XSLTElementDef,37,1,1,8,57,440,6,4,0,0.793209877,812,0.722222222,3,0.0,0.289189189,0,0,20.45945946,15,2.2162,0
xalan,2.5,xalan-2.5.csv,org.apache.xalan.xsltc.compiler.Pattern,4,3,2,17,5,6,11,6,4,2.0,7,0.0,0,0.959459459,0.4375,2,4,0.75,1,0.75,0
xalan,2.5,xalan-2.5.csv,org.apache.xalan.xsltc.compiler.ArgumentList,2,1,0,1,7,0,0,1,2,0.0,35,1.0,2,0.0,0.666666667,0,0,15.5,2,1.0,0
xalan,2.5,xalan-2.5.csv,org.apache.xalan.xpath.XNumber,8,2,0,4,17,0,2,2,8,0.0,47,0.0,1,0.740740741,0.416666667,1,1,4.75,1,0.875,0
xalan,2.5,xalan-2.5.csv,org.apache.xalan.xsltc.compiler.StringCall,3,4,0,13,17,3,0,13,3,2.0,75,0.0,0,0.979591837,0.444444444,3,13,24.0,3,1.3333,0
xalan,2.5,xalan-2.5.csv,org.apache.xalan.extensions.MethodResolver,13,1,0,11,70,66,2,9,6,0.952898551,2002,0.043478261,7,0.0,0.266666667,0,0,151.2307692,14,3.2308,0
xalan,2.5,xalan-2.5.csv,org.apache.xalan.lib.sql.XConnection,34,1,0,12,127,211,0,12,28,0.656565657,1600,1.0,3,0.0,0.196078431,0,0,45.79411765,7,1.6176,1
xalan,2.5,xalan-2.5.csv,org.apache.xalan.xsltc.runtime.Node,1,1,0,1,2,0,1,0,1,2.0,12,0.0,0,0.0,1.0,0,0,9.0,0,0.0,0
xalan,2.5,xalan-2.5.csv,org.apache.xml.utils.ObjectVector,21,1,1,5,23,0,5,0,21,0.3375,516,1.0,0,0.0,0.5,0,0,23.38095238,4,1.7143,1
xalan,2.5,xalan-2.5.csv,org.apache.xpath.functions.FuncSubstring,4,6,0,8,16,6,0,8,3,2.0,113,0.0,0,0.955223881,0.5,2,8,27.25,1,0.75,1
xalan,2.5,xalan-2.5.csv,org.apache.xalan.xsltc.compiler.AttributeValueTemplate,7,4,0,22,49,21,4,19,5,2.0,452,0.0,0,0.923076923,0.339285714,2,7,63.57142857,14,5.1429,1
xalan,2.5,xalan-2.5.csv,org.apache.xalan.xsltc.compiler.util.NodeSortRecordFactGenerator,2,4,0,3,3,1,1,2,2,2.0,13,0.0,0,0.987804878,0.6,0,0,5.5,1,0.5,0
xalan,2.5,xalan-2.5.csv,org.apache.xalan.xslt.XSLTProcessor,34,1,0,15,34,561,3,13,34,2.0,34,0.0,0,0.0,0.119485294,0,0,0.0,1,1.0,0
xalan,2.5,xalan-2.5.csv,org.apache.xml.dtm.ref.DTMNodeList,5,2,0,8,15,0,5,3,4,0.25,72,1.0,1,0.4,0.466666667,0,0,13.2,3,1.2,0
xalan,2.5,xalan-2.5.csv,org.apache.xml.utils.NamespaceSupport2,11,2,0,3,26,0,2,2,11,0.55,127,0.5,1,0.583333333,0.409090909,1,3,10.36363636,3,1.3636,0
xalan,2.5,xalan-2.5.csv,org.apache.xml.serializer.XSLOutputAttributes,19,1,0,1,19,171,1,0,19,2.0,19,0.0,0,0.0,0.381578947,0,0,0.0,1,1.0,0
xalan,2.5,xalan-2.5.csv,org.apache.xalan.processor.ProcessorOutputElem,14,4,0,9,40,0,1,8,13,0.076923077,174,1.0,1,0.941704036,0.295918367,2,3,11.35714286,1,0.9286,0
xalan,2.5,xalan-2.5.csv,org.apache.xalan.xsltc.compiler.UnionPathExpr,6,3,0,21,36,0,2,20,5,0.5,289,1.0,3,0.934210526,0.285714286,2,8,46.5,7,2.5,0
xalan,2.5,xalan-2.5.csv,org.apache.xalan.xsltc.compiler.Attribute,3,3,0,4,14,1,0,4,2,0.5,37,1.0,1,0.965517241,0.555555556,1,4,11.0,1,0.6667,0
xalan,2.5,xalan-2.5.csv,org.apache.xml.utils.XMLString,37,1,0,47,37,666,47,0,37,2.0,37,0.0,0,0.0,0.191891892,1,1,0.0,1,1.0,0
xalan,2.5,xalan-2.5.csv,org.apache.xml.serializer.SerializerConstants,1,1,0,1,2,0,1,0,0,2.0,27,0.0,0,0.0,0.0,0,0,10.0,0,0.0,0
xalan,2.5,xalan-2.5.csv,org.apache.xml.utils.synthetic.reflection.Field,33,1,0,3,73,0,1,3,33,0.75,469,0.0,2,0.0,0.158508159,1,1,13.03030303,6,1.303,1
xalan,2.5,xalan-2.5.csv,org.apache.xpath.functions.FuncLocalPart,2,5,0,5,9,1,0,5,2,2.0,42,0.0,0,0.982142857,0.75,3,8,20.0,1,0.5,1
xalan,2.5,xalan-2.5.csv,org.apache.xpath.functions.FuncCount,2,4,0,6,8,1,0,6,2,2.0,23,0.0,0,0.979591837,0.75,1,6,10.5,1,0.5,1
xalan,2.5,xalan-2.5.csv,org.apache.xalan.lib.ExsltDatetime,45,1,0,3,83,990,0,3,37,1.022727273,1528,0.0,0,0.0,0.172222222,0,0,32.75555556,10,1.6,2
xalan,2.5,xalan-2.5.csv,org.apache.xalan.templates.ElemTextLiteral,11,3,0,9,20,29,6,4,11,0.825,114,1.0,0,0.951456311,0.340909091,2,5,9.0,2,1.0,1
xalan,2.5,xalan-2.5.csv,org.apache.xalan.xsltc.dom.MatchingIterator,10,2,0,3,23,0,0,3,10,0.5,116,1.0,1,0.590909091,0.35,1,8,10.4,4,1.3,0
xalan,2.5,xalan-2.5.csv,org.apache.xalan.processor.ProcessorInclude,7,4,1,11,47,15,2,9,3,0.333333333,268,1.0,0,0.972222222,0.5,1,1,37.14285714,1,0.8571,0
xalan,2.5,xalan-2.5.csv,org.apache.xalan.res.XSLTErrorResources_de,3,4,0,1,4,1,0,1,2,1.423076923,3769,0.0,0,0.976190476,1.0,0,0,1251.0,1,0.3333,0
xalan,2.5,xalan-2.5.csv,org.apache.xml.serializer.SerializerTraceWriter,8,2,0,2,17,0,1,1,6,0.171428571,514,1.0,1,0.65,0.3125,1,2,62.625,1,0.875,0
xalan,2.5,xalan-2.5.csv,org.apache.xalan.xsltc.dom.MultiDOM,52,1,0,15,109,202,4,13,50,0.851540616,775,1.0,3,0.0,0.185314685,0,0,13.76923077,11,1.6346,1
xalan,2.5,xalan-2.5.csv,org.apache.xalan.serialize.SerializerFactory,2,1,0,4,5,1,0,4,1,2.0,15,0.0,0,0.0,0.5,0,0,6.5,1,0.5,0
xalan,2.5,xalan-2.5.csv,org.apache.xml.res.XMLErrorResources_de,3,4,0,1,4,1,0,1,2,1.3,875,0.0,0,0.976190476,1.0,0,0,289.0,1,0.3333,0
xalan,2.5,xalan-2.5.csv,org.apache.xalan.serialize.DOMSerializer,0,1,0,5,0,0,4,1,0,2.0,0,0.0,0,0.0,0.0,0,0,0.0,0,0.0,0
xalan,2.5,xalan-2.5.csv,org.apache.xml.utils.RawCharacterHandler,1,1,0,0,1,0,0,0,1,2.0,1,0.0,0,0.0,1.0,0,0,0.0,1,1.0,1
xalan,2.5,xalan-2.5.csv,org.apache.xalan.processor.ProcessorText,3,5,0,7,10,3,1,6,2,2.0,40,0.0,0,0.990697674,0.583333333,2,4,12.33333333,1,0.6667,0
xalan,2.5,xalan-2.5.csv,org.apache.xalan.transformer.DecimalToRoman,1,1,0,2,2,0,2,0,1,2.0,20,0.0,0,0.0,1.0,0,0,15.0,0,0.0,1
xalan,2.5,xalan-2.5.csv,org.apache.xalan.xsltc.compiler.Comment,4,3,0,15,20,6,0,15,3,2.0,92,0.0,0,0.949152542,0.4,1,3,22.0,1,0.75,0
xalan,2.5,xalan-2.5.csv,org.apache.xalan.xsltc.compiler.Fallback,6,3,0,10,12,0,1,9,5,0.2,49,1.0,0,0.918032787,0.333333333,1,3,7.0,2,1.1667,0
xalan,2.5,xalan-2.5.csv,org.apache.xpath.res.XPATHErrorResources_zh_CN,3,4,0,1,4,1,0,1,2,1.428571429,1872,0.0,0,0.976190476,1.0,0,0,618.3333333,1,0.3333,1
xalan,2.5,xalan-2.5.csv,org.apache.xalan.xsltc.compiler.PositionCall,3,4,0,13,12,3,1,12,3,2.0,55,0.0,0,0.979591837,0.5,2,4,17.33333333,3,1.3333,0
xalan,2.5,xalan-2.5.csv,org.apache.xalan.templates.ElemVariablePsuedo,3,4,0,8,9,1,1,7,3,0.5,26,0.0,1,0.99086758,0.555555556,0,0,7.333333333,1,0.6667,0
xalan,2.5,xalan-2.5.csv,org.apache.xalan.templates.XSLTVisitor,9,2,1,20,10,36,19,6,1,2.0,28,0.0,0,0.6,0.314814815,0,0,2.111111111,1,0.8889,0
xalan,2.5,xalan-2.5.csv,org.apache.xalan.xsltc.compiler.DocumentCall,3,4,0,21,26,0,0,21,3,0.166666667,246,1.0,3,0.979591837,0.444444444,3,14,80.0,4,1.6667,0
xalan,2.5,xalan-2.5.csv,org.apache.xalan.xsltc.dom.Axis,1,1,0,7,1,0,6,1,0,2.0,62,0.0,0,0.0,0.0,0,0,60.0,0,0.0,0
xalan,2.5,xalan-2.5.csv,org.apache.xml.dtm.ref.IncrementalSAXSource_Filter,42,1,0,10,90,335,6,5,39,0.667917448,877,0.923076923,1,0.0,0.125396825,0,0,19.57142857,6,1.2857,0
xalan,2.5,xalan-2.5.csv,org.apache.xalan.templates.ElemWithParam,11,3,0,21,33,15,2,19,10,0.825,168,0.5,2,0.951456311,0.191919192,2,9,13.90909091,3,1.0909,2
xalan,2.5,xalan-2.5.csv,org.apache.xalan.xslt.StylesheetSpec,6,2,0,2,8,5,2,0,6,0.8,47,0.0,0,0.642857143,0.444444444,0,0,6.0,1,0.8333,0
xalan,2.5,xalan-2.5.csv,org.apache.xalan.xsltc.runtime.output.StringOutputBuffer,5,1,0,1,11,0,0,1,5,0.0,41,1.0,0,0.0,0.36,0,0,7.0,1,0.8,0
xalan,2.5,xalan-2.5.csv,org.apache.xpath.functions.FuncString,2,5,0,5,4,1,0,5,2,2.0,10,0.0,0,0.982142857,0.75,2,7,4.0,1,0.5,1
xalan,2.5,xalan-2.5.csv,org.apache.xalan.transformer.SerializerSwitcher,4,1,0,5,21,6,1,4,3,2.0,153,0.0,0,0.0,0.4,0,0,37.25,1,0.75,0
xalan,2.5,xalan-2.5.csv,org.apache.xalan.lib.sql.ObjectArray,7,1,0,3,19,0,3,1,6,0.25,432,1.0,1,0.0,0.464285714,0,0,60.14285714,3,1.4286,1
xalan,2.5,xalan-2.5.csv,org.apache.xalan.xsltc.compiler.TopLevelElement,5,2,10,24,17,10,14,10,4,2.0,56,0.0,0,0.931034483,0.44,1,4,10.2,1,0.8,0
xalan,2.5,xalan-2.5.csv,org.apache.xalan.xsltc.compiler.XslAttribute,6,3,0,31,57,0,2,29,5,0.5,413,1.0,2,0.918032787,0.305555556,2,10,67.16666667,28,6.0,1
xalan,2.5,xalan-2.5.csv,org.apache.xml.dtm.ref.DTMDefaultBase,93,1,1,17,137,4056,5,13,67,0.922302738,2311,0.777777778,14,0.0,0.173913043,0,0,23.55913978,14,2.4624,2
xalan,2.5,xalan-2.5.csv,org.apache.xml.res.XMLErrorResources_zh_TW,3,4,0,1,4,1,0,1,2,1.3,875,0.0,0,0.976190476,1.0,0,0,289.0,1,0.3333,0
xalan,2.5,xalan-2.5.csv,org.apache.xalan.templates.FuncFormatNumb,5,6,0,13,36,10,1,12,4,2.0,186,0.0,0,0.941176471,0.4,2,8,36.2,1,0.8,2
xalan,2.5,xalan-2.5.csv,org.apache.xalan.lib.sql.SQLDocument,10,5,0,7,53,0,1,6,5,0.883141762,1077,1.0,1,0.954545455,0.211111111,2,8,100.9,12,3.5,0
xalan,2.5,xalan-2.5.csv,org.apache.xpath.functions.FuncExtFunctionAvailable,2,4,0,8,14,1,0,8,2,2.0,72,0.0,0,0.979591837,0.75,2,7,35.0,1,0.5,1
xalan,2.5,xalan-2.5.csv,org.apache.xalan.xsltc.compiler.ApplyImports,7,3,0,21,48,17,0,21,5,0.888888889,237,1.0,1,0.903225806,0.30952381,1,4,32.42857143,6,1.7143,0
xalan,2.5,xalan-2.5.csv,org.apache.xpath.functions.FunctionMultiArgs,9,6,1,9,24,6,2,8,8,0.375,218,0.0,1,0.888888889,0.355555556,5,22,23.11111111,7,2.3333,1
xalan,2.5,xalan-2.5.csv,org.apache.xml.dtm.Axis,1,1,0,4,1,0,4,0,0,2.0,111,0.0,0,0.0,0.0,0,0,88.0,0,0.0,0
xalan,2.5,xalan-2.5.csv,org.apache.xalan.xsltc.trax.TransformerImpl,33,2,0,23,149,280,4,20,19,0.890625,1704,1.0,5,0.295454545,0.140151515,0,0,50.03030303,20,2.8182,8
xalan,2.5,xalan-2.5.csv,org.apache.xalan.xpath.xml.FormatterToHTML,5,2,0,3,7,0,1,2,5,0.25,42,0.0,0,0.966666667,0.4,0,0,7.2,1,0.2,0
xalan,2.5,xalan-2.5.csv,org.apache.xpath.functions.FuncId,3,4,0,11,27,3,0,11,2,2.0,169,0.0,0,0.96,0.476190476,1,7,55.33333333,8,3.0,1
xalan,2.5,xalan-2.5.csv,org.apache.xml.dtm.ref.sax2dtm.SAX2RTFDTM,9,5,0,11,32,8,2,9,8,0.78125,392,0.25,6,0.954285714,0.26984127,2,20,41.66666667,10,2.8889,1
xalan,2.5,xalan-2.5.csv,org.apache.xalan.processor.XSLProcessorVersion,3,1,0,2,9,1,2,0,2,1.0,67,0.0,0,0.0,0.5,0,0,19.0,1,0.3333,1
xalan,2.5,xalan-2.5.csv,org.apache.xalan.templates.ElemSort,15,3,0,7,26,53,2,5,15,0.785714286,164,1.0,5,0.933333333,0.293333333,2,6,9.6,2,1.0,1
xalan,2.5,xalan-2.5.csv,org.apache.xalan.templates.ElemExtensionDecl,14,3,0,10,42,27,1,9,14,0.666666667,290,1.0,2,0.937799043,0.25,3,4,19.5,2,1.0714,1
xalan,2.5,xalan-2.5.csv,org.apache.xalan.processor.ProcessorAttributeSet,3,4,0,7,19,3,1,6,2,2.0,54,0.0,0,0.990566038,0.666666667,2,3,17.0,1,0.6667,0
xalan,2.5,xalan-2.5.csv,org.apache.xalan.templates.WhiteSpaceInfo,4,4,1,9,8,4,7,4,4,0.666666667,30,1.0,0,0.99086758,0.45,0,0,6.25,1,0.5,0
xalan,2.5,xalan-2.5.csv,org.apache.xalan.xsltc.cmdline.getopt.GetOpt,5,1,0,6,36,0,3,5,5,0.65,330,1.0,2,0.0,0.466666667,0,0,64.0,3,1.6,0
xalan,2.5,xalan-2.5.csv,org.apache.xml.res.XMLErrorResources_it,3,4,0,1,4,1,0,1,2,1.3,875,0.0,0,0.976190476,1.0,0,0,289.0,1,0.3333,0
xalan,2.5,xalan-2.5.csv,org.apache.xml.res.XMLErrorResources_ja,3,4,0,1,4,1,0,1,2,1.3,875,0.0,0,0.976190476,1.0,0,0,289.0,1,0.3333,0
xalan,2.5,xalan-2.5.csv,org.apache.xml.utils.XMLChar,23,1,0,2,26,181,2,0,22,0.97979798,3198,0.0,0,0.0,0.25,0,0,137.6521739,17,3.913,1
xalan,2.5,xalan-2.5.csv,org.apache.xalan.extensions.ExtensionHandlerGeneral,8,2,0,15,54,18,0,15,6,0.904761905,565,0.866666667,0,0.5,0.328571429,0,0,67.75,2,1.0,2
xalan,2.5,xalan-2.5.csv,org.apache.xalan.templates.ElemExtensionScript,6,3,0,2,7,3,1,1,6,0.6,33,1.0,0,0.975124378,0.666666667,1,2,4.166666667,1,0.8333,1
xalan,2.5,xalan-2.5.csv,org.apache.xpath.axes.WalkingIterator,17,5,1,17,41,0,8,11,16,0.4375,281,1.0,2,0.892857143,0.165775401,2,9,15.41176471,7,1.8824,1
xalan,2.5,xalan-2.5.csv,org.apache.xalan.xsltc.compiler.Template,22,3,0,25,73,121,10,19,21,0.852380952,485,1.0,4,0.740740741,0.140495868,2,7,20.59090909,8,2.0455,3
xalan,2.5,xalan-2.5.csv,org.apache.xml.utils.res.XResources_sv,3,4,0,1,4,1,0,1,2,0.5,314,0.0,0,0.976190476,1.0,0,0,103.3333333,1,0.3333,1
xalan,2.5,xalan-2.5.csv,org.apache.xalan.trace.SelectionEvent,1,1,1,8,2,0,4,4,1,2.0,28,0.0,4,0.0,1.0,0,0,21.0,0,0.0,1
xalan,2.5,xalan-2.5.csv,org.apache.xpath.functions.FuncNamespace,2,5,0,5,11,1,0,5,2,2.0,65,0.0,0,0.982142857,0.75,3,8,31.5,1,0.5,1
xalan,2.5,xalan-2.5.csv,org.apache.xml.serializer.TransformStateSetter,2,1,0,4,2,1,4,0,2,2.0,2,0.0,0,0.0,0.666666667,0,0,0.0,1,1.0,0
xalan,2.5,xalan-2.5.csv,org.apache.xpath.compiler.FunctionTable,5,1,0,7,14,0,3,4,4,1.211538462,391,0.051282051,1,0.0,0.375,0,0,69.4,2,0.8,0
xalan,2.5,xalan-2.5.csv,org.apache.xalan.processor.ProcessorGlobalVariableDecl,3,5,0,6,10,3,1,5,1,2.0,30,0.0,0,0.990697674,0.583333333,1,2,9.0,1,0.6667,0
xalan,2.5,xalan-2.5.csv,org.apache.xalan.xsltc.compiler.util.FilterGenerator,4,4,0,6,6,2,2,4,3,0.666666667,29,1.0,0,0.975903614,0.466666667,0,0,5.75,1,0.5,0
xalan,2.5,xalan-2.5.csv,org.apache.xpath.axes.WalkerFactory,51,1,0,25,114,1275,11,23,40,1.02,2140,0.0,0,0.0,0.181372549,0,0,40.45098039,18,3.3333,1
xalan,2.5,xalan-2.5.csv,org.apache.xpath.axes.SubContextList,2,1,0,7,2,1,7,1,2,2.0,2,0.0,0,0.0,1.0,0,0,0.0,1,1.0,1
xalan,2.5,xalan-2.5.csv,org.apache.xml.dtm.ref.DTMChildIterNodeList,4,2,0,3,8,0,1,2,3,0.333333333,62,1.0,1,0.5,0.583333333,0,0,14.0,4,1.5,0
xalan,2.5,xalan-2.5.csv,org.apache.xpath.objects.XNodeSet,33,4,3,45,76,472,26,20,31,0.96875,610,0.0,6,0.801470588,0.173611111,3,30,17.3030303,2,1.1515,1
xalan,2.5,xalan-2.5.csv,org.apache.xpath.objects.Comparator,3,1,6,8,4,3,7,1,0,2.0,6,0.0,0,0.0,0.555555556,0,0,1.0,1,0.6667,0
xalan,2.5,xalan-2.5.csv,org.apache.xalan.templates.ElemNumber,42,3,0,29,135,617,5,27,27,0.860310421,2384,1.0,9,0.830508475,0.136298422,2,7,55.5,26,2.0952,1
xalan,2.5,xalan-2.5.csv,org.apache.xpath.compiler.OpCodes,1,1,0,0,2,0,0,0,1,2.0,68,0.015625,0,0.0,1.0,0,0,3.0,0,0.0,1
xalan,2.5,xalan-2.5.csv,org.apache.xalan.xsltc.compiler.ApplyTemplates,6,3,0,27,62,0,2,27,5,0.65,379,1.0,3,0.918032787,0.305555556,1,6,61.5,13,3.3333,1
xalan,2.5,xalan-2.5.csv,org.apache.xml.dtm.ref.DTMSafeStringPool,5,2,0,1,15,10,0,1,5,2.0,305,0.0,0,0.5,0.35,2,5,60.0,8,2.2,0
xalan,2.5,xalan-2.5.csv,org.apache.xpath.compiler.XPathParser,58,1,0,13,94,0,4,10,5,0.679425837,3321,0.454545455,2,0.0,0.163793103,0,0,56.06896552,6,1.4828,2
xalan,2.5,xalan-2.5.csv,org.apache.xml.res.XMLErrorResources_fr,3,4,0,1,4,1,0,1,2,1.3,875,0.0,0,0.976190476,1.0,0,0,289.0,1,0.3333,0
xalan,2.5,xalan-2.5.csv,org.apache.xalan.xsltc.compiler.LogicalExpr,10,3,0,18,41,0,0,18,9,0.62962963,362,0.666666667,2,0.898734177,0.26984127,2,9,34.6,8,2.4,0
xalan,2.5,xalan-2.5.csv,org.apache.xpath.functions.FunctionOneArg,11,3,15,22,20,0,15,7,10,0.3,113,0.0,1,0.791666667,0.345454545,2,4,9.181818182,6,1.5455,1
xalan,2.5,xalan-2.5.csv,org.apache.xalan.processor.ProcessorPreserveSpace,2,4,1,9,14,1,2,7,1,2.0,50,0.0,0,0.995260664,0.625,2,2,24.0,1,0.5,0
xalan,2.5,xalan-2.5.csv,org.apache.xpath.operations.Plus,3,3,0,7,7,3,2,5,3,2.0,25,0.0,0,0.953488372,0.555555556,1,1,7.333333333,1,0.6667,0
xalan,2.5,xalan-2.5.csv,org.apache.xml.utils.XMLStringDefault,38,1,0,4,68,0,3,1,38,0.081081081,267,1.0,0,0.0,0.192105263,1,1,6.0,2,1.0,0
xalan,2.5,xalan-2.5.csv,org.apache.xalan.transformer.TreeWalker2Result,4,2,0,7,24,0,1,6,2,0.444444444,146,0.0,2,0.727272727,0.5625,1,4,34.75,1,0.75,1
xalan,2.5,xalan-2.5.csv,org.apache.xalan.xsltc.compiler.IntExpr,4,3,0,11,14,0,0,11,4,0.333333333,44,1.0,0,0.959459459,0.4,2,7,9.75,1,0.75,0
xalan,2.5,xalan-2.5.csv,org.apache.xalan.xsltc.dom.AdaptiveResultTreeImpl,121,3,0,16,345,0,2,15,118,0.808333333,1630,1.0,3,0.633846154,0.134444444,1,18,12.41322314,2,1.7603,1
xalan,2.5,xalan-2.5.csv,org.apache.xml.utils.StringToStringTableVector,10,1,0,1,14,0,0,1,10,0.472222222,180,1.0,1,0.0,0.4,0,0,16.6,3,1.6,1
xalan,2.5,xalan-2.5.csv,org.apache.xml.dtm.ref.IncrementalSAXSource_Xerces,14,1,0,9,51,27,1,8,10,0.596153846,749,0.05,0,0.0,0.162393162,0,0,51.07142857,9,1.5,0
xalan,2.5,xalan-2.5.csv,org.apache.xpath.compiler.Keywords,3,1,0,4,9,1,4,0,2,1.456896552,583,0.896551724,0,0.0,0.5,0,0,174.0,3,1.0,1
xalan,2.5,xalan-2.5.csv,org.apache.xalan.transformer.TransformerImpl,130,2,0,117,391,7393,66,68,122,0.942357384,3398,0.743589744,16,0.092198582,0.053123575,1,2,24.83846154,4,1.3231,9
xalan,2.5,xalan-2.5.csv,org.apache.xalan.xsltc.compiler.LocationPathPattern,13,4,3,13,19,64,5,8,13,0.854166667,107,1.0,1,0.878787879,0.230769231,2,3,6.923076923,6,1.4615,0
xalan,2.5,xalan-2.5.csv,org.apache.xalan.xsltc.trax.TemplatesHandlerImpl,17,1,0,9,61,0,1,9,16,0.75,283,1.0,2,0.0,0.22875817,0,0,15.35294118,8,1.3529,1
xalan,2.5,xalan-2.5.csv,org.apache.xalan.templates.ElemTemplate,22,3,2,27,46,189,22,11,22,0.942857143,179,0.8,4,0.903225806,0.181818182,2,14,6.681818182,1,0.9545,1
xalan,2.5,xalan-2.5.csv,org.apache.xml.utils.ObjectPool,7,1,0,4,20,0,2,2,7,0.166666667,119,1.0,0,0.0,0.342857143,0,0,15.71428571,2,0.7143,1
xalan,2.5,xalan-2.5.csv,org.apache.xalan.lib.NodeInfo,9,1,0,3,20,36,0,3,9,2.0,204,0.0,0,0.0,0.333333333,0,0,21.66666667,4,2.6667,0
xalan,2.5,xalan-2.5.csv,org.apache.xalan.xsltc.compiler.Expression,18,2,22,83,43,115,64,21,17,0.838235294,238,1.0,3,0.76056338,0.285714286,1,2,12.0,6,1.4444,1
xalan,2.5,xalan-2.5.csv,org.apache.xalan.xsltc.compiler.util.ResultTreeType,22,2,0,40,59,185,9,33,21,0.523809524,728,1.0,0,0.622641509,0.199300699,2,4,32.04545455,7,1.6364,0
xalan,2.5,xalan-2.5.csv,org.apache.xalan.xsltc.dom.SingleNodeCounter,5,2,1,5,16,2,1,5,4,0.625,110,0.5,1,0.823529412,0.5,1,4,20.6,9,2.2,0
xalan,2.5,xalan-2.5.csv,org.apache.xalan.xsltc.compiler.IdKeyPattern,9,5,2,25,29,22,3,23,9,0.75,214,1.0,1,0.925233645,0.259259259,3,4,22.44444444,2,1.0,0
xalan,2.5,xalan-2.5.csv,org.apache.xml.utils.res.XResources_ka,3,4,0,1,4,1,0,1,2,0.5,614,0.0,0,0.976190476,1.0,0,0,203.3333333,1,0.3333,1
xalan,2.5,xalan-2.5.csv,org.apache.xalan.templates.ElemAttribute,9,5,0,9,31,36,2,7,6,2.0,161,0.0,0,0.963800905,0.314814815,4,10,16.88888889,16,3.0,3
xalan,2.5,xalan-2.5.csv,org.apache.xpath.axes.ReverseAxesWalker,9,5,0,7,26,28,1,6,5,0.5,207,1.0,1,0.927927928,0.416666667,2,8,21.88888889,4,1.7778,0
xalan,2.5,xalan-2.5.csv,org.apache.xalan.serialize.SerializerUtils,7,1,0,12,37,21,5,7,7,2.0,250,0.0,0,0.0,0.404761905,0,0,34.71428571,4,1.2857,1
xalan,2.5,xalan-2.5.csv,org.apache.xalan.xsltc.compiler.FormatNumberCall,3,4,0,22,24,0,0,22,3,0.0,191,1.0,4,0.979591837,0.444444444,3,13,61.33333333,3,1.3333,0
xalan,2.5,xalan-2.5.csv,org.apache.xalan.xsltc.compiler.RelationalExpr,10,3,0,31,54,0,0,31,10,0.185185185,600,1.0,2,0.8875,0.257142857,2,9,58.7,7,2.5,0
xalan,2.5,xalan-2.5.csv,org.apache.xalan.xsltc.DOM,43,1,0,36,43,903,32,5,43,1.023809524,51,0.0,0,0.0,0.261627907,0,0,0.0,1,1.0,0
xalan,2.5,xalan-2.5.csv,org.apache.xml.serializer.ToTextStream,24,3,0,3,44,258,2,1,22,2.0,376,0.0,0,0.880208333,0.361111111,2,14,14.66666667,1,0.9583,1
xalan,2.5,xalan-2.5.csv,org.apache.xpath.axes.NodeSequence,37,3,1,9,68,212,1,8,34,0.625,711,1.0,2,0.682692308,0.171171171,2,9,18.10810811,12,2.2973,0
xalan,2.5,xalan-2.5.csv,org.apache.xalan.xsltc.compiler.util.StringStack,4,5,0,0,8,6,0,0,4,2.0,20,0.0,0,0.963855422,0.625,0,0,4.0,1,0.75,0
xalan,2.5,xalan-2.5.csv,org.apache.xalan.processor.ProcessorDecimalFormat,2,4,0,6,9,1,1,5,1,2.0,27,0.0,0,0.995260664,0.625,2,2,12.5,1,0.5,2
xalan,2.5,xalan-2.5.csv,org.apache.xalan.xsltc.dom.SortingIterator,11,2,0,5,26,0,0,5,8,0.666666667,272,1.0,3,0.565217391,0.309090909,1,7,23.18181818,4,1.6364,0
xalan,2.5,xalan-2.5.csv,org.apache.xalan.xsltc.runtime.ErrorMessages_no,3,3,0,0,4,1,0,0,2,0.5,195,1.0,0,0.974358974,1.0,0,0,63.66666667,1,0.3333,0
xalan,2.5,xalan-2.5.csv,org.apache.xml.utils.res.XResources_el,3,4,0,1,4,1,0,1,2,0.5,575,0.0,0,0.976190476,1.0,0,0,190.3333333,1,0.3333,1
xalan,2.5,xalan-2.5.csv,org.apache.xml.dtm.DTMDOMException,2,5,0,3,3,1,3,0,2,2.0,12,0.0,0,1.0,0.833333333,0,0,5.0,0,0.0,1
xalan,2.5,xalan-2.5.csv,org.apache.xml.utils.res.XResources_es,3,4,0,1,4,1,0,1,2,0.5,314,0.0,0,0.976190476,1.0,0,0,103.3333333,1,0.3333,1
xalan,2.5,xalan-2.5.csv,org.apache.xalan.res.XSLTErrorResources_es,3,4,0,1,4,1,0,1,2,1.423076923,3769,0.0,0,0.976190476,1.0,0,0,1251.0,1,0.3333,0
xalan,2.5,xalan-2.5.csv,org.apache.xpath.operations.Gt,2,3,0,4,4,1,1,3,2,2.0,13,0.0,0,0.976190476,0.75,1,1,5.5,1,0.5,0
xalan,2.5,xalan-2.5.csv,org.apache.xalan.xsltc.compiler.util.NodeType,22,2,0,42,54,199,13,32,20,0.571428571,466,1.0,0,0.622641509,0.215909091,2,4,20.13636364,7,1.4091,0
xalan,2.5,xalan-2.5.csv,org.apache.xpath.objects.XStringForChars,12,4,0,4,22,4,1,3,11,0.484848485,148,0.333333333,0,0.921875,0.25,3,15,11.08333333,2,1.0,0
xalan,2.5,xalan-2.5.csv,org.apache.xpath.axes.WalkingIteratorSorted,5,6,0,5,13,0,1,5,3,0.25,129,1.0,0,0.979020979,0.366666667,1,1,24.6,17,4.0,1
xalan,2.5,xalan-2.5.csv,org.apache.xalan.templates.NamespaceAlias,10,3,0,6,12,37,6,2,10,0.888888889,52,1.0,0,0.956097561,0.4,1,1,3.8,1,0.9,0
xalan,2.5,xalan-2.5.csv,org.apache.xml.utils.res.XResources_fr,3,4,0,1,4,1,0,1,2,0.5,314,0.0,0,0.976190476,1.0,0,0,103.3333333,1,0.3333,1
xalan,2.5,xalan-2.5.csv,org.apache.xalan.xsltc.compiler.util.ErrorMsg,16,1,0,52,31,0,52,2,12,1.024836601,470,0.049019608,0,0.0,0.411111111,0,0,22.0,3,0.6875,2
xalan,2.5,xalan-2.5.csv,org.apache.xalan.transformer.TrAXFilter,8,2,0,3,36,0,1,2,7,0.5,203,1.0,1,0.829268293,0.25,1,6,24.125,6,1.625,1
xalan,2.5,xalan-2.5.csv,org.apache.xalan.res.XSLTErrorResources_zh_TW,3,4,0,1,4,1,0,1,2,1.423076923,3769,0.0,0,0.976190476,1.0,0,0,1251.0,1,0.3333,0
xalan,2.5,xalan-2.5.csv,org.apache.xml.res.XMLMessages,8,1,1,33,22,18,33,0,6,0.828571429,183,1.0,0,0.0,0.314285714,0,0,21.25,7,1.875,1
xalan,2.5,xalan-2.5.csv,org.w3c.dom.xpath.XPathEvaluator,3,1,0,0,3,3,0,0,3,2.0,3,0.0,0,0.0,0.611111111,0,0,0.0,1,1.0,0
xalan,2.5,xalan-2.5.csv,org.apache.xml.utils.NameSpace,1,1,0,1,2,0,1,0,1,2.0,16,0.0,1,0.0,1.0,0,0,12.0,0,0.0,1
xalan,2.5,xalan-2.5.csv,org.apache.xpath.operations.Bool,3,3,0,6,7,3,1,5,3,2.0,24,0.0,0,0.952380952,0.555555556,1,1,7.0,1,0.6667,0
xalan,2.5,xalan-2.5.csv,org.apache.xalan.xsltc.compiler.ConcatCall,3,4,0,19,22,3,0,19,3,2.0,131,0.0,0,0.979591837,0.444444444,3,14,42.66666667,5,2.0,0
xalan,2.5,xalan-2.5.csv,org.apache.xalan.lib.Redirect,7,1,0,12,45,1,0,12,4,0.75,499,0.5,0,0.0,0.571428571,0,0,69.71428571,7,1.7143,0
xalan,2.5,xalan-2.5.csv,org.apache.xalan.xsltc.compiler.Whitespace,14,3,0,30,79,79,1,29,7,1.030769231,805,0.3,0,0.821917808,0.207142857,2,6,55.78571429,11,3.5714,0
xalan,2.5,xalan-2.5.csv,org.apache.xml.serializer.ToXMLStream,14,3,0,8,79,57,2,6,11,0.961538462,648,1.0,1,0.933701657,0.538461538,3,29,45.14285714,9,1.4286,1
xalan,2.5,xalan-2.5.csv,org.apache.xalan.trace.PrintTraceListener,7,1,0,18,53,9,1,17,7,0.722222222,609,0.0,0,0.0,0.333333333,0,0,85.14285714,10,2.4286,1
xalan,2.5,xalan-2.5.csv,org.apache.xalan.xsltc.compiler.VariableBase,19,3,2,29,61,99,14,18,18,0.907407407,335,1.0,3,0.769230769,0.190789474,1,5,16.0,7,1.7368,2
xalan,2.5,xalan-2.5.csv,org.apache.xalan.xsltc.compiler.Step,16,4,0,30,69,10,5,28,13,0.566666667,787,1.0,0,0.829545455,0.232142857,2,9,47.9375,16,3.3125,2
xalan,2.5,xalan-2.5.csv,org.apache.xalan.xsltc.compiler.UnresolvedRef,7,4,0,16,22,0,0,16,5,0.625,153,1.0,4,0.926829268,0.30952381,2,4,20.28571429,6,1.7143,0
xalan,2.5,xalan-2.5.csv,org.apache.xpath.operations.Lt,2,3,0,4,4,1,1,3,2,2.0,13,0.0,0,0.976190476,0.75,1,1,5.5,1,0.5,0
xalan,2.5,xalan-2.5.csv,org.apache.xpath.objects.NotEqualComparator,3,2,0,3,5,3,1,2,0,2.0,22,0.0,0,0.5,0.555555556,0,0,6.333333333,2,1.3333,0
xalan,2.5,xalan-2.5.csv,org.apache.xpath.functions.FuncSubstringBefore,2,5,0,5,8,1,0,5,2,2.0,34,0.0,0,0.98245614,0.75,1,6,16.0,1,0.5,1
xalan,2.5,xalan-2.5.csv,org.apache.xalan.templates.OutputProperties,35,3,0,15,75,323,9,7,35,0.205882353,556,1.0,0,0.859649123,0.234920635,0,0,14.85714286,13,1.9429,2
xalan,2.5,xalan-2.5.csv,org.apache.xml.serializer.ToXMLSAXHandler,44,3,0,8,95,716,3,5,40,0.930232558,683,1.0,0,0.730263158,0.15034965,2,13,14.5,1,0.9318,4
xalan,2.5,xalan-2.5.csv,org.apache.xalan.templates.ElemEmpty,1,3,0,1,2,0,0,1,1,2.0,4,0.0,0,1.0,1.0,0,0,3.0,0,0.0,1
xalan,2.5,xalan-2.5.csv,org.apache.xalan.res.XSLTErrorResources_ja,3,4,0,1,4,1,0,1,2,1.423076923,3769,0.0,0,0.976190476,1.0,0,0,1251.0,1,0.3333,0
xalan,2.5,xalan-2.5.csv,org.apache.xml.serializer.ElemDesc,4,1,0,2,8,0,1,1,0,1.269230769,80,0.0,1,0.0,0.833333333,0,0,12.5,3,1.75,0
xalan,2.5,xalan-2.5.csv,org.apache.xalan.res.XSLTErrorResources,5,3,10,10,16,8,10,0,3,1.24795082,4275,0.0,0,0.926829268,0.333333333,0,0,805.2,2,0.8,2
xalan,2.5,xalan-2.5.csv,org.apache.xpath.axes.BasicTestIterator,7,5,2,8,24,21,2,7,2,2.0,163,0.0,0,0.9765625,0.371428571,2,4,22.28571429,11,1.8571,0
xalan,2.5,xalan-2.5.csv,org.apache.xalan.xsltc.compiler.UnsupportedElement,7,2,0,11,24,5,1,11,6,0.583333333,131,1.0,2,0.9,0.238095238,1,5,17.42857143,6,1.8571,1
xalan,2.5,xalan-2.5.csv,org.apache.xalan.xsltc.compiler.Closure,4,1,0,6,4,6,6,1,4,2.0,4,0.0,0,0.0,0.625,0,0,0.0,1,1.0,0
xalan,2.5,xalan-2.5.csv,org.apache.xalan.templates.ElemText,6,3,0,4,11,9,3,1,6,0.6,49,1.0,0,0.975124378,0.444444444,2,6,7.0,3,1.1667,1
xalan,2.5,xalan-2.5.csv,org.apache.xalan.xsltc.compiler.BooleanCall,3,4,0,8,11,0,0,8,3,0.0,51,1.0,1,0.979591837,0.444444444,3,13,15.66666667,2,1.0,0
xalan,2.5,xalan-2.5.csv,org.apache.xpath.XPathProcessorException,2,5,0,4,4,1,3,1,2,2.0,11,0.0,0,1.0,0.833333333,0,0,4.5,0,0.0,1
xalan,2.5,xalan-2.5.csv,org.apache.xalan.xsltc.dom.CurrentNodeListFilter,1,1,0,3,1,0,1,2,1,2.0,1,0.0,0,0.0,1.0,0,0,0.0,1,1.0,0
xalan,2.5,xalan-2.5.csv,org.apache.xpath.operations.Minus,3,3,0,7,7,3,2,5,3,2.0,25,0.0,0,0.953488372,0.555555556,1,1,7.333333333,1,0.6667,0
xalan,2.5,xalan-2.5.csv,org.apache.xalan.xsltc.compiler.util.MatchGenerator,10,5,0,9,16,27,1,8,9,0.844444444,79,1.0,0,0.945205479,0.263888889,2,5,6.4,2,0.9,0
xalan,2.5,xalan-2.5.csv,org.apache.xpath.compiler.OpMap,22,1,1,5,38,67,2,3,21,0.873015873,384,0.166666667,2,0.0,0.327272727,0,0,16.18181818,8,1.5455,0
xalan,2.5,xalan-2.5.csv,org.apache.xml.dtm.SecuritySupport12,5,2,0,5,13,10,5,5,4,2.0,45,0.0,0,0.692307692,0.45,0,0,8.0,1,0.8,0
xalan,2.5,xalan-2.5.csv,org.apache.xalan.xsltc.dom.SAXImpl,71,6,0,62,215,2365,16,51,63,0.958128079,2049,1.0,5,0.748148148,0.151428571,3,8,27.45070423,10,2.0,4
xalan,2.5,xalan-2.5.csv,org.apache.xml.utils.res.XResources_de,3,4,0,1,4,1,0,1,2,0.5,314,0.0,0,0.976190476,1.0,0,0,103.3333333,1,0.3333,1
xalan,2.5,xalan-2.5.csv,org.apache.xalan.res.XSLTErrorResources_ko,3,4,0,1,4,1,0,1,2,1.423076923,3769,0.0,0,0.976190476,1.0,0,0,1251.0,1,0.3333,0
xalan,2.5,xalan-2.5.csv,org.apache.xml.utils.res.XResources_cy,3,4,0,1,4,1,0,1,2,0.5,583,0.0,0,0.976190476,1.0,0,0,193.0,1,0.3333,1
xalan,2.5,xalan-2.5.csv,org.apache.xalan.xsltc.compiler.QName,10,1,0,56,18,17,56,0,10,0.777777778,106,1.0,0,0.0,0.4,1,1,9.1,2,1.0,0
xalan,2.5,xalan-2.5.csv,org.apache.xalan.templates.ElemCopyOf,9,3,0,21,45,6,1,20,8,0.375,217,0.0,1,0.960784314,0.238095238,2,6,23.0,2,1.0,1
xalan,2.5,xalan-2.5.csv,org.apache.xalan.xsltc.compiler.UseAttributeSets,4,3,0,19,30,0,5,15,4,0.833333333,127,1.0,0,0.949152542,0.416666667,1,4,30.25,4,2.0,1
xalan,2.5,xalan-2.5.csv,org.apache.xpath.functions.Function2Args,9,4,7,15,23,6,8,8,8,0.375,123,0.0,1,0.857142857,0.355555556,3,9,12.55555556,6,1.7778,1
xalan,2.5,xalan-2.5.csv,org.apache.xpath.objects.XBoolean,10,3,1,27,18,3,25,3,9,0.777777778,98,0.0,2,0.91025641,0.333333333,2,22,8.5,3,1.2,1
xalan,2.5,xalan-2.5.csv,org.apache.xpath.axes.UnionPathIterator,16,5,0,22,54,46,4,21,13,0.6,560,1.0,2,0.899280576,0.2,2,13,33.875,9,2.4375,2
xalan,2.5,xalan-2.5.csv,org.apache.xalan.xsltc.compiler.TestSeq,11,1,0,13,45,0,1,13,9,0.633333333,360,1.0,2,0.0,0.222222222,0,0,31.18181818,11,2.4545,0
xalan,2.5,xalan-2.5.csv,org.apache.xml.dtm.ref.ExpandedNameTable,13,1,0,23,25,2,21,2,10,0.949275362,383,0.391304348,4,0.0,0.555555556,0,0,26.69230769,9,2.0,1
xalan,2.5,xalan-2.5.csv,org.apache.xml.serializer.WriterToUTF8,7,2,0,1,13,0,1,0,7,0.583333333,214,1.0,0,0.684210526,0.342857143,1,2,29.28571429,1,0.8571,0
xalan,2.5,xalan-2.5.csv,org.apache.xpath.operations.Quo,2,3,0,4,5,1,1,3,2,2.0,16,0.0,0,0.976190476,0.75,1,1,7.0,1,0.5,0
xalan,2.5,xalan-2.5.csv,org.apache.xpath.FoundIndex,1,4,0,0,2,0,0,0,1,2.0,4,0.0,0,1.0,1.0,0,0,3.0,0,0.0,1
xalan,2.5,xalan-2.5.csv,org.apache.xpath.axes.FilterExprWalker,18,5,0,19,48,13,5,15,16,0.735294118,244,1.0,2,0.858333333,0.185185185,4,14,12.33333333,3,1.3889,0
xalan,2.5,xalan-2.5.csv,org.apache.xalan.xsltc.compiler.Include,5,3,0,14,51,4,1,14,4,0.5,332,1.0,1,0.9375,0.36,2,5,65.2,14,3.4,2
xalan,2.5,xalan-2.5.csv,org.apache.xalan.processor.StylesheetHandler,70,2,0,46,152,2107,25,24,33,0.93812709,1315,0.730769231,5,0.2,0.108695652,1,1,17.41428571,7,1.3,4
xalan,2.5,xalan-2.5.csv,org.apache.xalan.xsltc.dom.DocumentCache,10,1,0,7,52,17,1,7,4,0.654320988,402,1.0,1,0.0,0.2875,0,0,38.3,7,2.0,1
xalan,2.5,xalan-2.5.csv,org.apache.xml.dtm.DTMAxisIterator,12,1,0,78,12,66,78,0,12,1.090909091,13,0.0,0,0.0,0.416666667,0,0,0.0,1,1.0,0
xalan,2.5,xalan-2.5.csv,org.apache.xalan.lib.sql.QueryParameter,5,1,0,1,6,0,1,0,5,0.5,30,1.0,0,0.0,0.8,0,0,4.6,1,0.8,1
xalan,2.5,xalan-2.5.csv,org.apache.xalan.xsltc.compiler.If,5,3,0,16,28,0,2,15,4,0.25,129,1.0,1,0.933333333,0.333333333,1,5,24.4,5,1.8,0
xalan,2.5,xalan-2.5.csv,org.apache.xalan.processor.WhitespaceInfoPaths,4,5,0,4,6,0,2,2,3,0.333333333,23,1.0,0,0.986486486,0.5,0,0,4.5,1,0.75,0
xalan,2.5,xalan-2.5.csv,org.apache.xalan.xsltc.compiler.util.IntType,28,3,0,46,63,374,8,40,26,1.0,422,0.0,0,0.564516129,0.181547619,1,3,14.03571429,10,1.6786,0
xalan,2.5,xalan-2.5.csv,org.apache.xalan.xsltc.compiler.util.NodeSetType,21,2,0,41,49,190,15,29,19,2.0,516,0.0,0,0.622641509,0.238095238,2,4,23.57142857,7,1.619,0
xalan,2.5,xalan-2.5.csv,org.apache.xalan.xpath.xml.FormatterToText,2,2,0,2,4,1,1,1,2,1.0,14,1.0,0,0.966666667,0.75,0,0,5.5,1,0.5,0
xalan,2.5,xalan-2.5.csv,org.apache.xml.utils.res.XResources_ja_JP_A,3,4,0,1,4,1,0,1,2,0.5,599,0.0,0,0.976190476,1.0,0,0,198.3333333,1,0.3333,1
xalan,2.5,xalan-2.5.csv,org.apache.xml.utils.res.XResources_hy,3,4,0,1,4,1,0,1,2,0.5,614,0.0,0,0.976190476,1.0,0,0,203.3333333,1,0.3333,1
xalan,2.5,xalan-2.5.csv,org.apache.xalan.templates.ElemValueOf,11,3,0,16,41,15,3,14,10,0.7,228,1.0,1,0.951456311,0.233766234,2,6,19.45454545,4,1.2727,1
xalan,2.5,xalan-2.5.csv,org.apache.xalan.xsltc.runtime.Parameter,2,1,0,2,3,0,2,0,2,0.0,29,0.0,0,0.0,0.875,0,0,12.0,0,0.0,0
xalan,2.5,xalan-2.5.csv,org.apache.xalan.xsltc.compiler.FlowList,7,1,0,29,17,0,26,3,7,0.0,155,1.0,0,0.0,0.464285714,0,0,21.0,4,1.8571,0
xalan,2.5,xalan-2.5.csv,org.apache.xalan.res.XSLTErrorResources_fr,3,4,0,1,4,1,0,1,2,1.423076923,3769,0.0,0,0.976190476,1.0,0,0,1251.0,1,0.3333,0
xalan,2.5,xalan-2.5.csv,org.apache.xpath.axes.UnionChildIterator,3,7,0,9,14,0,1,8,3,0.0,119,1.0,0,0.985185185,0.555555556,3,3,38.33333333,5,2.3333,1
xalan,2.5,xalan-2.5.csv,org.apache.xalan.xpath.xml.ProblemListener,2,1,0,3,2,1,3,0,2,2.0,10,0.0,0,0.0,0.666666667,0,0,0.0,1,1.0,0
xalan,2.5,xalan-2.5.csv,org.apache.xpath.functions.FuncExtFunction,13,3,0,22,30,16,12,12,12,0.791666667,207,0.0,0,0.76,0.205128205,2,9,14.61538462,3,1.3846,2
xalan,2.5,xalan-2.5.csv,org.apache.xalan.xsltc.dom.DOMWSFilter,2,1,0,9,10,0,2,7,2,0.4,110,1.0,4,0.0,0.625,0,0,51.5,9,4.5,0
xalan,2.5,xalan-2.5.csv,org.apache.xpath.functions.FuncNormalizeSpace,3,5,0,6,11,3,0,6,3,2.0,45,0.0,0,0.964912281,0.666666667,2,7,14.0,1,0.6667,1
xalan,2.5,xalan-2.5.csv,org.apache.xalan.xsltc.compiler.FloorCall,2,4,0,10,10,1,0,10,2,2.0,26,0.0,0,0.989690722,0.6,2,4,12.0,1,0.5,0
xalan,2.5,xalan-2.5.csv,org.apache.xalan.templates.KeyDeclaration,9,3,0,11,17,16,7,6,9,0.75,79,1.0,3,0.960784314,0.296296296,1,2,7.444444444,1,0.8889,2
xalan,2.5,xalan-2.5.csv,org.apache.xml.utils.res.XResources_zh_CN,3,4,0,1,4,1,0,1,2,0.5,499,0.0,0,0.976190476,1.0,0,0,165.0,1,0.3333,1
xalan,2.5,xalan-2.5.csv,org.apache.xalan.xslt.XSLTEngineImpl,82,1,0,45,244,2147,6,41,72,0.882716049,2845,0.625,4,0.0,0.086934156,0,0,33.5,4,1.1707,0
xalan,2.5,xalan-2.5.csv,org.apache.xpath.operations.And,3,3,0,6,7,1,1,5,3,2.0,42,0.0,0,0.953488372,0.833333333,1,6,13.0,1,0.6667,0
xalan,2.5,xalan-2.5.csv,org.apache.xalan.templates.ElemApplyImport,5,3,0,7,17,10,1,6,5,2.0,69,0.0,0,0.98,0.466666667,2,6,12.8,1,0.8,1
xalan,2.5,xalan-2.5.csv,org.apache.xpath.XPathContext,78,2,1,173,145,2203,156,23,76,0.93452381,1077,0.791666667,13,0.2,0.06993007,0,0,12.5,5,1.2949,3
xalan,2.5,xalan-2.5.csv,org.apache.xalan.lib.sql.ConnectionPoolManager,6,1,0,3,16,0,1,2,5,0.3,69,0.0,0,0.0,0.6,0,0,10.16666667,3,1.3333,1
xalan,2.5,xalan-2.5.csv,org.apache.xalan.xsltc.dom.ExtendedSAX,0,1,0,1,0,0,1,0,0,2.0,0,0.0,0,0.0,0.0,0,0,0.0,0,0.0,0
xalan,2.5,xalan-2.5.csv,org.apache.xalan.processor.XSLTSchema,6,2,0,27,47,3,5,25,2,0.7875,2717,0.03125,0,0.848484848,0.444444444,1,1,446.5,38,7.0,1
xalan,2.5,xalan-2.5.csv,org.apache.xalan.xsltc.compiler.util.ErrorMessages_no,3,4,0,1,4,1,0,1,2,0.5,1014,1.0,0,0.975,1.0,0,0,336.6666667,1,0.3333,0
xalan,2.5,xalan-2.5.csv,org.apache.xalan.xsltc.compiler.AncestorPattern,10,6,0,30,48,1,2,28,10,0.518518519,302,1.0,2,0.925233645,0.242857143,4,5,28.9,8,1.6,0
xalan,2.5,xalan-2.5.csv,org.apache.xpath.patterns.ContextMatchStepPattern,3,4,0,8,16,3,1,8,3,2.0,176,0.0,0,0.975903614,0.583333333,2,12,57.66666667,1,0.6667,0
xalan,2.5,xalan-2.5.csv,org.apache.xalan.xsltc.compiler.util.TypeCheckError,7,3,0,89,13,0,88,2,7,0.083333333,98,0.0,2,0.85,0.371428571,1,2,12.71428571,3,0.7143,0
xalan,2.5,xalan-2.5.csv,org.apache.xalan.xsltc.compiler.NameCall,3,5,0,9,11,3,0,9,3,2.0,37,0.0,0,0.99,0.533333333,3,5,11.33333333,1,0.3333,0
xalan,2.5,xalan-2.5.csv,org.apache.xalan.xsltc.dom.NodeSortRecordFactory,5,1,0,7,14,4,2,6,4,0.75,126,1.0,2,0.0,0.416666667,0,0,22.6,1,0.6,1
xalan,2.5,xalan-2.5.csv,org.apache.xpath.objects.XRTreeFrag,19,3,1,21,42,83,6,15,18,0.6,332,0.2,3,0.816091954,0.184210526,2,24,16.21052632,9,1.6842,1
xalan,2.5,xalan-2.5.csv,org.apache.xalan.xsltc.dom.CurrentNodeListIterator,13,2,0,6,31,14,0,6,12,0.583333333,268,1.0,4,0.541666667,0.307692308,1,8,19.07692308,3,1.4615,0
xalan,2.5,xalan-2.5.csv,org.apache.xpath.functions.FuncLang,2,4,0,6,15,1,0,6,2,2.0,73,0.0,0,0.979591837,0.75,1,6,35.5,1,0.5,1
xalan,2.5,xalan-2.5.csv,org.apache.xpath.functions.FuncUnparsedEntityURI,2,4,0,6,10,1,0,6,2,2.0,30,0.0,0,0.979591837,0.75,1,6,14.0,1,0.5,1
xalan,2.5,xalan-2.5.csv,org.apache.xalan.templates.ElemApplyTemplates,9,5,0,23,82,20,2,22,9,0.6875,571,1.0,1,0.965811966,0.311111111,5,10,62.22222222,1,0.8889,2
xalan,2.5,xalan-2.5.csv,org.apache.xalan.xsltc.dom.UnionIterator,9,2,0,6,25,0,1,5,8,0.517857143,401,1.0,2,0.619047619,0.361111111,1,6,42.77777778,6,2.8889,2
xalan,2.5,xalan-2.5.csv,org.apache.xml.dtm.ref.dom2dtm.DOM2DTM,39,4,0,18,119,617,1,18,30,0.870813397,1667,0.545454545,1,0.712121212,0.142857143,2,17,41.46153846,42,4.6154,0
xalan,2.5,xalan-2.5.csv,org.apache.xml.dtm.ref.DTMDocumentImpl,110,1,0,13,149,5191,0,13,96,0.943807339,1849,0.666666667,8,0.0,0.11983945,0,0,15.59090909,10,1.5364,1
xalan,2.5,xalan-2.5.csv,org.apache.xalan.xsltc.compiler.EqualityExpr,12,3,0,37,49,0,1,36,11,0.333333333,836,1.0,2,0.865853659,0.238095238,2,8,68.41666667,18,3.25,0
xalan,2.5,xalan-2.5.csv,org.apache.xalan.xsltc.runtime.Constants,0,1,0,1,0,0,1,0,0,2.0,14,0.0,0,0.0,0.0,0,0,0.0,0,0.0,0
xalan,2.5,xalan-2.5.csv,org.apache.xalan.xsltc.compiler.ParentPattern,8,6,0,26,43,0,1,25,8,0.285714286,253,1.0,2,0.933962264,0.25,4,5,30.375,8,1.75,0
xalan,2.5,xalan-2.5.csv,org.apache.xalan.xsltc.compiler.util.StringType,19,2,0,41,47,151,18,27,17,1.0,286,0.0,0,0.647058824,0.247368421,2,4,14.0,4,1.3158,0
xalan,2.5,xalan-2.5.csv,org.apache.xml.utils.synthetic.reflection.Member,4,1,0,6,4,6,4,2,4,2.0,4,0.0,0,0.0,0.5,0,0,0.0,1,1.0,1
xalan,2.5,xalan-2.5.csv,org.apache.xalan.xsltc.runtime.MessageHandler,2,1,1,3,4,1,3,0,2,2.0,9,0.0,0,0.0,0.75,0,0,3.5,1,0.5,0
xalan,2.5,xalan-2.5.csv,org.apache.xalan.lib.sql.PooledConnection,5,1,0,1,9,0,1,0,5,0.5,41,1.0,0,0.0,0.466666667,0,0,6.8,1,0.8,1
xalan,2.5,xalan-2.5.csv,org.apache.xalan.trace.EndSelectionEvent,1,2,0,8,2,0,3,5,1,2.0,10,0.0,0,0.0,1.0,0,0,9.0,0,0.0,1
xalan,2.5,xalan-2.5.csv,org.apache.xalan.xsltc.compiler.util.ReferenceType,20,2,0,41,46,184,19,29,19,2.0,448,0.0,0,0.634615385,0.230769231,2,4,21.4,8,1.75,0
xalan,2.5,xalan-2.5.csv,org.apache.xalan.xsltc.cmdline.Transform,10,1,0,12,71,17,0,12,6,0.788888889,665,1.0,1,0.0,0.277777778,0,0,64.5,15,3.4,0
xalan,2.5,xalan-2.5.csv,org.apache.xalan.templates.VarNameCollector,5,2,0,5,12,0,1,4,4,0.0,34,0.0,0,0.75,0.4,0,0,5.6,1,0.8,0
xalan,2.5,xalan-2.5.csv,org.apache.xml.utils.MutableAttrListImpl,5,2,0,1,18,10,1,0,5,2.0,107,0.0,0,0.888888889,0.6,1,2,20.4,4,1.8,1
xalan,2.5,xalan-2.5.csv,org.apache.xalan.xsltc.compiler.StartsWithCall,3,4,0,16,17,0,0,16,3,0.0,108,1.0,2,0.979591837,0.444444444,3,13,34.33333333,1,0.6667,0
xalan,2.5,xalan-2.5.csv,org.apache.xalan.xsltc.compiler.AttributeSet,8,3,0,24,54,6,3,23,7,0.80952381,279,1.0,3,0.895522388,0.3,2,5,33.125,7,2.25,2
xalan,2.5,xalan-2.5.csv,org.apache.xalan.extensions.ExpressionVisitor,2,2,0,7,6,0,1,6,2,0.0,23,1.0,1,0.923076923,0.625,0,0,10.0,2,1.0,2
xalan,2.5,xalan-2.5.csv,org.apache.xalan.xsltc.compiler.CompilerException,4,3,0,2,9,0,2,0,4,0.333333333,40,1.0,0,0.944444444,0.5,1,1,8.75,2,0.5,0
xalan,2.5,xalan-2.5.csv,org.apache.xalan.xsltc.compiler.Choose,3,3,0,24,37,3,2,23,2,2.0,245,0.0,0,0.965517241,0.5,2,4,80.66666667,15,5.3333,0
xalan,2.5,xalan-2.5.csv,org.apache.xalan.transformer.TransformState,7,1,0,6,7,21,3,3,7,2.0,7,0.0,0,0.0,1.0,0,0,0.0,1,1.0,0
xalan,2.5,xalan-2.5.csv,org.apache.xalan.xsltc.compiler.ProcessingInstructionPattern,7,7,0,23,40,1,0,23,7,0.583333333,297,1.0,0,0.951612903,0.314285714,5,11,41.14285714,4,1.5714,0
xalan,2.5,xalan-2.5.csv,org.apache.xml.utils.synthetic.reflection.EntryPoint,22,1,2,5,49,71,2,5,20,0.706349206,827,0.833333333,4,0.0,0.272727273,1,1,36.04545455,16,2.7727,1
xalan,2.5,xalan-2.5.csv,org.apache.xpath.operations.NotEquals,2,3,0,4,4,1,1,3,2,2.0,13,0.0,0,0.976190476,0.75,1,1,5.5,1,0.5,0
xalan,2.5,xalan-2.5.csv,org.apache.xalan.extensions.XSLProcessorContext,7,1,1,26,49,5,6,20,7,0.733333333,321,1.0,4,0.0,0.392857143,0,0,44.14285714,1,0.8571,1
xalan,2.5,xalan-2.5.csv,org.apache.xpath.XPathVisitor,13,1,5,43,14,78,40,13,13,2.0,40,0.0,0,0.0,0.203296703,0,0,2.076923077,1,0.9231,0
xalan,2.5,xalan-2.5.csv,org.apache.xalan.xsltc.compiler.LocalNameCall,3,5,0,10,13,3,0,10,3,2.0,50,0.0,0,0.99,0.533333333,3,5,15.66666667,1,0.3333,0
xalan,2.5,xalan-2.5.csv,org.apache.xalan.xsltc.cmdline.getopt.GetOptsException,1,3,2,3,2,0,3,0,1,2.0,5,0.0,0,1.0,1.0,0,0,4.0,0,0.0,0
xalan,2.5,xalan-2.5.csv,org.apache.xalan.xsltc.dom.NodeCounter,15,1,3,8,39,91,4,4,7,0.811688312,833,0.818181818,3,0.0,0.267857143,0,0,53.06666667,14,3.6,0
xalan,2.5,xalan-2.5.csv,org.apache.xpath.functions.FuncExtElementAvailable,2,4,0,10,17,1,0,10,2,2.0,87,0.0,0,0.979591837,0.75,2,7,42.5,1,0.5,1
xalan,2.5,xalan-2.5.csv,org.apache.xml.dtm.FactoryFinder,7,1,0,3,35,11,1,2,0,0.611111111,395,0.666666667,0,0.0,0.333333333,0,0,55.0,2,0.8571,0
xalan,2.5,xalan-2.5.csv,org.apache.xml.dtm.DTMAxisTraverser,5,1,12,31,6,10,31,0,5,2.0,19,0.0,0,0.0,0.9,0,0,2.8,1,0.8,0
xalan,2.5,xalan-2.5.csv,org.apache.xpath.axes.AttributeIterator,3,7,0,4,6,3,1,3,1,2.0,31,0.0,0,0.985185185,0.555555556,3,5,9.333333333,2,1.0,1
xalan,2.5,xalan-2.5.csv,org.apache.xalan.xsltc.compiler.CopyOf,5,3,0,24,32,0,1,23,4,0.25,269,1.0,1,0.933333333,0.333333333,1,4,52.6,5,1.8,0
xalan,2.5,xalan-2.5.csv,org.apache.xalan.xsltc.compiler.Output,8,3,0,19,43,0,2,19,7,0.847619048,734,1.0,0,0.895522388,0.270833333,3,7,88.875,29,5.875,1
xalan,2.5,xalan-2.5.csv,org.apache.xpath.SourceTree,1,1,0,1,2,0,1,0,1,2.0,12,0.0,0,0.0,1.0,0,0,9.0,0,0.0,1
xalan,2.5,xalan-2.5.csv,org.apache.xalan.xsltc.compiler.util.CompareGenerator,11,5,0,16,23,37,3,13,10,0.916666667,141,1.0,0,0.93877551,0.225,2,5,10.72727273,2,0.9091,0
xalan,2.5,xalan-2.5.csv,org.apache.xpath.axes.ChildIterator,4,5,0,5,9,6,1,4,3,2.0,64,0.0,0,0.9765625,0.4375,1,6,15.0,4,1.5,1
xalan,2.5,xalan-2.5.csv,org.apache.xml.utils.Trie,3,1,0,2,8,0,2,1,3,0.75,100,0.0,1,0.0,0.666666667,0,0,31.66666667,4,2.3333,1
xalan,2.5,xalan-2.5.csv,org.apache.xalan.xpath.XPathSupportDefault,1,3,0,2,2,0,0,2,1,2.0,4,0.0,0,1.0,1.0,0,0,3.0,0,0.0,0
xalan,2.5,xalan-2.5.csv,org.apache.xpath.Arg,15,1,0,3,21,0,1,2,15,0.628571429,158,1.0,2,0.0,0.311111111,0,0,9.2,2,0.8667,1
xalan,2.5,xalan-2.5.csv,org.apache.xalan.xsltc.compiler.RealExpr,4,3,0,11,14,0,0,11,4,0.333333333,44,1.0,0,0.959459459,0.4,2,7,9.75,1,0.75,0
xalan,2.5,xalan-2.5.csv,org.apache.xalan.trace.GenerateEvent,5,1,0,4,6,0,4,1,5,0.6875,82,0.0,1,0.0,0.666666667,0,0,13.8,0,0.0,1
xalan,2.5,xalan-2.5.csv,org.apache.xml.dtm.ref.DTMNamedNodeMap,9,1,0,3,16,24,2,2,9,0.708333333,143,0.0,1,0.0,0.4,0,0,14.55555556,3,1.5556,1
xalan,2.5,xalan-2.5.csv,org.apache.xml.serializer.SerializerBase,65,1,3,12,109,1852,3,9,46,0.965104167,842,0.933333333,4,0.0,0.13974359,0,0,11.49230769,9,1.4615,2
xalan,2.5,xalan-2.5.csv,org.apache.xalan.xsltc.cmdline.getopt.MissingOptArgException,1,4,0,2,2,0,1,1,1,2.0,5,0.0,0,1.0,1.0,0,0,4.0,0,0.0,0
xalan,2.5,xalan-2.5.csv,org.apache.xml.serializer.OutputPropertiesFactory,8,1,0,9,47,14,6,5,2,0.983516484,460,0.615384615,0,0.0,0.25,0,0,53.25,10,2.375,0
xalan,2.5,xalan-2.5.csv,org.apache.xalan.xpath.XString,10,2,0,6,22,0,2,4,10,0.111111111,78,0.0,1,0.689655172,0.28,1,1,6.7,2,1.0,0
xalan,2.5,xalan-2.5.csv,org.apache.xpath.axes.SelfIteratorNoPredicate,5,5,0,8,8,10,3,5,4,2.0,57,0.0,0,0.9765625,0.45,1,4,10.4,4,1.2,1
xalan,2.5,xalan-2.5.csv,org.apache.xalan.xsltc.dom.XSLTCDTMManager,6,3,0,20,37,15,10,11,5,1.133333333,273,1.0,0,0.897435897,0.56,1,4,44.0,16,3.1667,0
xalan,2.5,xalan-2.5.csv,org.apache.xalan.xsltc.trax.SAX2DOM,21,1,0,2,52,126,1,1,21,0.7625,322,1.0,0,0.0,0.265306122,0,0,14.14285714,7,1.381,0
xalan,2.5,xalan-2.5.csv,org.apache.xalan.xsltc.compiler.util.MethodGenerator,27,4,6,137,49,311,122,15,27,0.978632479,432,1.0,1,0.788617886,0.159259259,1,2,14.0,4,1.2963,1
xalan,2.5,xalan-2.5.csv,org.apache.xml.serializer.SerializationHandler,9,1,0,47,9,36,41,6,9,2.0,9,0.0,0,0.0,0.238095238,0,0,0.0,1,1.0,0
xalan,2.5,xalan-2.5.csv,org.apache.xpath.functions.FuncBoolean,2,4,0,5,5,1,0,5,2,2.0,15,0.0,0,0.979591837,0.75,1,6,6.5,1,0.5,1
xalan,2.5,xalan-2.5.csv,org.apache.xpath.patterns.NodeTestFilter,1,1,0,1,1,0,0,1,1,2.0,1,0.0,0,0.0,1.0,0,0,0.0,1,1.0,0
xalan,2.5,xalan-2.5.csv,org.apache.xalan.xsltc.compiler.LangCall,4,4,0,17,17,0,0,17,4,0.666666667,84,1.0,2,0.96969697,0.375,3,8,19.5,2,1.0,0
xalan,2.5,xalan-2.5.csv,org.apache.xalan.xsltc.dom.FilterIterator,9,2,0,4,24,0,0,4,9,0.625,109,1.0,2,0.619047619,0.288888889,1,6,10.77777778,3,1.2222,0
xalan,2.5,xalan-2.5.csv,org.apache.xalan.xsltc.compiler.RelativePathPattern,1,5,3,7,2,0,6,1,0,2.0,4,0.0,0,1.0,1.0,0,0,3.0,0,0.0,0
xalan,2.5,xalan-2.5.csv,org.apache.xpath.axes.AxesWalker,27,4,2,21,53,257,8,15,23,0.802884615,454,0.625,4,0.747572816,0.138888889,1,4,15.51851852,5,1.5926,0
xalan,2.5,xalan-2.5.csv,org.apache.xpath.objects.GreaterThanOrEqualComparator,3,2,0,3,5,3,1,2,0,2.0,24,0.0,0,0.5,0.555555556,0,0,7.0,2,1.3333,0
xalan,2.5,xalan-2.5.csv,org.apache.xalan.xsltc.compiler.SimpleAttributeValue,5,4,0,11,10,4,1,11,4,0.5,38,1.0,0,0.947368421,0.36,2,8,6.4,1,0.8,0
xalan,2.5,xalan-2.5.csv,org.apache.xalan.xsltc.compiler.VariableRef,2,4,0,18,25,1,2,16,2,2.0,137,0.0,0,0.987012987,0.625,2,3,67.5,9,4.5,1
xalan,2.5,xalan-2.5.csv,org.apache.xalan.xsltc.compiler.Message,4,3,0,19,26,0,0,19,3,0.333333333,311,1.0,0,0.949152542,0.4,2,6,76.5,6,2.25,0
xalan,2.5,xalan-2.5.csv,org.apache.xalan.xpath.xdom.XercesLiaison,15,5,0,6,39,91,0,6,13,0.857142857,181,1.0,0,0.729166667,0.16,1,5,10.93333333,3,1.0667,0
xalan,2.5,xalan-2.5.csv,org.apache.xpath.compiler.PsuedoNames,1,1,0,0,2,0,0,0,1,2.0,10,0.0,0,0.0,1.0,0,0,3.0,0,0.0,0
xalan,2.5,xalan-2.5.csv,org.apache.xalan.transformer.TransformerHandlerImpl,36,1,0,10,100,0,2,9,33,0.817582418,914,0.923076923,2,0.0,0.176623377,0,0,24.02777778,7,1.1944,0
xalan,2.5,xalan-2.5.csv,org.apache.xalan.templates.AVT,14,1,0,23,44,29,11,13,14,0.769230769,546,1.0,0,0.0,0.206349206,0,0,37.64285714,4,1.8571,1
xalan,2.5,xalan-2.5.csv,org.apache.xpath.functions.FuncFalse,3,3,0,4,4,3,0,4,3,2.0,9,0.0,0,0.95,0.5,1,6,2.0,1,0.6667,1
xalan,2.5,xalan-2.5.csv,org.apache.xalan.xsltc.compiler.LiteralElement,13,3,0,25,77,40,5,21,9,0.783333333,663,1.0,1,0.823529412,0.207692308,2,10,49.61538462,18,4.5385,2
xalan,2.5,xalan-2.5.csv,org.apache.xpath.NodeSetDTM,56,2,2,25,84,714,18,7,56,0.739393939,839,0.833333333,1,0.363636364,0.160714286,1,4,13.875,9,1.5714,1
xalan,2.5,xalan-2.5.csv,org.apache.xpath.compiler.Lexer,10,1,0,6,30,3,1,6,0,0.611111111,807,0.5,3,0.0,0.3125,0,0,79.1,11,2.8,0
xalan,2.5,xalan-2.5.csv,org.apache.xalan.templates.ElemExsltFunction,10,4,0,16,31,15,4,12,10,0.666666667,198,1.0,1,0.960176991,0.25,4,7,18.5,1,0.9,3
xalan,2.5,xalan-2.5.csv,org.apache.xml.utils.XMLStringFactoryDefault,6,2,0,4,10,13,0,4,5,0.8,41,1.0,1,0.5,0.4,0,0,5.666666667,1,0.6667,0
xalan,2.5,xalan-2.5.csv,org.apache.xml.dtm.ref.CoroutineParser,8,1,0,1,8,28,0,1,8,2.0,8,0.0,0,0.0,0.28125,0,0,0.0,1,1.0,0
xalan,2.5,xalan-2.5.csv,org.apache.xpath.operations.Variable,16,2,1,26,51,50,8,19,16,0.746666667,356,0.8,1,0.666666667,0.1875,2,10,20.9375,9,2.25,1
xalan,2.5,xalan-2.5.csv,org.apache.xpath.compiler.XPathDumper,1,1,0,0,2,0,0,0,1,2.0,4,0.0,0,0.0,1.0,0,0,3.0,0,0.0,0
xalan,2.5,xalan-2.5.csv,org.apache.xml.dtm.ref.DTMManagerDefault,16,2,1,27,85,76,8,22,16,0.8,728,0.8,2,0.558823529,0.215909091,1,1,44.1875,25,4.0625,0
xalan,2.5,xalan-2.5.csv,org.apache.xalan.processor.ProcessorUnknown,3,5,0,3,4,3,1,2,3,2.0,8,0.0,0,0.990697674,0.666666667,1,2,1.666666667,1,0.6667,2
xalan,2.5,xalan-2.5.csv,org.apache.xml.dtm.ref.ChunkedIntArray,9,1,0,3,24,0,2,2,0,0.892857143,353,0.0,1,0.0,0.62962963,0,0,37.44444444,3,1.4444,0
xalan,2.5,xalan-2.5.csv,org.apache.xml.utils.ElemDesc,4,1,0,0,10,0,0,0,0,1.266666667,90,0.0,0,0.0,0.833333333,0,0,15.25,4,2.0,1
xalan,2.5,xalan-2.5.csv,org.apache.xalan.xpath.XObject,22,1,6,15,42,0,9,6,19,0.238095238,140,0.0,1,0.0,0.265151515,0,0,5.318181818,1,0.9091,0
xalan,2.5,xalan-2.5.csv,org.apache.xalan.xsltc.Translet,9,1,0,20,9,36,16,4,9,2.0,9,0.0,0,0.0,0.296296296,0,0,0.0,1,1.0,0
xalan,2.5,xalan-2.5.csv,org.apache.xalan.xsltc.compiler.util.ObjectType,18,2,0,28,52,91,6,23,16,0.68627451,271,0.666666667,0,0.6875,0.222222222,2,3,13.88888889,2,1.0,0
xalan,2.5,xalan-2.5.csv,org.apache.xalan.xsltc.compiler.BinOpExpr,7,3,0,14,36,0,0,14,6,0.814814815,242,0.444444444,2,0.934210526,0.285714286,2,8,32.28571429,3,1.1429,0
xalan,2.5,xalan-2.5.csv,org.apache.xpath.functions.Function,9,2,7,21,15,36,15,8,8,2.0,51,0.0,0,0.789473684,0.285714286,1,7,4.666666667,2,1.1111,1
xalan,2.5,xalan-2.5.csv,org.apache.xalan.extensions.ExtensionHandlerJavaPackage,7,3,0,10,47,9,0,10,6,1.0,658,0.0,0,0.571428571,0.349206349,2,5,92.71428571,7,1.8571,1
xalan,2.5,xalan-2.5.csv,org.apache.xml.utils.XMLStringFactory,5,1,2,22,6,10,20,2,5,2.0,8,0.0,0,0.0,0.4,0,0,0.6,1,0.8,0
xalan,2.5,xalan-2.5.csv,org.apache.xalan.templates.ElemComment,5,3,0,5,17,10,1,4,5,2.0,74,0.0,0,0.98,0.466666667,2,6,13.8,16,3.8,1
xalan,2.5,xalan-2.5.csv,org.apache.xpath.res.XPATHErrorResources,5,3,10,10,16,8,10,0,3,1.246296296,2125,0.0,0,0.926829268,0.333333333,0,0,397.0,2,0.8,1
xalan,2.5,xalan-2.5.csv,org.apache.xpath.axes.MatchPatternIterator,6,5,0,11,25,3,1,11,4,0.75,261,1.0,2,0.961538462,0.4,1,6,41.83333333,10,2.8333,0
xalan,2.5,xalan-2.5.csv,org.apache.xpath.res.XPATHErrorResources_zh_TW,3,4,0,1,4,1,0,1,2,1.428571429,1872,0.0,0,0.976190476,1.0,0,0,618.3333333,1,0.3333,1
xalan,2.5,xalan-2.5.csv,org.apache.xml.utils.synthetic.reflection.Method,6,2,0,5,16,13,3,4,6,2.0,58,0.0,0,0.863636364,0.388888889,2,3,8.666666667,1,0.5,1
xalan,2.5,xalan-2.5.csv,org.apache.xalan.templates.RedundentExprEliminator,38,3,0,27,128,607,1,27,6,0.9,1849,0.0,2,0.357142857,0.194594595,0,0,47.39473684,15,3.7632,0
xalan,2.5,xalan-2.5.csv,org.apache.xml.utils.TreeWalker,10,1,0,12,65,0,7,5,7,0.305555556,623,0.75,1,0.0,0.44,0,0,60.9,1,0.7,2
xalan,2.5,xalan-2.5.csv,org.apache.xalan.lib.sql.SQLErrorDocument,4,5,0,4,13,0,1,3,2,0.636363636,179,1.0,0,0.989528796,0.55,1,1,41.0,1,0.5,0
xalan,2.5,xalan-2.5.csv,org.apache.xml.res.XMLErrorResources_sv,3,4,0,1,4,1,0,1,2,1.3,875,0.0,0,0.976190476,1.0,0,0,289.0,1,0.3333,0
xalan,2.5,xalan-2.5.csv,org.apache.xalan.processor.ProcessorStylesheetDoc,1,4,0,2,2,0,1,1,1,2.0,4,0.0,0,1.0,1.0,0,0,3.0,0,0.0,1
xalan,2.5,xalan-2.5.csv,org.apache.xalan.templates.ElemTemplateElement,85,2,29,94,127,3140,83,17,74,0.912698413,1307,0.75,3,0.564766839,0.092041522,1,12,14.23529412,9,1.5529,4
xalan,2.5,xalan-2.5.csv,org.apache.xml.utils.IntStack,12,2,0,11,20,24,10,1,12,2.0,153,0.0,0,0.64,0.527777778,1,14,11.75,2,1.0,1
xalan,2.5,xalan-2.5.csv,org.apache.xalan.lib.sql.ConnectionPool,14,1,0,4,14,91,4,0,14,2.0,14,0.0,0,0.0,0.273809524,0,0,0.0,1,1.0,1
xalan,2.5,xalan-2.5.csv,org.apache.xpath.NodeSet,61,1,0,10,71,714,6,4,60,0.629166667,1450,0.875,0,0.0,0.219262295,0,0,22.63934426,9,2.2131,2
xalan,2.5,xalan-2.5.csv,org.apache.xalan.xsltc.compiler.Parser,76,1,0,97,204,2562,87,23,59,0.933777778,3281,1.0,9,0.0,0.093421053,0,0,41.77631579,13,2.25,1
xalan,2.5,xalan-2.5.csv,org.apache.xalan.xsltc.compiler.Mode,31,1,0,41,146,327,4,39,12,0.853968254,3077,1.0,7,0.0,0.163306452,0,0,97.58064516,41,5.6452,0
xalan,2.5,xalan-2.5.csv,org.apache.xalan.lib.ExsltDynamic,7,2,0,16,43,21,1,15,7,1.166666667,682,0.0,0,0.25,0.642857143,0,0,96.28571429,1,0.8571,1
xalan,2.5,xalan-2.5.csv,org.apache.xalan.templates.TemplateSubPatternAssociation,15,1,0,7,25,49,2,5,12,0.833333333,139,0.833333333,3,0.0,0.208333333,0,0,7.866666667,6,1.2667,0
xalan,2.5,xalan-2.5.csv,org.apache.xalan.templates.AVTPartXPath,7,2,0,13,20,0,1,12,7,0.0,74,1.0,1,0.5,0.25974026,0,0,9.428571429,1,0.7143,1
xalan,2.5,xalan-2.5.csv,org.apache.xpath.operations.UnaryOperation,11,2,4,11,20,0,6,6,11,0.2,88,1.0,1,0.75,0.227272727,1,7,6.909090909,3,1.3636,0
xalan,2.5,xalan-2.5.csv,org.apache.xalan.xslt.StylesheetRoot,15,5,0,20,56,0,4,19,15,0.535714286,406,1.0,1,0.954063604,0.193939394,0,0,25.93333333,2,0.9333,0
xalan,2.5,xalan-2.5.csv,org.apache.xalan.processor.ProcessorGlobalParamDecl,3,5,0,6,10,3,1,5,1,2.0,30,0.0,0,0.990697674,0.583333333,1,2,9.0,1,0.6667,0
xalan,2.5,xalan-2.5.csv,org.apache.xalan.xsltc.compiler.util.NamedMethodGenerator,3,5,0,5,6,1,1,4,2,0.5,28,1.0,0,0.992805755,0.625,2,3,8.0,2,0.6667,1
xalan,2.5,xalan-2.5.csv,org.apache.xpath.axes.DescendantIterator,9,5,0,11,42,0,2,9,8,0.583333333,423,1.0,1,0.946969697,0.277777778,3,11,45.66666667,14,2.7778,2
xalan,2.5,xalan-2.5.csv,org.apache.xalan.xpath.XBoolean,8,2,1,5,17,0,3,2,8,0.0,47,0.0,1,0.740740741,0.416666667,1,1,4.75,1,0.875,0
xalan,2.5,xalan-2.5.csv,org.apache.xalan.processor.ProcessorTemplate,2,5,0,6,8,1,1,5,0,2.0,19,0.0,0,0.995327103,0.666666667,1,1,8.5,1,0.5,0
xalan,2.5,xalan-2.5.csv,org.apache.xpath.functions.FuncSubstringAfter,2,5,0,6,8,1,0,6,2,2.0,34,0.0,0,0.98245614,0.75,1,6,16.0,1,0.5,1
xalan,2.5,xalan-2.5.csv,org.apache.xalan.xsltc.compiler.IdPattern,1,6,0,1,2,0,1,1,1,2.0,6,0.0,0,1.0,1.0,0,0,5.0,0,0.0,0
xalan,2.5,xalan-2.5.csv,org.apache.xml.utils.Context2,12,1,0,1,26,0,1,0,0,0.681818182,365,0.5,2,0.0,0.409090909,0,0,28.58333333,10,2.5,0
xalan,2.5,xalan-2.5.csv,org.apache.xalan.xsltc.compiler.AbsoluteLocationPath,7,3,0,19,28,0,1,18,7,0.0,143,1.0,1,0.934210526,0.285714286,2,7,19.28571429,2,1.1429,0
xalan,2.5,xalan-2.5.csv,org.apache.xpath.res.XPATHErrorResources_ja,3,4,0,1,4,1,0,1,2,1.428571429,1872,0.0,0,0.976190476,1.0,0,0,618.3333333,1,0.3333,1
xalan,2.5,xalan-2.5.csv,org.apache.xalan.transformer.StackGuard,7,1,0,8,19,0,3,7,5,0.5,157,0.0,1,0.0,0.458333333,0,0,21.14285714,4,1.4286,0
xalan,2.5,xalan-2.5.csv,org.apache.xml.utils.DOMOrder,1,1,0,1,1,0,1,0,1,2.0,1,0.0,0,0.0,1.0,0,0,0.0,1,1.0,0
xalan,2.5,xalan-2.5.csv,org.apache.xml.serializer.EncodingInfo,1,1,0,1,2,0,1,0,1,2.0,16,0.0,0,0.0,1.0,0,0,12.0,0,0.0,0
xalan,2.5,xalan-2.5.csv,org.apache.xalan.xsltc.dom.EmptyFilter,2,1,0,1,3,1,0,1,2,2.0,7,0.0,0,0.0,0.75,0,0,2.5,1,0.5,0
xalan,2.5,xalan-2.5.csv,org.apache.xpath.functions.FuncCeiling,2,4,0,5,7,1,0,5,2,2.0,15,0.0,0,0.979591837,0.75,1,6,6.5,1,0.5,1
xalan,2.5,xalan-2.5.csv,org.apache.xalan.templates.AVTPart,6,1,2,7,7,15,3,4,6,2.0,12,0.0,0,0.0,0.361111111,0,0,1.0,1,0.8333,1
xalan,2.5,xalan-2.5.csv,org.apache.xalan.xsltc.runtime.Attributes,7,1,0,1,8,21,0,1,7,1.0,30,1.0,1,0.0,0.5,0,0,3.0,1,0.8571,0
xalan,2.5,xalan-2.5.csv,org.apache.xalan.transformer.NodeSorter,4,1,0,9,28,2,2,8,2,0.333333333,475,0.0,1,0.0,0.583333333,0,0,117.25,1,0.75,2
xalan,2.5,xalan-2.5.csv,org.apache.xpath.domapi.XPathResultImpl,15,1,0,4,40,35,1,3,12,0.773809524,573,1.0,1,0.0,0.255555556,0,0,36.8,5,1.4667,1
xalan,2.5,xalan-2.5.csv,org.apache.xalan.templates.XUnresolvedVariableSimple,4,3,0,6,15,6,1,5,4,2.0,39,0.0,0,0.959459459,0.5,2,12,8.75,1,0.75,0
xalan,2.5,xalan-2.5.csv,org.apache.xalan.xsltc.compiler.BooleanExpr,7,3,0,17,16,1,1,16,7,0.333333333,70,1.0,0,0.922077922,0.371428571,2,8,8.857142857,2,1.1429,0
xalan,2.5,xalan-2.5.csv,org.apache.xalan.templates.AbsPathChecker,4,2,0,8,6,0,1,7,4,0.0,37,1.0,0,0.8,0.45,0,0,8.0,3,1.25,0
xalan,2.5,xalan-2.5.csv,org.apache.xpath.res.XPATHErrorResources_de,3,4,0,1,4,1,0,1,2,1.428571429,1872,0.0,0,0.976190476,1.0,0,0,618.3333333,1,0.3333,1
xalan,2.5,xalan-2.5.csv,org.apache.xalan.extensions.ExtensionHandlerJava,3,2,2,3,7,0,2,1,2,0.5,32,1.0,0,0.75,0.666666667,0,0,9.0,1,0.6667,1
xalan,2.5,xalan-2.5.csv,org.apache.xalan.xsltc.trax.Util,5,1,0,6,27,10,2,4,5,2.0,149,0.0,0,0.0,0.3,0,0,28.8,1,0.8,3
xalan,2.5,xalan-2.5.csv,org.apache.xpath.axes.OneStepIteratorForward,6,7,1,8,16,0,3,6,4,0.2,94,1.0,0,0.97080292,0.4,4,10,14.5,3,1.1667,1
xalan,2.5,xalan-2.5.csv,org.apache.xpath.objects.XNull,8,5,0,5,10,28,2,3,8,2.0,31,0.0,0,0.951048951,0.416666667,3,19,2.875,2,1.0,1
xalan,2.5,xalan-2.5.csv,org.apache.xalan.templates.ElemOtherwise,3,3,0,1,4,3,0,1,3,2.0,10,0.0,0,0.98989899,1.0,2,4,2.333333333,1,0.6667,1
xalan,2.5,xalan-2.5.csv,org.apache.xpath.domapi.XPathExpressionImpl,2,1,0,7,16,0,1,6,1,0.333333333,137,1.0,2,0.0,0.583333333,0,0,66.0,1,0.5,1
xalan,2.5,xalan-2.5.csv,org.apache.xalan.trace.TraceListenerEx,1,1,0,4,1,0,2,2,1,2.0,1,0.0,0,0.0,1.0,0,0,0.0,1,1.0,1
xalan,2.5,xalan-2.5.csv,org.apache.xalan.xpath.xml.XMLParserLiaisonDefault,1,4,1,3,2,0,2,1,1,2.0,4,0.0,0,1.0,1.0,0,0,3.0,0,0.0,0
xalan,2.5,xalan-2.5.csv,org.apache.xpath.functions.FuncPosition,5,3,0,9,17,8,1,8,5,0.5,92,1.0,0,0.904761905,0.4,1,6,17.2,8,2.4,1
xalan,2.5,xalan-2.5.csv,org.apache.xpath.res.XPATHErrorResources_es,3,4,0,1,4,1,0,1,2,1.428571429,1872,0.0,0,0.976190476,1.0,0,0,618.3333333,1,0.3333,1
xalan,2.5,xalan-2.5.csv,org.apache.xpath.res.XPATHErrorResources_en,1,4,0,1,2,0,0,1,1,2.0,4,0.0,0,1.0,1.0,0,0,3.0,0,0.0,1
xalan,2.5,xalan-2.5.csv,org.apache.xalan.xsltc.runtime.output.OutputBuffer,4,1,0,2,4,6,2,0,4,2.0,4,0.0,0,0.0,0.4,0,0,0.0,1,1.0,0
xalan,2.5,xalan-2.5.csv,org.apache.xalan.extensions.ExtensionHandler,9,1,3,12,18,34,7,5,6,0.95,92,0.8,0,0.0,0.319444444,0,0,8.666666667,1,0.7778,1
xalan,2.5,xalan-2.5.csv,org.apache.xml.dtm.ref.NodeLocator,6,1,0,1,11,0,1,0,6,0.65,57,1.0,0,0.0,0.444444444,0,0,7.833333333,1,0.8333,0
xalan,2.5,xalan-2.5.csv,org.apache.xml.dtm.DTMFilter,2,1,0,6,2,1,6,0,2,2.0,17,0.0,0,0.0,1.0,0,0,0.0,1,1.0,0
xalan,2.5,xalan-2.5.csv,org.apache.xalan.extensions.ExtensionHandlerExsltFunction,9,2,0,15,33,28,0,15,7,0.625,221,1.0,2,0.461538462,0.325,1,1,23.22222222,8,2.2222,1
xalan,2.5,xalan-2.5.csv,org.apache.xalan.xsltc.compiler.NumberCall,3,4,0,11,15,3,0,11,3,2.0,59,0.0,0,0.979591837,0.444444444,3,13,18.66666667,3,1.3333,0
xalan,2.5,xalan-2.5.csv,org.apache.xalan.processor.ProcessorNamespaceAlias,2,4,0,6,17,1,1,5,1,2.0,65,0.0,0,0.995260664,0.625,3,4,31.5,1,0.5,0
xalan,2.5,xalan-2.5.csv,org.apache.xalan.xsltc.compiler.util.MultiHashtable,3,3,0,2,11,3,2,0,3,2.0,61,0.0,0,0.95,0.833333333,1,2,19.33333333,5,2.3333,0
xalan,2.5,xalan-2.5.csv,org.apache.xpath.objects.LessThanOrEqualComparator,3,2,0,3,5,3,1,2,0,2.0,24,0.0,0,0.5,0.555555556,0,0,7.0,2,1.3333,0
xalan,2.5,xalan-2.5.csv,org.apache.xpath.res.XPATHErrorResources_fr,3,4,0,1,4,1,0,1,2,1.428571429,1872,0.0,0,0.976190476,1.0,0,0,618.3333333,1,0.3333,1
xalan,2.5,xalan-2.5.csv,org.apache.xalan.templates.FuncDocument,8,5,0,16,67,28,1,15,6,2.0,551,0.0,0,0.888888889,0.475,3,8,67.875,1,0.875,2
xalan,2.5,xalan-2.5.csv,org.apache.xpath.functions.FuncRound,2,4,0,5,7,1,0,5,2,2.0,17,0.0,0,0.979591837,0.75,1,6,7.5,1,0.5,2
xalan,2.5,xalan-2.5.csv,org.apache.xalan.transformer.XalanProperties,1,1,0,0,2,0,0,0,1,2.0,5,0.0,0,0.0,1.0,0,0,3.0,0,0.0,0
xalan,2.5,xalan-2.5.csv,org.apache.xalan.xsltc.runtime.Operators,1,1,0,3,1,0,3,0,0,2.0,36,0.0,0,0.0,0.0,0,0,28.0,0,0.0,0
xalan,2.5,xalan-2.5.csv,org.apache.xalan.trace.TraceListenerEx2,1,1,0,4,1,0,2,2,1,2.0,1,0.0,0,0.0,1.0,0,0,0.0,1,1.0,1
xalan,2.5,xalan-2.5.csv,org.apache.xalan.xsltc.compiler.Copy,5,3,0,28,42,4,0,28,4,0.5,253,1.0,1,0.933333333,0.333333333,1,6,49.4,4,1.6,1
xalan,2.5,xalan-2.5.csv,org.apache.xalan.xsltc.compiler.util.RtMethodGenerator,5,5,0,7,8,6,0,7,5,0.916666667,41,1.0,0,0.971830986,0.325,1,2,6.6,1,0.8,0
xalan,2.5,xalan-2.5.csv,org.apache.xalan.xsltc.dom.StripWhitespaceFilter,1,1,0,1,1,0,0,1,1,2.0,1,0.0,0,0.0,1.0,0,0,0.0,1,1.0,0
xalan,2.5,xalan-2.5.csv,org.apache.xalan.xsltc.compiler.UnaryOpExpr,6,3,0,13,28,0,0,13,6,0.0,101,1.0,1,0.934210526,0.305555556,2,8,15.66666667,1,0.8333,0
xalan,2.5,xalan-2.5.csv,org.apache.xalan.xsltc.runtime.TransletLoader,3,1,0,6,11,0,6,0,3,0.0,38,0.0,0,0.0,0.833333333,0,0,11.33333333,1,0.6667,0
xalan,2.5,xalan-2.5.csv,org.apache.xpath.ExpressionOwner,2,1,0,55,2,1,54,1,2,2.0,2,0.0,0,0.0,0.75,0,0,0.0,1,1.0,0
xalan,2.5,xalan-2.5.csv,org.apache.xml.dtm.ref.sax2dtm.SAX2DTM,74,4,2,25,188,2227,5,21,64,0.907106164,2452,0.9375,11,0.56969697,0.134246575,2,20,31.7027027,13,2.2973,0
xalan,2.5,xalan-2.5.csv,org.apache.xalan.extensions.ExpressionContext,7,1,0,17,7,21,15,3,7,2.0,7,0.0,0,0.0,0.476190476,0,0,0.0,1,1.0,0
xalan,2.5,xalan-2.5.csv,org.apache.xalan.templates.ElemWhen,7,3,0,9,16,9,1,8,6,0.5,55,1.0,1,0.97029703,0.314285714,2,5,6.714285714,2,1.0,1
xalan,2.5,xalan-2.5.csv,org.apache.xalan.xsltc.dom.NodeIteratorBase,11,1,0,2,18,19,0,2,9,0.75,138,1.0,0,0.0,0.424242424,0,0,11.0,3,1.2727,0
xalan,2.5,xalan-2.5.csv,org.apache.xpath.XPath,17,1,0,62,64,78,47,15,17,0.96875,462,0.2,1,0.0,0.219607843,0,0,25.58823529,2,0.9412,1
xalan,2.5,xalan-2.5.csv,org.apache.xalan.transformer.MsgMgr,12,1,0,12,20,46,11,2,12,0.0,176,1.0,1,0.0,0.489583333,0,0,13.58333333,1,0.9167,1
xalan,2.5,xalan-2.5.csv,org.apache.xalan.transformer.NumeratorFormatter,4,1,0,3,11,4,1,3,0,1.095238095,357,0.428571429,3,0.0,0.428571429,0,0,86.5,7,3.5,1
xalan,2.5,xalan-2.5.csv,org.apache.xml.dtm.ref.sax2dtm.SAX2DTM2,35,5,1,34,107,213,20,14,26,0.804812834,2248,1.0,2,0.83919598,0.200980392,2,33,62.6,20,3.6286,2
xalan,2.5,xalan-2.5.csv,org.apache.xalan.xslt.XSLProcessorContext,1,2,0,5,3,0,0,5,1,2.0,7,0.0,0,1.0,1.0,0,0,6.0,0,0.0,0
xalan,2.5,xalan-2.5.csv,org.apache.xalan.templates.FuncKey,3,5,0,14,33,1,0,14,2,0.5,177,1.0,0,0.98245614,0.75,1,7,57.66666667,1,0.3333,1
xalan,2.5,xalan-2.5.csv,org.apache.xml.serializer.WriterToUTF8Buffered,10,2,0,1,17,0,1,0,8,0.444444444,588,1.0,0,0.590909091,0.36,1,2,57.4,1,0.9,1
xalan,2.5,xalan-2.5.csv,org.apache.xalan.xsltc.compiler.Instruction,3,2,26,36,9,3,28,8,2,2.0,24,0.0,0,0.964285714,0.5,1,2,7.0,1,0.6667,0
xalan,2.5,xalan-2.5.csv,org.w3c.dom.xpath.XPathNSResolver,1,1,0,0,1,0,0,0,1,2.0,1,0.0,0,0.0,1.0,0,0,0.0,1,1.0,0
xalan,2.5,xalan-2.5.csv,org.apache.xalan.client.XSLTProcessorApplet,29,5,0,2,74,300,1,2,21,0.879251701,782,0.857142857,1,0.94214876,0.344827586,3,5,25.24137931,10,1.5172,2
xalan,2.5,xalan-2.5.csv,org.apache.xalan.xslt.Process,7,1,0,8,109,21,0,8,2,2.0,2034,0.0,0,0.0,0.2,0,0,289.5714286,138,20.4286,2
xalan,2.5,xalan-2.5.csv,org.apache.xalan.xslt.StylesheetHandler,2,2,0,7,9,1,0,7,2,2.0,39,0.0,0,1.0,0.75,0,0,18.5,0,0.0,0
xalan,2.5,xalan-2.5.csv,org.apache.xml.serializer.ExtendedLexicalHandler,1,1,0,1,1,0,1,0,1,2.0,1,0.0,0,0.0,1.0,0,0,0.0,1,1.0,0
xalan,2.5,xalan-2.5.csv,org.w3c.dom.xpath.XPathNamespace,1,1,0,0,1,0,0,0,1,2.0,2,0.0,0,0.0,1.0,0,0,0.0,1,1.0,0
xalan,2.5,xalan-2.5.csv,org.apache.xalan.xsltc.compiler.LiteralAttribute,5,3,0,18,24,0,2,16,4,0.25,84,1.0,1,0.933333333,0.314285714,1,4,15.4,1,0.8,0
xalan,2.5,xalan-2.5.csv,org.apache.xalan.xpath.XRTreeFrag,9,2,0,3,22,0,0,3,9,0.5,67,0.0,2,0.714285714,0.407407407,1,1,6.222222222,1,0.8889,0
xalan,2.5,xalan-2.5.csv,org.apache.xalan.xsltc.compiler.AlternativePattern,8,4,0,15,27,0,1,14,8,0.142857143,135,1.0,2,0.925531915,0.270833333,2,3,15.625,2,1.0,0
xalan,2.5,xalan-2.5.csv,org.apache.xalan.lib.ExsltBase,3,1,4,5,14,3,4,1,1,2.0,62,0.0,0,0.0,0.5,0,0,19.66666667,4,1.6667,0
xalan,2.5,xalan-2.5.csv,org.apache.xalan.transformer.KeyManager,2,1,0,10,14,0,2,8,2,0.0,104,1.0,0,0.0,0.583333333,0,0,50.5,1,0.5,0
xalan,2.5,xalan-2.5.csv,org.apache.xalan.xsltc.compiler.Param,6,4,0,33,62,3,8,29,5,2.0,369,0.0,0,0.938271605,0.305555556,3,16,60.5,7,2.8333,2
xalan,2.5,xalan-2.5.csv,org.apache.xml.utils.NodeConsumer,1,1,0,3,1,0,3,0,1,2.0,1,0.0,0,0.0,1.0,0,0,0.0,1,1.0,0
xalan,2.5,xalan-2.5.csv,org.apache.xalan.xsltc.compiler.Otherwise,4,3,0,11,12,6,2,10,3,2.0,43,0.0,0,0.949152542,0.4,1,4,9.75,1,0.75,0
xalan,2.5,xalan-2.5.csv,org.apache.xpath.XPathVisitable,1,1,0,3,1,0,1,2,1,2.0,1,0.0,0,0.0,1.0,0,0,0.0,1,1.0,0
xalan,2.5,xalan-2.5.csv,org.apache.xalan.transformer.KeyIterator,4,8,0,9,15,2,2,7,3,0.333333333,97,1.0,1,0.978571429,0.4375,2,2,22.75,4,1.5,1
xalan,2.5,xalan-2.5.csv,org.apache.xpath.operations.Neg,3,3,0,6,7,3,1,5,3,2.0,19,0.0,0,0.952380952,0.555555556,1,1,5.333333333,1,0.6667,0
xalan,2.5,xalan-2.5.csv,org.apache.xml.dtm.ref.DTMNodeIterator,9,1,0,11,19,0,7,4,9,0.5,106,1.0,1,0.0,0.555555556,0,0,10.55555556,3,1.1111,0
xalan,2.5,xalan-2.5.csv,org.apache.xpath.functions.FuncFloor,2,4,0,5,7,1,0,5,2,2.0,15,0.0,0,0.979591837,0.75,1,6,6.5,1,0.5,1
xalan,2.5,xalan-2.5.csv,org.apache.xalan.lib.ExsltCommon,3,1,0,6,6,3,0,6,3,2.0,41,0.0,0,0.0,0.444444444,0,0,12.66666667,6,2.3333,2
xalan,2.5,xalan-2.5.csv,org.apache.xalan.xsltc.compiler.ParentLocationPath,11,4,0,20,42,0,2,19,11,0.64,380,1.0,3,0.879518072,0.204545455,2,7,33.09090909,35,4.8182,0
xalan,2.5,xalan-2.5.csv,org.apache.xpath.VariableStack,22,1,0,25,42,0,18,9,21,0.682539683,476,0.333333333,2,0.0,0.365079365,0,0,20.36363636,3,1.0,2
xalan,2.5,xalan-2.5.csv,org.apache.xpath.axes.OneStepIterator,14,7,0,12,41,7,3,10,10,0.346153846,330,1.0,1,0.917241379,0.273809524,4,18,22.42857143,9,2.2857,1
xalan,2.5,xalan-2.5.csv,org.apache.xml.serializer.Encodings,11,1,0,7,51,31,5,2,8,0.927272727,489,0.454545455,1,0.0,0.3,0,0,42.45454545,15,3.4545,0
xalan,2.5,xalan-2.5.csv,org.apache.xalan.xsltc.trax.TransformerHandlerImpl,29,1,0,14,73,116,2,12,29,0.857142857,462,1.0,3,0.0,0.237068966,0,0,14.51724138,2,1.0,0
xalan,2.5,xalan-2.5.csv,org.apache.xml.serializer.Method,1,1,0,0,2,0,0,0,1,2.0,9,0.0,0,0.0,1.0,0,0,3.0,0,0.0,0
xalan,2.5,xalan-2.5.csv,org.apache.xalan.templates.ElemVariable,22,3,3,35,70,151,18,23,19,0.828571429,390,0.8,2,0.907407407,0.168181818,2,15,16.5,4,1.0909,2
xalan,2.5,xalan-2.5.csv,org.apache.xml.serializer.ExtendedContentHandler,15,1,0,2,15,105,1,1,15,2.0,15,0.0,0,0.0,0.413333333,0,0,0.0,1,1.0,0
xalan,2.5,xalan-2.5.csv,org.apache.xalan.xsltc.runtime.ErrorMessages,3,3,0,0,4,1,0,0,2,0.5,234,1.0,0,0.974358974,1.0,0,0,76.66666667,1,0.3333,2
xalan,2.5,xalan-2.5.csv,org.apache.xml.utils.res.XResources_ja_JP_HA,3,4,0,1,4,1,0,1,2,0.5,599,0.0,0,0.976190476,1.0,0,0,198.3333333,1,0.3333,1
xalan,2.5,xalan-2.5.csv,org.apache.xalan.templates.ElemUnknown,2,5,0,2,3,1,0,2,2,2.0,6,0.0,0,0.995833333,0.75,1,1,2.0,1,0.5,2
xalan,2.5,xalan-2.5.csv,org.apache.xml.utils.res.XResources_ja_JP_HI,3,4,0,1,4,1,0,1,2,0.5,595,0.0,0,0.976190476,1.0,0,0,197.0,1,0.3333,1
xalan,2.5,xalan-2.5.csv,org.apache.xpath.XPathAPI,10,1,0,6,21,45,1,5,10,2.0,116,0.0,0,0.0,0.5,0,0,10.6,1,0.9,0
xalan,2.5,xalan-2.5.csv,org.apache.xalan.xsltc.compiler.SymbolTable,25,1,0,91,48,214,89,9,24,0.891666667,494,1.0,1,0.0,0.185454545,0,0,18.36,5,2.2,0
xalan,2.5,xalan-2.5.csv,org.apache.xpath.compiler.FuncLoader,3,1,0,3,11,0,2,1,3,0.5,64,1.0,0,0.0,0.555555556,0,0,19.66666667,1,0.6667,1
xalan,2.5,xalan-2.5.csv,org.apache.xalan.res.XSLMessages,4,3,0,68,7,0,67,1,3,0.833333333,40,1.0,0,0.818181818,0.555555556,0,0,8.5,3,1.5,1
xalan,2.5,xalan-2.5.csv,org.apache.xalan.xsltc.compiler.GenerateIdCall,2,4,0,10,12,1,0,10,2,2.0,39,0.0,0,0.989690722,0.6,2,4,18.5,2,1.0,0
xalan,2.5,xalan-2.5.csv,org.apache.xalan.trace.TracerEvent,3,1,0,7,15,3,4,3,3,1.0,183,0.0,3,0.0,0.388888889,0,0,58.66666667,5,3.3333,1
xalan,2.5,xalan-2.5.csv,org.apache.xpath.operations.Div,3,3,0,7,7,3,2,5,3,2.0,25,0.0,0,0.953488372,0.555555556,1,1,7.333333333,1,0.6667,0
xalan,2.5,xalan-2.5.csv,org.apache.xalan.xsltc.compiler.Sort,18,3,0,59,109,93,2,59,13,0.847058824,1436,0.8,4,0.767123288,0.232323232,1,4,78.22222222,9,3.0556,3
xalan,2.5,xalan-2.5.csv,org.apache.xalan.templates.ElemElement,13,4,1,15,51,30,2,13,9,0.583333333,390,1.0,2,0.943925234,0.230769231,2,6,28.84615385,8,1.6923,3
xalan,2.5,xalan-2.5.csv,org.apache.xpath.axes.HasPositionalPredChecker,4,2,0,17,7,0,1,16,4,0.166666667,93,1.0,0,0.8,0.4,0,0,21.75,12,4.0,0
xalan,2.5,xalan-2.5.csv,org.apache.xalan.xsltc.compiler.util.NodeCounterGenerator,4,4,0,5,6,4,1,4,4,0.666666667,26,1.0,0,0.964285714,0.45,0,0,5.25,1,0.75,0
xalan,2.5,xalan-2.5.csv,org.apache.xpath.functions.WrongNumberArgsException,1,3,0,12,2,0,12,0,1,2.0,5,0.0,0,1.0,1.0,0,0,4.0,0,0.0,1
xalan,2.5,xalan-2.5.csv,org.apache.xalan.xslt.EnvironmentCheck,22,1,0,1,78,219,1,0,5,0.972789116,2461,0.142857143,0,0.0,0.227513228,0,0,110.2272727,8,3.4091,1
xalan,2.5,xalan-2.5.csv,org.apache.xalan.xsltc.dom.DOMBuilder,0,1,0,5,0,0,4,1,0,2.0,0,0.0,0,0.0,0.0,0,0,0.0,0,0.0,0
xalan,2.5,xalan-2.5.csv,org.apache.xalan.processor.ProcessorLRE,4,5,0,17,77,6,1,17,3,2.0,472,0.0,0,0.986111111,0.5,4,6,117.0,3,1.25,1
xalan,2.5,xalan-2.5.csv,org.apache.xpath.axes.FilterExprIterator,14,6,0,11,32,0,1,11,11,0.730769231,163,1.0,2,0.914285714,0.234693878,4,8,10.35714286,3,1.2143,0
xalan,2.5,xalan-2.5.csv,org.apache.xpath.res.XPATHMessages,5,2,1,2,13,4,1,1,4,0.875,115,1.0,0,0.666666667,0.5,0,0,21.6,7,2.6,1
xalan,2.5,xalan-2.5.csv,org.apache.xpath.Expression,31,1,6,103,56,435,95,9,30,0.8,275,1.0,1,0.0,0.190615836,0,0,7.838709677,3,1.2903,1
xalan,2.6,xalan-2.6.csv,org.apache.xalan.xsltc.compiler.FilterExpr,7,3,0,19,35,0,0,19,6,0.083333333,226,1.0,1,0.922077922,0.306122449,2,9,31.0,3,1.5714,1
xalan,2.6,xalan-2.6.csv,org.apache.xpath.operations.Operation,12,2,14,22,23,0,17,7,12,0.363636364,149,1.0,2,0.731707317,0.21875,1,7,11.25,5,1.5833,1
xalan,2.6,xalan-2.6.csv,org.apache.xalan.xsltc.runtime.BasisLibrary,69,1,0,36,198,2330,20,18,64,1.005793226,2601,0.303030303,0,0.0,0.102076125,0,0,36.2173913,49,4.2464,3
xalan,2.6,xalan-2.6.csv,org.apache.xpath.objects.XString,49,3,2,42,100,1176,33,12,46,1.0,740,0.0,1,0.606837607,0.122222222,3,21,14.08163265,16,1.8571,3
xalan,2.6,xalan-2.6.csv,org.apache.xalan.xsltc.StripFilter,1,1,0,11,1,0,11,1,1,2.0,1,0.0,0,0.0,1.0,0,0,0.0,1,1.0,0
xalan,2.6,xalan-2.6.csv,org.apache.xalan.serialize.Serializer,9,1,0,3,9,36,2,1,9,2.0,9,0.0,0,0.0,0.333333333,0,0,0.0,1,1.0,0
xalan,2.6,xalan-2.6.csv,org.apache.xalan.xsltc.runtime.ErrorMessages_cs,3,3,0,0,4,1,0,0,2,0.5,234,1.0,0,0.974358974,1.0,0,0,76.66666667,1,0.3333,1
xalan,2.6,xalan-2.6.csv,org.apache.xml.utils.XMLStringFactoryDefault,6,2,0,4,10,13,0,4,5,0.8,41,1.0,1,0.5,0.4,0,0,5.666666667,1,0.6667,0
xalan,2.6,xalan-2.6.csv,org.apache.xml.dtm.ref.ChunkedIntArray,9,1,0,3,24,0,2,2,0,0.892857143,353,0.0,1,0.0,0.62962963,0,0,37.44444444,3,1.4444,0
xalan,2.6,xalan-2.6.csv,org.apache.xalan.transformer.XalanProperties,1,1,0,0,2,0,0,0,1,2.0,5,0.0,0,0.0,1.0,0,0,3.0,0,0.0,0
xalan,2.6,xalan-2.6.csv,org.apache.xml.utils.ElemDesc,4,1,0,0,10,0,0,0,0,1.266666667,90,0.0,0,0.0,0.833333333,0,0,15.25,4,2.0,0
xalan,2.6,xalan-2.6.csv,org.apache.xalan.xsltc.runtime.Operators,1,1,0,3,1,0,3,0,0,2.0,36,0.0,0,0.0,0.0,0,0,28.0,0,0.0,1
xalan,2.6,xalan-2.6.csv,org.apache.xpath.objects.XMLStringFactoryImpl,7,2,0,8,11,19,4,6,6,0.833333333,39,1.0,1,0.444444444,0.333333333,0,0,4.428571429,1,0.7143,1
xalan,2.6,xalan-2.6.csv,org.apache.xalan.trace.TraceListenerEx2,1,1,0,4,1,0,2,2,1,2.0,1,0.0,0,0.0,1.0,0,0,0.0,1,1.0,0
xalan,2.6,xalan-2.6.csv,org.apache.xpath.functions.SecuritySupport,11,1,1,3,20,53,3,1,0,0.9,90,1.0,0,0.0,0.4,0,0,7.090909091,2,0.9091,0
xalan,2.6,xalan-2.6.csv,org.apache.xalan.xsltc.dom.AnyNodeCounter,4,2,1,5,11,4,1,5,4,2.0,63,0.0,0,0.823529412,0.5,1,4,14.75,5,1.75,1
xalan,2.6,xalan-2.6.csv,org.apache.xalan.trace.ExtensionEvent,3,1,0,6,4,0,5,1,3,0.5625,65,0.0,1,0.0,0.571428571,0,0,18.0,0,0.0,0
xalan,2.6,xalan-2.6.csv,org.apache.xalan.xsltc.compiler.util.RtMethodGenerator,5,5,0,7,8,6,0,7,5,0.916666667,41,1.0,0,0.971830986,0.325,1,2,6.6,1,0.8,0
xalan,2.6,xalan-2.6.csv,org.apache.xalan.xsltc.compiler.util.ObjectType,16,2,0,30,47,74,8,23,14,0.6,225,1.0,0,0.70212766,0.236111111,2,3,12.9375,2,1.0625,0
xalan,2.6,xalan-2.6.csv,org.apache.xpath.WhitespaceStrippingElementMatcher,2,1,0,2,2,1,1,1,2,2.0,2,0.0,0,0.0,0.666666667,0,0,0.0,1,1.0,0
xalan,2.6,xalan-2.6.csv,org.apache.xalan.xsltc.compiler.BinOpExpr,8,3,0,14,38,0,0,14,7,0.80952381,255,0.444444444,2,0.922077922,0.265306122,2,8,29.75,3,1.375,0
xalan,2.6,xalan-2.6.csv,org.apache.xalan.xsltc.compiler.UnaryOpExpr,7,3,0,13,30,0,0,13,7,0.0,106,1.0,1,0.922077922,0.285714286,2,8,14.0,1,0.8571,0
xalan,2.6,xalan-2.6.csv,org.apache.xpath.functions.Function,9,2,7,21,15,36,15,8,8,2.0,51,0.0,0,0.789473684,0.285714286,1,7,4.666666667,2,1.1111,1
xalan,2.6,xalan-2.6.csv,org.apache.xalan.xsltc.compiler.util.ObjectFactory,12,1,0,3,44,64,1,2,0,0.981818182,586,1.0,0,0.0,0.318181818,0,0,47.41666667,8,1.8333,0
xalan,2.6,xalan-2.6.csv,org.apache.xml.utils.PrefixResolver,4,1,0,68,4,6,68,0,4,2.0,4,0.0,0,0.0,0.583333333,0,0,0.0,1,1.0,0
xalan,2.6,xalan-2.6.csv,org.apache.xalan.xsltc.compiler.DecimalFormatting,5,3,0,23,36,2,2,22,4,1.0,537,1.0,1,0.9375,0.4,3,7,105.8,17,4.8,1
xalan,2.6,xalan-2.6.csv,org.apache.xalan.extensions.ExtensionHandlerJavaPackage,6,3,0,13,51,3,0,13,6,2.0,851,0.0,0,0.615384615,0.388888889,2,5,140.8333333,5,1.6667,3
xalan,2.6,xalan-2.6.csv,org.apache.xalan.xsltc.dom.AbsoluteIterator,8,2,0,3,21,0,1,3,8,0.0,85,1.0,1,0.65,0.34375,1,5,9.5,2,1.0,0
xalan,2.6,xalan-2.6.csv,org.apache.xml.utils.XMLStringFactory,5,1,2,21,6,10,19,2,5,2.0,8,0.0,0,0.0,0.4,0,0,0.6,1,0.8,0
xalan,2.6,xalan-2.6.csv,org.apache.xalan.xsltc.compiler.NamespaceUriCall,3,5,0,9,11,3,0,9,3,2.0,37,0.0,0,0.99,0.533333333,3,5,11.33333333,1,0.3333,0
xalan,2.6,xalan-2.6.csv,org.apache.xalan.templates.ElemComment,5,3,0,5,17,10,1,4,5,2.0,74,0.0,0,0.98,0.466666667,2,6,13.8,16,3.8,2
xalan,2.6,xalan-2.6.csv,org.apache.xalan.xsltc.compiler.Sort,20,3,0,55,105,130,2,55,15,0.847953216,1393,1.0,4,0.746666667,0.236363636,1,4,68.2,11,2.5,2
xalan,2.6,xalan-2.6.csv,org.apache.xpath.res.XPATHErrorResources,5,3,2,18,16,8,18,0,3,1.246296296,2125,0.0,0,0.926829268,0.333333333,0,0,397.0,2,0.8,6
xalan,2.6,xalan-2.6.csv,org.apache.xalan.templates.ElemElement,12,4,1,16,47,18,2,14,9,0.545454545,331,1.0,2,0.948356808,0.229166667,2,6,26.41666667,4,1.1667,2
xalan,2.6,xalan-2.6.csv,org.apache.xpath.axes.MatchPatternIterator,6,5,0,11,25,3,1,11,4,0.75,261,1.0,2,0.961538462,0.4,1,6,41.83333333,10,2.8333,2
xalan,2.6,xalan-2.6.csv,org.apache.xpath.axes.HasPositionalPredChecker,4,2,0,17,7,0,1,16,4,0.166666667,93,1.0,0,0.8,0.4,0,0,21.75,12,4.0,0
xalan,2.6,xalan-2.6.csv,org.apache.xalan.xsltc.compiler.util.BooleanType,20,2,0,49,52,188,17,36,19,2.0,298,0.0,0,0.634615385,0.245,1,2,13.9,4,1.45,0
xalan,2.6,xalan-2.6.csv,org.apache.xalan.xsltc.compiler.util.NodeCounterGenerator,4,4,0,5,6,4,1,4,4,0.666666667,26,1.0,0,0.964285714,0.45,0,0,5.25,1,0.75,0
xalan,2.6,xalan-2.6.csv,org.apache.xalan.xsltc.compiler.Constants,0,1,0,6,0,0,5,1,0,2.0,218,0.0,0,0.0,0.0,0,0,0.0,0,0.0,0
xalan,2.6,xalan-2.6.csv,org.apache.xpath.functions.WrongNumberArgsException,1,3,0,12,2,0,12,0,1,2.0,5,0.0,0,1.0,1.0,0,0,4.0,0,0.0,0
xalan,2.6,xalan-2.6.csv,org.apache.xalan.xsltc.runtime.output.TransletOutputHandlerFactory,13,1,0,12,32,34,3,9,13,0.826388889,289,0.75,0,0.0,0.201923077,0,0,20.30769231,2,1.0769,0
xalan,2.6,xalan-2.6.csv,org.apache.xalan.xsltc.compiler.TopLevelElement,5,2,10,24,17,10,14,10,4,2.0,56,0.0,0,0.931034483,0.44,1,4,10.2,1,0.8,0
xalan,2.6,xalan-2.6.csv,org.apache.xml.utils.synthetic.TestDriver,7,1,0,5,34,15,1,5,4,0.833333333,189,0.5,0,0.0,0.233333333,0,0,25.71428571,2,0.8571,0
xalan,2.6,xalan-2.6.csv,org.apache.xalan.xsltc.compiler.XslAttribute,6,3,0,39,72,0,3,37,5,0.52,550,1.0,2,0.918032787,0.305555556,2,10,89.83333333,30,7.5,1
xalan,2.6,xalan-2.6.csv,org.apache.xalan.templates.ElemExtensionCall,10,5,0,21,52,39,4,18,6,1.022222222,304,0.0,1,0.963709677,0.333333333,3,7,28.9,5,1.7,3
xalan,2.6,xalan-2.6.csv,org.apache.xalan.lib.ObjectFactory,12,1,0,3,44,64,1,2,0,0.981818182,586,1.0,0,0.0,0.318181818,0,0,47.41666667,8,1.8333,0
xalan,2.6,xalan-2.6.csv,org.apache.xml.utils.res.XResources_zh_TW,3,4,0,1,4,1,0,1,2,0.5,499,0.0,0,0.976190476,1.0,0,0,165.0,1,0.3333,1
xalan,2.6,xalan-2.6.csv,org.apache.xalan.processor.ProcessorLRE,4,5,1,18,73,6,2,17,3,2.0,462,0.0,0,0.986111111,0.5,4,6,114.5,3,1.25,3
xalan,2.6,xalan-2.6.csv,org.apache.xalan.xsltc.compiler.SecuritySupport,11,1,1,2,20,53,2,1,0,0.9,90,1.0,0,0.0,0.4,0,0,7.090909091,2,0.9091,0
xalan,2.6,xalan-2.6.csv,org.apache.xpath.axes.FilterExprIterator,14,6,0,11,32,0,1,11,11,0.730769231,163,1.0,2,0.914285714,0.234693878,4,8,10.35714286,3,1.2143,1
xalan,2.6,xalan-2.6.csv,org.apache.xalan.processor.ProcessorStylesheetDoc,1,4,0,3,2,0,2,1,1,2.0,4,0.0,0,1.0,1.0,0,0,3.0,0,0.0,0
xalan,2.6,xalan-2.6.csv,org.apache.xpath.res.XPATHMessages,5,2,1,2,13,4,1,1,4,0.875,115,1.0,0,0.666666667,0.5,0,0,21.6,7,2.6,1
xalan,2.6,xalan-2.6.csv,org.apache.xalan.templates.ElemTemplateElement,87,2,29,95,125,3307,84,17,77,0.925249169,1274,0.785714286,3,0.558974359,0.09127789,1,12,13.48275862,7,1.4483,1
xalan,2.6,xalan-2.6.csv,org.apache.xpath.Expression,31,1,6,104,56,435,96,9,30,0.8,275,1.0,1,0.0,0.190615836,0,0,7.838709677,3,1.2903,1
xalan,2.6,xalan-2.6.csv,org.apache.xml.utils.IntStack,12,2,0,11,20,24,10,1,12,2.0,153,0.0,0,0.64,0.527777778,1,14,11.75,2,1.0,0
xalan,2.6,xalan-2.6.csv,org.w3c.dom.xpath.XPathNSResolver,1,1,0,0,1,0,0,0,1,2.0,1,0.0,0,0.0,1.0,0,0,0.0,1,1.0,1
xalan,2.6,xalan-2.6.csv,org.apache.xalan.xsltc.compiler.LastCall,4,4,0,12,13,6,0,12,4,2.0,59,0.0,0,0.96969697,0.4375,2,4,13.75,3,1.25,0
xalan,2.6,xalan-2.6.csv,org.apache.xalan.client.XSLTProcessorApplet,29,5,0,2,83,298,1,2,21,0.879251701,801,0.904761905,1,0.94214876,0.344827586,3,5,25.89655172,10,1.5172,1
xalan,2.6,xalan-2.6.csv,org.apache.xml.dtm.ref.CoroutineManager,6,1,0,4,17,0,3,1,6,0.7,183,0.0,0,0.0,0.722222222,0,0,28.5,7,1.8333,1
xalan,2.6,xalan-2.6.csv,org.apache.xalan.xslt.Process,7,1,0,10,109,21,0,10,2,2.0,2028,0.0,0,0.0,0.2,0,0,288.7142857,138,20.4286,2
xalan,2.6,xalan-2.6.csv,org.apache.xalan.xsltc.trax.SecuritySupport,11,1,1,2,20,53,2,1,0,0.9,90,1.0,0,0.0,0.4,0,0,7.090909091,2,0.9091,0
xalan,2.6,xalan-2.6.csv,org.apache.xml.serializer.ExtendedLexicalHandler,1,1,0,1,1,0,1,0,1,2.0,1,0.0,0,0.0,1.0,0,0,0.0,1,1.0,0
xalan,2.6,xalan-2.6.csv,org.apache.xpath.functions.FuncStringLength,2,5,0,5,6,1,0,5,2,2.0,14,0.0,0,0.982142857,0.75,2,7,6.0,1,0.5,0
xalan,2.6,xalan-2.6.csv,org.w3c.dom.xpath.XPathNamespace,1,1,0,0,1,0,0,0,1,2.0,2,0.0,0,0.0,1.0,0,0,0.0,1,1.0,1
xalan,2.6,xalan-2.6.csv,org.apache.xalan.xsltc.dom.NodeSortRecord,11,1,0,9,29,7,2,7,8,0.806666667,324,0.733333333,3,0.0,0.35,0,0,27.09090909,5,1.2727,0
xalan,2.6,xalan-2.6.csv,org.apache.xalan.xsltc.compiler.LiteralAttribute,8,3,0,20,35,0,2,19,6,0.428571429,208,1.0,1,0.888888889,0.267857143,1,4,24.75,9,2.75,0
xalan,2.6,xalan-2.6.csv,org.apache.xalan.xsltc.runtime.HashtableEntry,2,1,0,2,3,1,2,0,0,1.0,38,0.0,1,0.0,1.0,0,0,16.0,2,1.0,0
xalan,2.6,xalan-2.6.csv,org.apache.xalan.processor.ProcessorOutputElem,14,4,0,9,40,0,1,8,13,0.076923077,174,1.0,1,0.941704036,0.295918367,2,3,11.35714286,1,0.9286,0
xalan,2.6,xalan-2.6.csv,org.apache.xml.utils.IntVector,20,1,1,5,22,0,5,0,20,0.342105263,497,1.0,0,0.0,0.6,0,0,23.65,4,1.75,1
xalan,2.6,xalan-2.6.csv,org.apache.xalan.xsltc.compiler.UnionPathExpr,6,3,0,20,36,0,1,20,5,0.5,289,1.0,3,0.934210526,0.285714286,2,8,46.5,7,2.5,1
xalan,2.6,xalan-2.6.csv,org.apache.xalan.templates.TemplateSubPatternAssociation,15,1,0,7,25,49,2,5,12,0.833333333,139,0.833333333,3,0.0,0.208333333,0,0,7.866666667,6,1.2667,0
xalan,2.6,xalan-2.6.csv,org.apache.xalan.xsltc.compiler.Attribute,3,3,0,4,14,1,0,4,2,0.5,37,1.0,1,0.965517241,0.555555556,1,4,11.0,1,0.6667,0
xalan,2.6,xalan-2.6.csv,org.apache.xalan.xsltc.compiler.util.ErrorMessages_ca,3,3,0,0,4,1,0,0,2,0.5,1248,1.0,0,0.974358974,1.0,0,0,414.6666667,1,0.3333,1
xalan,2.6,xalan-2.6.csv,org.apache.xml.utils.XMLString,37,1,0,47,37,666,47,0,37,2.0,37,0.0,0,0.0,0.191891892,1,1,0.0,1,1.0,1
xalan,2.6,xalan-2.6.csv,org.apache.xalan.res.XSLTErrorResources_ca,5,3,0,1,16,8,0,1,3,1.24795082,4275,0.0,0,0.926829268,0.333333333,0,0,805.2,2,0.8,1
xalan,2.6,xalan-2.6.csv,org.apache.xml.utils.NodeConsumer,1,1,0,3,1,0,3,0,1,2.0,1,0.0,0,0.0,1.0,0,0,0.0,1,1.0,0
xalan,2.6,xalan-2.6.csv,org.apache.xml.dtm.ref.CoroutineParser,8,1,0,1,8,28,0,1,8,2.0,8,0.0,0,0.0,0.28125,0,0,0.0,1,1.0,0
xalan,2.6,xalan-2.6.csv,org.apache.xalan.xsltc.compiler.Otherwise,4,3,0,12,12,6,3,10,3,2.0,43,0.0,0,0.949152542,0.4,1,4,9.75,1,0.75,0
xalan,2.6,xalan-2.6.csv,org.apache.xpath.operations.Variable,16,2,1,26,51,50,8,19,16,0.746666667,356,0.8,1,0.666666667,0.1875,2,10,20.9375,9,2.25,1
xalan,2.6,xalan-2.6.csv,org.apache.xpath.XPathVisitable,1,1,0,3,1,0,1,2,1,2.0,1,0.0,0,0.0,1.0,0,0,0.0,1,1.0,0
xalan,2.6,xalan-2.6.csv,org.apache.xpath.res.XPATHErrorResources_hu,5,3,0,1,16,8,0,1,3,1.246296296,2125,0.0,0,0.926829268,0.333333333,0,0,397.0,2,0.8,2
xalan,2.6,xalan-2.6.csv,org.apache.xpath.functions.FuncCount,2,4,0,6,8,1,0,6,2,2.0,23,0.0,0,0.979591837,0.75,1,6,10.5,1,0.5,0
xalan,2.6,xalan-2.6.csv,org.apache.xalan.xsltc.runtime.StringValueHandler,8,2,0,2,19,0,1,1,8,0.657142857,183,1.0,0,0.932692308,0.35,0,0,21.25,5,1.625,0
xalan,2.6,xalan-2.6.csv,org.apache.xalan.res.XSLTErrorResources_cs,5,3,0,1,16,8,0,1,3,1.24795082,4275,0.0,0,0.926829268,0.333333333,0,0,805.2,2,0.8,1
xalan,2.6,xalan-2.6.csv,org.apache.xml.utils.CharKey,5,1,0,1,6,0,1,0,5,0.25,32,1.0,0,0.0,0.533333333,1,1,5.2,2,0.8,1
xalan,2.6,xalan-2.6.csv,org.apache.xalan.lib.ExsltDatetime,45,1,0,3,86,990,0,3,37,1.022727273,1528,0.0,0,0.0,0.172222222,0,0,32.75555556,10,1.6,2
xalan,2.6,xalan-2.6.csv,org.apache.xalan.xsltc.compiler.util.Type,35,1,10,113,56,587,104,20,34,0.991349481,339,0.0,17,0.0,0.202614379,0,0,8.2,3,1.1143,0
xalan,2.6,xalan-2.6.csv,org.apache.xalan.templates.ElemTextLiteral,11,3,0,9,21,29,6,4,11,0.825,135,1.0,0,0.951456311,0.340909091,2,5,10.90909091,2,1.0,2
xalan,2.6,xalan-2.6.csv,org.apache.xml.utils.DOMBuilder,30,1,0,4,68,207,2,2,28,0.620689655,494,0.6,0,0.0,0.2,0,0,15.3,5,1.0667,0
xalan,2.6,xalan-2.6.csv,org.apache.xalan.xsltc.dom.MatchingIterator,10,2,0,3,23,0,0,3,10,0.5,116,1.0,1,0.590909091,0.35,1,8,10.4,4,1.3,0
xalan,2.6,xalan-2.6.csv,org.apache.xalan.xsltc.compiler.util.TestGenerator,13,5,0,12,20,54,3,9,12,0.9,119,1.0,0,0.926174497,0.21875,2,5,7.384615385,2,0.9231,0
xalan,2.6,xalan-2.6.csv,org.apache.xalan.processor.ProcessorInclude,7,4,1,11,47,15,2,9,3,0.333333333,268,1.0,0,0.972222222,0.5,1,1,37.14285714,1,0.8571,1
xalan,2.6,xalan-2.6.csv,org.apache.xml.utils.WrongParserException,1,4,0,0,2,0,0,0,1,2.0,5,0.0,0,1.0,1.0,0,0,4.0,0,0.0,0
xalan,2.6,xalan-2.6.csv,org.apache.xalan.lib.ExsltCommon,3,1,0,6,6,3,0,6,3,2.0,41,0.0,0,0.0,0.444444444,0,0,12.66666667,6,2.3333,1
xalan,2.6,xalan-2.6.csv,org.apache.xpath.res.XPATHErrorResources_it,5,3,0,1,16,8,0,1,3,1.246296296,2125,0.0,0,0.926829268,0.333333333,0,0,397.0,2,0.8,2
xalan,2.6,xalan-2.6.csv,org.apache.xalan.xsltc.compiler.ParentLocationPath,11,4,0,19,42,0,1,19,11,0.64,380,1.0,3,0.879518072,0.204545455,2,7,33.09090909,35,4.8182,2
xalan,2.6,xalan-2.6.csv,org.apache.xalan.xsltc.compiler.AbsolutePathPattern,8,5,0,29,45,0,1,29,8,0.142857143,241,1.0,1,0.933962264,0.270833333,4,5,29.0,6,1.875,0
xalan,2.6,xalan-2.6.csv,org.apache.xml.serializer.SerializerTraceWriter,8,2,0,2,17,0,1,1,6,0.171428571,514,1.0,1,0.65,0.3125,1,2,62.625,1,0.875,0
xalan,2.6,xalan-2.6.csv,org.apache.xml.serializer.DOMSerializer,1,1,0,8,1,0,8,0,1,2.0,1,0.0,0,0.0,1.0,0,0,0.0,1,1.0,0
xalan,2.6,xalan-2.6.csv,org.apache.xalan.xsltc.dom.MultiDOM,54,1,0,16,115,277,4,14,52,0.870283019,803,1.0,4,0.0,0.171296296,0,0,13.72222222,11,1.6111,1
xalan,2.6,xalan-2.6.csv,org.apache.xalan.xsltc.compiler.Number,15,3,0,53,104,23,2,52,9,0.798319328,1308,1.0,8,0.811594203,0.214285714,2,3,85.06666667,14,3.1333,1
xalan,2.6,xalan-2.6.csv,org.apache.xalan.serialize.SerializerFactory,2,1,0,4,5,1,0,4,1,2.0,15,0.0,0,0.0,0.5,0,0,6.5,1,0.5,1
xalan,2.6,xalan-2.6.csv,org.apache.xpath.res.XPATHErrorResources_ko,5,3,0,1,16,8,0,1,3,1.246296296,2125,0.0,0,0.926829268,0.333333333,0,0,397.0,2,0.8,2
xalan,2.6,xalan-2.6.csv,org.apache.xpath.axes.FilterExprIteratorSimple,16,5,0,16,44,8,4,13,14,0.75,261,1.0,2,0.899280576,0.18125,3,10,15.0625,4,1.4375,1
xalan,2.6,xalan-2.6.csv,org.apache.xml.serializer.Serializer,9,1,0,11,9,36,10,1,9,2.0,9,0.0,0,0.0,0.333333333,0,0,0.0,1,1.0,1
xalan,2.6,xalan-2.6.csv,org.apache.xalan.templates.FuncDocument,8,5,0,16,66,28,1,15,6,2.0,551,0.0,0,0.888888889,0.475,3,8,67.875,1,0.875,0
xalan,2.6,xalan-2.6.csv,org.apache.xpath.objects.XStringForFSB,31,4,0,10,59,117,1,10,29,0.5,823,0.5,0,0.802721088,0.150537634,4,20,25.41935484,14,2.9032,2
xalan,2.6,xalan-2.6.csv,org.apache.xpath.functions.FuncRound,2,4,0,5,7,1,0,5,2,2.0,43,0.0,0,0.979591837,0.75,1,6,20.5,1,0.5,0
xalan,2.6,xalan-2.6.csv,org.apache.xalan.extensions.MethodResolver,12,1,0,11,69,64,2,9,6,1.015151515,1693,0.083333333,7,0.0,0.281818182,0,0,139.0833333,14,3.3333,1
xalan,2.6,xalan-2.6.csv,org.apache.xml.utils.RawCharacterHandler,1,1,0,0,1,0,0,0,1,2.0,1,0.0,0,0.0,1.0,0,0,0.0,1,1.0,0
xalan,2.6,xalan-2.6.csv,org.apache.xalan.lib.sql.XConnection,38,1,0,14,110,273,2,14,32,0.72972973,1595,1.0,4,0.0,0.248538012,0,0,40.55263158,13,2.2895,2
xalan,2.6,xalan-2.6.csv,org.apache.xml.res.XMLErrorResources_cs,5,3,0,1,16,8,0,1,3,1.243589744,1171,0.0,0,0.926829268,0.333333333,0,0,217.6,2,0.8,1
xalan,2.6,xalan-2.6.csv,org.apache.xalan.xsltc.compiler.Instruction,3,2,26,36,9,3,28,8,2,2.0,24,0.0,0,0.964285714,0.5,1,2,7.0,1,0.6667,0
xalan,2.6,xalan-2.6.csv,org.apache.xalan.processor.ProcessorText,3,5,0,7,10,3,1,6,2,2.0,40,0.0,0,0.990697674,0.583333333,2,4,12.33333333,1,0.6667,1
xalan,2.6,xalan-2.6.csv,org.apache.xalan.transformer.NodeSorter,4,1,0,9,28,2,2,8,2,0.333333333,475,0.0,1,0.0,0.583333333,0,0,117.25,1,0.75,0
xalan,2.6,xalan-2.6.csv,org.apache.xalan.xsltc.runtime.ErrorMessages,3,3,0,0,4,1,0,0,2,0.5,299,1.0,0,0.974358974,1.0,0,0,98.33333333,1,0.3333,2
xalan,2.6,xalan-2.6.csv,org.apache.xpath.res.XPATHErrorResources_ca,5,3,0,1,16,8,0,1,3,1.246296296,2125,0.0,0,0.926829268,0.333333333,0,0,397.0,2,0.8,2
xalan,2.6,xalan-2.6.csv,org.apache.xalan.xsltc.compiler.Comment,4,3,0,19,27,6,1,18,3,2.0,161,0.0,0,0.949152542,0.4,1,4,39.25,5,1.75,0
xalan,2.6,xalan-2.6.csv,org.apache.xalan.xsltc.trax.SmartTransformerFactoryImpl,21,3,0,3,45,0,0,3,19,0.5,476,1.0,0,0.5,0.220238095,1,2,21.42857143,3,1.0476,1
xalan,2.6,xalan-2.6.csv,org.apache.xalan.xsltc.compiler.Fallback,6,3,0,10,12,0,1,9,5,0.2,49,1.0,0,0.918032787,0.333333333,1,3,7.0,2,1.1667,0
xalan,2.6,xalan-2.6.csv,org.apache.xalan.templates.XUnresolvedVariableSimple,4,3,0,6,15,6,1,5,4,2.0,39,0.0,0,0.959459459,0.5,2,12,8.75,1,0.75,0
xalan,2.6,xalan-2.6.csv,org.apache.xml.res.XMLErrorResources_ca,5,3,0,1,16,8,0,1,3,1.243589744,1171,0.0,0,0.926829268,0.333333333,0,0,217.6,2,0.8,1
xalan,2.6,xalan-2.6.csv,org.apache.xml.utils.ThreadControllerWrapper,5,1,0,3,9,0,2,1,4,0.25,27,0.0,1,0.0,0.3,0,0,4.2,1,0.6,2
xalan,2.6,xalan-2.6.csv,org.apache.xpath.res.XPATHErrorResources_zh_CN,5,3,0,1,16,8,0,1,3,1.246296296,2125,0.0,0,0.926829268,0.333333333,0,0,397.0,2,0.8,2
xalan,2.6,xalan-2.6.csv,org.apache.xml.res.XMLErrorResources_zh_CN,5,3,0,1,16,8,0,1,3,1.243589744,1171,0.0,0,0.926829268,0.333333333,0,0,217.6,2,0.8,1
xalan,2.6,xalan-2.6.csv,org.apache.xalan.xsltc.compiler.PositionCall,3,4,0,13,12,3,1,12,3,2.0,56,0.0,0,0.979591837,0.5,2,4,17.66666667,3,1.3333,0
xalan,2.6,xalan-2.6.csv,org.apache.xpath.axes.ContextNodeList,12,1,0,1,12,66,1,0,12,2.0,12,0.0,0,0.0,0.444444444,0,0,0.0,1,1.0,0
xalan,2.6,xalan-2.6.csv,org.apache.xalan.templates.ElemVariablePsuedo,3,4,0,8,9,1,1,7,3,0.5,26,0.0,1,0.99086758,0.555555556,0,0,7.333333333,1,0.6667,1
xalan,2.6,xalan-2.6.csv,org.apache.xpath.res.XPATHErrorResources_de,5,3,0,1,16,8,0,1,3,1.246296296,2125,0.0,0,0.926829268,0.333333333,0,0,397.0,2,0.8,2
xalan,2.6,xalan-2.6.csv,org.apache.xalan.templates.XSLTVisitor,9,2,1,20,10,36,19,6,9,2.0,28,0.0,0,0.6,0.314814815,0,0,2.111111111,1,0.8889,1
xalan,2.6,xalan-2.6.csv,org.apache.xalan.extensions.ExtensionHandlerJava,3,2,2,3,7,0,2,1,2,0.5,32,1.0,0,0.75,0.666666667,0,0,9.0,1,0.6667,0
xalan,2.6,xalan-2.6.csv,org.apache.xalan.xsltc.compiler.DocumentCall,3,4,0,21,26,0,0,21,3,0.166666667,246,1.0,3,0.979591837,0.444444444,3,14,80.0,4,1.6667,0
xalan,2.6,xalan-2.6.csv,org.apache.xalan.xsltc.compiler.CurrentCall,2,4,0,7,6,1,0,7,2,2.0,13,0.0,0,0.989690722,0.625,2,4,5.5,1,0.5,0
xalan,2.6,xalan-2.6.csv,org.apache.xalan.xsltc.dom.Axis,1,1,0,7,1,0,6,1,0,2.0,62,0.0,0,0.0,0.0,0,0,60.0,0,0.0,1
xalan,2.6,xalan-2.6.csv,org.apache.xalan.xsltc.compiler.CeilingCall,2,4,0,10,10,1,0,10,2,2.0,31,0.0,0,0.989690722,0.6,2,5,14.5,1,0.5,0
xalan,2.6,xalan-2.6.csv,org.apache.xalan.xsltc.runtime.CallFunction,9,1,0,1,58,30,0,1,3,0.75,619,0.0,0,0.0,0.185185185,0,0,67.33333333,13,6.3333,0
xalan,2.6,xalan-2.6.csv,org.apache.xml.dtm.ref.SecuritySupport12,9,2,0,9,23,36,9,9,0,2.0,82,0.0,0,0.529411765,0.444444444,0,0,8.111111111,1,0.8889,0
xalan,2.6,xalan-2.6.csv,org.apache.xml.dtm.ref.IncrementalSAXSource_Filter,42,1,0,10,90,335,6,5,39,0.667917448,877,0.923076923,1,0.0,0.125396825,0,0,19.57142857,6,1.2857,0
xalan,2.6,xalan-2.6.csv,org.apache.xalan.templates.ElemOtherwise,3,3,0,1,4,3,0,1,3,2.0,10,0.0,0,0.98989899,1.0,2,4,2.333333333,1,0.6667,0
xalan,2.6,xalan-2.6.csv,org.apache.xalan.trace.TracerEvent,3,1,0,7,15,3,4,3,3,1.0,183,0.0,3,0.0,0.388888889,0,0,58.66666667,5,3.3333,1
xalan,2.6,xalan-2.6.csv,org.apache.xpath.domapi.XPathExpressionImpl,2,1,0,7,16,0,1,6,1,0.333333333,137,1.0,2,0.0,0.583333333,0,0,66.0,1,0.5,1
xalan,2.6,xalan-2.6.csv,org.apache.xalan.processor.ProcessorKey,3,4,0,10,34,3,1,9,1,2.0,169,0.0,0,0.990566038,0.666666667,1,1,55.33333333,1,0.6667,0
xalan,2.6,xalan-2.6.csv,org.apache.xalan.trace.TraceListenerEx,1,1,0,4,1,0,2,2,1,2.0,1,0.0,0,0.0,1.0,0,0,0.0,1,1.0,0
xalan,2.6,xalan-2.6.csv,org.apache.xml.res.XMLErrorResources_en,1,4,0,1,2,0,0,1,1,2.0,4,0.0,0,1.0,1.0,0,0,3.0,0,0.0,0
xalan,2.6,xalan-2.6.csv,org.apache.xalan.xsltc.compiler.util.ErrorMessages_fr,3,3,0,0,4,1,0,0,2,0.5,1248,1.0,0,0.974358974,1.0,0,0,414.6666667,1,0.3333,1
xalan,2.6,xalan-2.6.csv,org.apache.xpath.objects.XRTreeFragSelectWrapper,10,4,0,9,23,23,1,8,10,0.555555556,89,0.0,1,0.905263158,0.28,3,22,7.8,2,1.0,0
xalan,2.6,xalan-2.6.csv,org.apache.xpath.functions.FuncPosition,5,3,0,9,17,8,1,8,5,0.5,92,1.0,0,0.904761905,0.4,1,6,17.2,8,2.4,0
xalan,2.6,xalan-2.6.csv,org.apache.xalan.transformer.KeyRefIterator,3,7,0,15,26,0,0,15,2,0.0,171,0.75,3,0.985185185,0.444444444,3,4,54.66666667,6,3.0,1
xalan,2.6,xalan-2.6.csv,org.apache.xml.dtm.DTM,67,1,0,95,67,2211,92,4,67,1.015151515,83,0.0,0,0.0,0.242537313,0,0,0.0,1,1.0,1
xalan,2.6,xalan-2.6.csv,org.apache.xalan.processor.ProcessorPreserveSpace,2,4,1,9,14,1,2,7,1,2.0,50,0.0,0,0.995260664,0.625,2,2,24.0,1,0.5,0
xalan,2.6,xalan-2.6.csv,org.apache.xalan.xsltc.cmdline.getopt.IllegalArgumentException,1,4,0,2,2,0,1,1,1,2.0,5,0.0,0,1.0,1.0,0,0,4.0,0,0.0,0
xalan,2.6,xalan-2.6.csv,org.apache.xpath.operations.Plus,3,3,0,7,7,3,2,5,3,2.0,25,0.0,0,0.953488372,0.555555556,1,1,7.333333333,1,0.6667,0
xalan,2.6,xalan-2.6.csv,org.apache.xalan.xsltc.runtime.output.OutputBuffer,4,1,0,2,4,6,2,0,4,2.0,4,0.0,0,0.0,0.4,0,0,0.0,1,1.0,0
xalan,2.6,xalan-2.6.csv,org.apache.xalan.xsltc.util.IntegerArray,24,1,0,5,30,0,5,0,21,0.543478261,486,1.0,0,0.0,0.316666667,0,0,19.08333333,8,1.7083,0
xalan,2.6,xalan-2.6.csv,org.apache.xalan.templates.ElemCopy,4,4,0,10,25,6,1,9,4,2.0,121,0.0,0,0.985365854,0.625,2,4,29.25,1,0.75,2
xalan,2.6,xalan-2.6.csv,org.apache.xml.res.XMLErrorResources_es,5,3,0,1,16,8,0,1,3,1.243589744,1171,0.0,0,0.926829268,0.333333333,0,0,217.6,2,0.8,1
xalan,2.6,xalan-2.6.csv,org.apache.xalan.extensions.ExtensionHandler,7,1,3,13,11,21,7,6,5,1.0,29,1.0,0,0.0,0.349206349,0,0,2.857142857,1,0.8571,1
xalan,2.6,xalan-2.6.csv,org.apache.xml.utils.synthetic.Class,64,1,0,7,136,444,6,4,59,0.719298246,2278,0.894736842,12,0.0,0.152380952,0,0,34.296875,18,1.8438,0
xalan,2.6,xalan-2.6.csv,org.apache.xml.dtm.ref.NodeLocator,6,1,0,1,11,0,1,0,6,0.65,57,1.0,0,0.0,0.444444444,0,0,7.833333333,1,0.8333,0
xalan,2.6,xalan-2.6.csv,org.apache.xalan.xsltc.dom.AdaptiveResultTreeImpl,122,3,0,16,346,0,2,15,119,0.80755608,1640,1.0,3,0.63190184,0.13553719,1,18,12.3852459,2,1.7541,0
xalan,2.6,xalan-2.6.csv,org.apache.xml.dtm.DTMFilter,2,1,0,6,2,1,6,0,2,2.0,17,0.0,0,0.0,1.0,0,0,0.0,1,1.0,0
xalan,2.6,xalan-2.6.csv,org.apache.xml.utils.StringToStringTableVector,10,1,0,1,14,0,0,1,10,0.472222222,180,1.0,1,0.0,0.4,0,0,16.6,3,1.6,0
xalan,2.6,xalan-2.6.csv,org.apache.xalan.extensions.ExtensionHandlerExsltFunction,9,2,0,16,32,28,0,16,7,0.625,228,1.0,2,0.461538462,0.325,1,1,24.0,8,2.2222,1
xalan,2.6,xalan-2.6.csv,org.apache.xml.dtm.ref.IncrementalSAXSource_Xerces,13,1,0,9,49,14,0,9,10,0.483333333,680,0.066666667,0,0.0,0.1875,0,0,50.15384615,9,1.5385,1
xalan,2.6,xalan-2.6.csv,org.apache.xalan.transformer.NodeSortKey,1,1,0,6,10,0,3,4,0,2.0,80,0.0,3,0.0,1.0,0,0,71.0,0,0.0,0
xalan,2.6,xalan-2.6.csv,org.apache.xpath.res.XPATHErrorResources_sk,5,3,0,1,16,8,0,1,3,1.246296296,2125,0.0,0,0.926829268,0.333333333,0,0,397.0,2,0.8,2
xalan,2.6,xalan-2.6.csv,org.apache.xalan.xsltc.compiler.util.ErrorMessages_de,3,3,0,0,4,1,0,0,2,0.5,1248,1.0,0,0.974358974,1.0,0,0,414.6666667,1,0.3333,1
xalan,2.6,xalan-2.6.csv,org.apache.xalan.xsltc.compiler.ParameterRef,3,4,0,19,32,0,1,18,3,0.5,161,0.0,1,0.974358974,0.5,2,3,52.33333333,8,3.0,0
xalan,2.6,xalan-2.6.csv,org.apache.xalan.xsltc.compiler.util.MultiHashtable,3,3,0,2,11,3,2,0,3,2.0,61,0.0,0,0.95,0.833333333,1,2,19.33333333,5,2.3333,0
xalan,2.6,xalan-2.6.csv,org.apache.xpath.functions.FuncExtFunctionAvailable,2,4,0,9,14,1,1,8,2,2.0,72,0.0,0,0.979591837,0.75,2,7,35.0,1,0.5,1
xalan,2.6,xalan-2.6.csv,org.apache.xpath.objects.LessThanOrEqualComparator,3,2,0,3,5,3,1,2,0,2.0,24,0.0,0,0.5,0.555555556,0,0,7.0,2,1.3333,0
xalan,2.6,xalan-2.6.csv,org.apache.xml.serializer.ObjectFactory,12,1,0,5,44,64,3,2,0,0.981818182,586,1.0,0,0.0,0.318181818,0,0,47.41666667,8,1.8333,0
xalan,2.6,xalan-2.6.csv,org.apache.xpath.res.XPATHErrorResources_fr,5,3,0,1,16,8,0,1,3,1.246296296,2125,0.0,0,0.926829268,0.333333333,0,0,397.0,2,0.8,2
xalan,2.6,xalan-2.6.csv,org.apache.xalan.xsltc.compiler.TransletOutput,5,3,0,20,33,0,0,20,4,0.5,176,1.0,1,0.933333333,0.333333333,2,7,33.8,6,1.8,1
xalan,2.6,xalan-2.6.csv,org.apache.xalan.lib.Extensions,11,1,0,13,52,55,1,12,9,2.0,304,0.0,0,0.0,0.212121212,0,0,26.63636364,5,1.8182,1
xalan,2.6,xalan-2.6.csv,org.apache.xml.serializer.ToHTMLStream,38,3,0,15,120,509,2,13,27,0.88030888,2737,0.857142857,3,0.824390244,0.184275184,3,32,70.84210526,3,1.1053,5
xalan,2.6,xalan-2.6.csv,org.apache.xalan.templates.AVTPartXPath,7,2,0,13,20,0,1,12,7,0.0,74,1.0,1,0.5,0.25974026,0,0,9.428571429,1,0.7143,1
xalan,2.6,xalan-2.6.csv,org.apache.xalan.xsltc.trax.TransformerImpl,35,2,0,26,164,329,4,23,19,0.897058824,1673,1.0,7,0.282608696,0.135714286,0,0,46.17142857,20,2.8286,2
xalan,2.6,xalan-2.6.csv,org.apache.xpath.operations.UnaryOperation,11,2,4,11,20,0,6,6,11,0.2,88,1.0,1,0.75,0.227272727,1,7,6.909090909,3,1.3636,1
xalan,2.6,xalan-2.6.csv,org.apache.xpath.patterns.StepPattern,31,3,2,23,81,239,12,13,26,0.733333333,1095,0.4,2,0.641975309,0.180107527,2,9,34.16129032,17,3.0645,2
xalan,2.6,xalan-2.6.csv,org.apache.xpath.objects.XObject,42,2,7,143,68,819,130,15,40,0.953929539,465,0.111111111,0,0.428571429,0.112244898,2,8,9.857142857,4,1.1667,1
xalan,2.6,xalan-2.6.csv,org.apache.xalan.transformer.TransformSnapshot,0,1,0,2,0,0,2,0,0,2.0,0,0.0,0,0.0,0.0,0,0,0.0,0,0.0,0
xalan,2.6,xalan-2.6.csv,org.apache.xml.utils.SystemIDResolver,9,1,0,22,34,36,20,2,6,2.0,341,0.0,0,0.0,0.5,0,0,36.88888889,9,4.1111,0
xalan,2.6,xalan-2.6.csv,org.apache.xpath.functions.FunctionDef1Arg,8,4,9,18,21,8,9,9,4,2.0,110,0.0,0,0.872727273,0.5,2,5,12.75,2,1.125,0
xalan,2.6,xalan-2.6.csv,org.apache.xalan.xsltc.compiler.util.NamedMethodGenerator,5,5,0,9,10,8,2,7,4,1.0,45,1.0,0,0.978723404,0.4375,2,3,7.6,2,0.8,1
xalan,2.6,xalan-2.6.csv,org.apache.xalan.res.XSLTErrorResources_zh_CN,5,3,0,1,16,8,0,1,3,1.24795082,4275,0.0,0,0.926829268,0.333333333,0,0,805.2,2,0.8,1
xalan,2.6,xalan-2.6.csv,org.apache.xpath.axes.DescendantIterator,9,5,0,11,42,0,2,9,8,0.583333333,426,1.0,1,0.946969697,0.277777778,3,11,46.0,14,2.8889,1
xalan,2.6,xalan-2.6.csv,org.apache.xalan.templates.Stylesheet,75,3,1,43,122,2607,33,17,71,0.966779279,1155,0.916666667,4,0.725925926,0.073043478,3,19,14.08,16,1.84,0
xalan,2.6,xalan-2.6.csv,org.apache.xalan.templates.XMLNSDecl,4,1,0,2,5,0,2,0,4,0.666666667,28,1.0,0,0.0,0.5,0,0,5.25,1,0.75,0
xalan,2.6,xalan-2.6.csv,org.apache.xalan.xsltc.dom.LoadDocument,7,1,0,19,48,21,0,19,3,1.166666667,389,1.0,0,0.0,0.469387755,0,0,54.42857143,1,0.8571,0
xalan,2.6,xalan-2.6.csv,org.apache.xpath.functions.FuncSystemProperty,4,4,0,10,28,4,0,10,3,0.666666667,191,0.0,0,0.96,0.5,2,8,46.5,1,0.5,2
xalan,2.6,xalan-2.6.csv,org.apache.xalan.xsltc.compiler.AttributeValue,2,3,2,11,8,1,8,5,1,2.0,44,0.0,0,0.986111111,0.5,0,0,21.0,3,1.5,0
xalan,2.6,xalan-2.6.csv,org.apache.xalan.xsltc.cmdline.Compile,4,1,0,4,40,0,0,4,3,0.333333333,240,1.0,0,0.0,0.333333333,0,0,58.0,12,3.75,1
xalan,2.6,xalan-2.6.csv,org.apache.xalan.xsltc.dom.FilteredStepIterator,2,3,0,3,6,0,0,3,2,0.0,28,1.0,1,0.952380952,0.666666667,1,2,12.5,3,1.5,0
xalan,2.6,xalan-2.6.csv,org.apache.xalan.transformer.XSLInfiniteLoopException,2,1,0,0,3,1,0,0,1,2.0,7,0.0,0,0.0,1.0,0,0,2.5,1,0.5,0
xalan,2.6,xalan-2.6.csv,org.apache.xalan.xsltc.compiler.NamespaceAlias,4,3,0,8,8,6,1,7,3,1.0,30,1.0,0,0.952380952,0.4,2,4,6.0,1,0.75,0
xalan,2.6,xalan-2.6.csv,org.apache.xalan.xsltc.compiler.ContainsCall,5,4,0,18,22,4,0,18,5,0.25,126,1.0,2,0.96,0.4,3,14,23.8,1,0.8,0
xalan,2.6,xalan-2.6.csv,org.apache.xml.res.XMLErrorResources_it,5,3,0,1,16,8,0,1,3,1.243589744,1171,0.0,0,0.926829268,0.333333333,0,0,217.6,2,0.8,1
xalan,2.6,xalan-2.6.csv,org.apache.xalan.xsltc.dom.CollatorFactoryBase,4,1,0,1,9,4,0,1,3,0.666666667,29,0.0,0,0.0,0.555555556,0,0,5.75,2,0.75,0
xalan,2.6,xalan-2.6.csv,org.apache.xml.res.XMLErrorResources_ja,5,3,0,1,16,8,0,1,3,1.243589744,1171,0.0,0,0.926829268,0.333333333,0,0,217.6,2,0.8,1
xalan,2.6,xalan-2.6.csv,org.apache.xml.serializer.SerializerTrace,6,1,0,12,6,15,12,0,6,1.2,18,0.0,0,0.0,0.533333333,0,0,0.0,1,1.0,0
xalan,2.6,xalan-2.6.csv,org.apache.xalan.templates.ElemLiteralResult,32,4,2,18,88,354,6,13,28,0.88172043,686,1.0,2,0.86695279,0.180555556,3,19,20.15625,10,1.8438,3
xalan,2.6,xalan-2.6.csv,org.apache.xalan.processor.XSLTElementDef,37,1,1,8,57,440,6,4,0,0.793209877,812,0.722222222,3,0.0,0.289189189,0,0,20.45945946,15,2.2162,0
xalan,2.6,xalan-2.6.csv,org.apache.xalan.xsltc.compiler.Pattern,17,3,2,20,31,136,11,9,17,2.0,72,0.0,0,0.816091954,0.277310924,2,5,3.235294118,1,0.9412,1
xalan,2.6,xalan-2.6.csv,org.apache.xalan.xsltc.compiler.ArgumentList,2,1,0,1,7,0,0,1,2,0.0,35,1.0,2,0.0,0.666666667,0,0,15.5,2,1.0,0
xalan,2.6,xalan-2.6.csv,org.apache.xml.res.XMLErrorResources_de,5,3,0,1,16,8,0,1,3,1.243589744,1171,0.0,0,0.926829268,0.333333333,0,0,217.6,2,0.8,1
xalan,2.6,xalan-2.6.csv,org.apache.xalan.xsltc.compiler.StringCall,3,4,0,13,17,3,0,13,3,2.0,75,0.0,0,0.979591837,0.444444444,3,13,24.0,3,1.3333,0
xalan,2.6,xalan-2.6.csv,org.apache.xalan.serialize.DOMSerializer,0,1,0,4,0,0,3,1,0,2.0,0,0.0,0,0.0,0.0,0,0,0.0,0,0.0,0
xalan,2.6,xalan-2.6.csv,org.apache.xalan.xsltc.compiler.Template,25,3,0,27,85,172,10,22,24,0.863636364,589,1.0,4,0.714285714,0.141818182,2,8,22.12,13,2.28,1
xalan,2.6,xalan-2.6.csv,org.apache.xml.utils.res.XResources_sv,3,4,0,1,4,1,0,1,2,0.5,314,0.0,0,0.976190476,1.0,0,0,103.3333333,1,0.3333,1
xalan,2.6,xalan-2.6.csv,org.apache.xalan.xslt.ObjectFactory,12,1,0,4,44,64,2,2,0,0.981818182,586,1.0,0,0.0,0.318181818,0,0,47.41666667,8,1.8333,0
xalan,2.6,xalan-2.6.csv,org.apache.xml.utils.UnImplNode,107,1,1,2,117,5671,1,1,107,2.0,648,0.0,0,0.0,0.191069574,0,0,5.056074766,1,0.9907,1
xalan,2.6,xalan-2.6.csv,org.apache.xpath.functions.FuncNamespace,2,5,0,5,11,1,0,5,2,2.0,65,0.0,0,0.982142857,0.75,3,8,31.5,1,0.5,0
xalan,2.6,xalan-2.6.csv,org.apache.xml.utils.SecuritySupport,11,1,1,2,20,53,2,1,0,0.9,90,1.0,0,0.0,0.4,0,0,7.090909091,2,0.9091,0
xalan,2.6,xalan-2.6.csv,org.apache.xml.serializer.TransformStateSetter,2,1,0,4,2,1,4,0,2,2.0,2,0.0,0,0.0,0.666666667,0,0,0.0,1,1.0,1
xalan,2.6,xalan-2.6.csv,org.apache.xpath.compiler.FunctionTable,5,1,0,7,14,0,3,4,4,1.211538462,391,0.051282051,1,0.0,0.375,0,0,69.4,2,0.8,2
xalan,2.6,xalan-2.6.csv,org.apache.xalan.processor.ProcessorGlobalVariableDecl,3,5,0,6,10,3,1,5,1,2.0,30,0.0,0,0.990697674,0.583333333,1,2,9.0,1,0.6667,0
xalan,2.6,xalan-2.6.csv,org.apache.xalan.xsltc.compiler.WithParam,10,3,0,24,46,19,1,23,9,0.666666667,250,1.0,2,0.861538462,0.2375,1,7,23.6,4,1.6,1
xalan,2.6,xalan-2.6.csv,org.apache.xpath.axes.WalkerFactory,51,1,0,25,117,1275,11,23,40,1.02,2140,0.0,0,0.0,0.181372549,0,0,40.45098039,18,3.3333,2
xalan,2.6,xalan-2.6.csv,org.apache.xpath.axes.SubContextList,2,1,0,7,2,1,7,1,2,2.0,2,0.0,0,0.0,1.0,0,0,0.0,1,1.0,0
xalan,2.6,xalan-2.6.csv,org.apache.xml.dtm.ref.DTMChildIterNodeList,4,2,0,3,8,0,1,2,3,0.333333333,62,1.0,1,0.5,0.583333333,0,0,14.0,4,1.5,1
xalan,2.6,xalan-2.6.csv,org.apache.xalan.xsltc.runtime.ErrorMessages_fr,3,3,0,0,4,1,0,0,2,0.5,234,1.0,0,0.974358974,1.0,0,0,76.66666667,1,0.3333,1
xalan,2.6,xalan-2.6.csv,org.apache.xpath.objects.Comparator,3,1,6,8,4,3,7,1,0,2.0,6,0.0,0,0.0,0.555555556,0,0,1.0,1,0.6667,0
xalan,2.6,xalan-2.6.csv,org.apache.xalan.templates.ElemNumber,42,3,0,29,135,617,5,27,27,0.860310421,2384,1.0,9,0.830508475,0.136298422,2,7,55.5,26,2.0952,4
xalan,2.6,xalan-2.6.csv,org.apache.xpath.compiler.OpCodes,1,1,0,0,2,0,0,0,1,2.0,68,0.015625,0,0.0,1.0,0,0,3.0,0,0.0,0
xalan,2.6,xalan-2.6.csv,org.apache.xalan.xsltc.compiler.ApplyTemplates,6,3,0,28,60,0,3,27,5,0.65,375,1.0,3,0.918032787,0.305555556,1,5,60.83333333,13,3.5,1
xalan,2.6,xalan-2.6.csv,org.apache.xml.dtm.ref.DTMSafeStringPool,5,2,0,1,15,10,0,1,5,2.0,305,0.0,0,0.5,0.35,1,4,60.0,8,2.2,0
xalan,2.6,xalan-2.6.csv,org.apache.xpath.compiler.XPathParser,58,1,0,12,96,0,3,10,5,0.679425837,3337,0.454545455,2,0.0,0.163793103,0,0,56.34482759,6,1.4828,4
xalan,2.6,xalan-2.6.csv,org.w3c.dom.xpath.XPathEvaluator,3,1,0,0,3,3,0,0,3,2.0,3,0.0,0,0.0,0.611111111,0,0,0.0,1,1.0,1
xalan,2.6,xalan-2.6.csv,org.apache.xml.utils.NameSpace,1,1,0,1,2,0,1,0,1,2.0,16,0.0,1,0.0,1.0,0,0,12.0,0,0.0,0
xalan,2.6,xalan-2.6.csv,org.apache.xpath.operations.Bool,3,3,0,6,7,3,1,5,3,2.0,24,0.0,0,0.952380952,0.555555556,1,1,7.0,1,0.6667,0
xalan,2.6,xalan-2.6.csv,org.apache.xalan.xsltc.compiler.ConcatCall,3,4,0,19,22,3,0,19,3,2.0,131,0.0,0,0.979591837,0.444444444,3,14,42.66666667,5,2.0,0
xalan,2.6,xalan-2.6.csv,org.apache.xalan.lib.Redirect,7,1,0,12,45,1,0,12,4,0.75,499,0.5,0,0.0,0.571428571,0,0,69.71428571,7,1.7143,0
xalan,2.6,xalan-2.6.csv,org.apache.xalan.res.XSLTErrorResources_pl,5,3,0,1,16,8,0,1,3,1.24795082,4275,0.0,0,0.926829268,0.333333333,0,0,805.2,2,0.8,1
xalan,2.6,xalan-2.6.csv,org.apache.xalan.xsltc.runtime.ErrorMessages_de,3,3,0,0,4,1,0,0,2,0.5,234,1.0,0,0.974358974,1.0,0,0,76.66666667,1,0.3333,1
xalan,2.6,xalan-2.6.csv,org.apache.xalan.xsltc.compiler.Whitespace,14,3,0,30,81,79,1,29,7,1.030769231,805,0.3,0,0.821917808,0.207142857,2,6,55.78571429,11,3.5714,0
xalan,2.6,xalan-2.6.csv,org.apache.xalan.transformer.ClonerToResultTree,2,1,0,7,24,1,3,4,2,2.0,109,0.0,0,0.0,0.5,0,0,53.5,1,0.5,0
xalan,2.6,xalan-2.6.csv,org.w3c.dom.xpath.XPathResult,9,1,0,0,9,36,0,0,9,1.125,19,0.0,0,0.0,0.555555556,0,0,0.0,1,1.0,1
xalan,2.6,xalan-2.6.csv,org.apache.xml.utils.PrefixResolverDefault,5,1,1,4,22,8,3,1,5,0.75,122,0.0,0,0.0,0.6,0,0,23.2,13,3.2,1
xalan,2.6,xalan-2.6.csv,org.apache.xalan.lib.ExsltStrings,10,2,0,3,37,45,0,3,10,2.0,341,0.0,0,0.181818182,0.275,0,0,33.1,5,2.6,0
xalan,2.6,xalan-2.6.csv,org.apache.xalan.xsltc.compiler.SourceLoader,1,1,0,6,1,0,6,1,1,2.0,1,0.0,0,0.0,1.0,0,0,0.0,1,1.0,0
xalan,2.6,xalan-2.6.csv,org.apache.xml.utils.SuballocatedByteVector,18,1,0,0,20,3,0,0,10,0.329411765,830,1.0,0,0.0,0.685185185,0,0,44.83333333,8,3.1111,1
xalan,2.6,xalan-2.6.csv,org.apache.xpath.operations.Lte,2,3,0,4,4,1,1,3,2,2.0,13,0.0,0,0.976190476,0.75,1,1,5.5,1,0.5,0
xalan,2.6,xalan-2.6.csv,org.apache.xpath.objects.NotEqualComparator,3,2,0,3,5,3,1,2,0,2.0,22,0.0,0,0.5,0.555555556,0,0,6.333333333,2,1.3333,0
xalan,2.6,xalan-2.6.csv,org.apache.xalan.transformer.TransformerImpl,133,2,0,114,409,7774,63,68,125,0.944507576,3531,0.725,17,0.090277778,0.052807487,1,2,25.2481203,5,1.3383,6
xalan,2.6,xalan-2.6.csv,org.apache.xalan.xsltc.compiler.LocationPathPattern,13,4,3,13,19,64,5,8,13,0.854166667,107,1.0,1,0.878787879,0.230769231,2,3,6.923076923,6,1.4615,1
xalan,2.6,xalan-2.6.csv,org.apache.xml.dtm.ObjectFactory,12,1,0,3,44,64,1,2,0,0.981818182,586,1.0,0,0.0,0.318181818,0,0,47.41666667,8,1.8333,0
xalan,2.6,xalan-2.6.csv,org.apache.xalan.templates.ElemTemplate,22,3,2,27,46,189,22,11,22,0.942857143,179,0.8,4,0.903225806,0.181818182,2,14,6.681818182,1,0.9545,2
xalan,2.6,xalan-2.6.csv,org.apache.xml.utils.ObjectPool,7,1,0,5,21,0,2,3,7,0.166666667,121,1.0,0,0.0,0.342857143,0,0,16.0,2,0.7143,0
xalan,2.6,xalan-2.6.csv,org.apache.xalan.lib.NodeInfo,9,1,0,3,20,36,0,3,9,2.0,204,0.0,0,0.0,0.333333333,0,0,21.66666667,4,2.6667,1
xalan,2.6,xalan-2.6.csv,org.apache.xml.serializer.ToUnknownStream,83,2,0,11,178,0,1,10,76,0.843089431,1123,1.0,1,0.514792899,0.115662651,2,10,12.34939759,10,1.2048,3
xalan,2.6,xalan-2.6.csv,org.apache.xalan.xsltc.compiler.util.ResultTreeType,22,2,0,40,59,185,9,33,21,0.523809524,751,1.0,0,0.622641509,0.199300699,2,4,33.09090909,7,1.5909,1
xalan,2.6,xalan-2.6.csv,org.apache.xalan.xsltc.dom.SingleNodeCounter,5,2,1,5,16,2,1,5,4,0.625,110,0.5,1,0.823529412,0.5,1,4,20.6,9,2.2,2
xalan,2.6,xalan-2.6.csv,org.apache.xalan.xsltc.compiler.IdKeyPattern,9,5,2,25,29,22,3,23,9,0.75,214,1.0,1,0.925233645,0.259259259,3,4,22.44444444,2,1.0,0
xalan,2.6,xalan-2.6.csv,org.apache.xpath.CachedXPathAPI,12,1,0,5,23,54,0,5,12,0.454545455,139,1.0,1,0.0,0.533333333,0,0,10.5,1,0.8333,2
xalan,2.6,xalan-2.6.csv,org.apache.xalan.extensions.ExtensionHandlerGeneral,7,2,0,17,52,13,0,17,6,0.87037037,512,1.0,0,0.545454545,0.366666667,0,0,70.85714286,2,1.0,1
xalan,2.6,xalan-2.6.csv,org.apache.xalan.templates.ElemExtensionScript,6,3,0,2,7,3,1,1,6,0.6,33,1.0,0,0.975124378,0.666666667,1,2,4.166666667,1,0.8333,0
xalan,2.6,xalan-2.6.csv,org.apache.xpath.axes.WalkingIterator,17,5,1,17,41,0,8,11,16,0.4375,281,1.0,2,0.892857143,0.165775401,2,9,15.41176471,7,1.8824,1
xalan,2.6,xalan-2.6.csv,org.apache.xalan.xsltc.runtime.ErrorMessages_hu,3,3,0,0,4,1,0,0,2,0.5,234,1.0,0,0.974358974,1.0,0,0,76.66666667,1,0.3333,1
xalan,2.6,xalan-2.6.csv,org.apache.xpath.functions.FuncQname,2,5,0,5,7,1,0,5,2,2.0,35,0.0,0,0.982142857,0.75,2,7,16.5,1,0.5,0
xalan,2.6,xalan-2.6.csv,org.apache.xalan.lib.sql.SQLQueryParser,13,1,0,6,46,8,2,5,9,0.716666667,528,0.7,0,0.0,0.221153846,0,0,38.84615385,35,4.0769,0
xalan,2.6,xalan-2.6.csv,org.apache.xalan.xsltc.DOM,44,1,0,38,44,946,34,5,44,1.023255814,52,0.0,0,0.0,0.237373737,0,0,0.0,1,1.0,0
xalan,2.6,xalan-2.6.csv,org.apache.xalan.xsltc.compiler.RelativeLocationPath,3,3,2,4,4,3,3,1,2,2.0,6,0.0,0,0.97260274,0.666666667,0,0,1.0,1,0.6667,0
xalan,2.6,xalan-2.6.csv,org.apache.xml.utils.StylesheetPIHandler,8,2,0,4,28,6,2,2,8,0.761904762,471,0.0,0,0.708333333,0.4375,1,1,57.125,2,1.0,1
xalan,2.6,xalan-2.6.csv,org.apache.xalan.res.XSLTErrorResources_ru,5,3,0,1,16,8,0,1,3,1.24795082,4275,0.0,0,0.926829268,0.333333333,0,0,805.2,2,0.8,1
xalan,2.6,xalan-2.6.csv,org.apache.xpath.axes.NodeSequence,37,3,1,9,68,212,1,8,34,0.625,711,1.0,2,0.682692308,0.171171171,2,9,18.10810811,12,2.2973,2
xalan,2.6,xalan-2.6.csv,org.apache.xpath.functions.ObjectFactory,12,1,0,3,44,64,1,2,0,0.981818182,586,1.0,0,0.0,0.318181818,0,0,47.41666667,8,1.8333,0
xalan,2.6,xalan-2.6.csv,org.apache.xalan.xsltc.compiler.util.ErrorMessages_pt_BR,3,3,0,0,4,1,0,0,2,0.5,1248,1.0,0,0.974358974,1.0,0,0,414.6666667,1,0.3333,1
xalan,2.6,xalan-2.6.csv,org.apache.xalan.res.XSLTErrorResources_sk,5,3,0,1,16,8,0,1,3,1.24795082,4275,0.0,0,0.926829268,0.333333333,0,0,805.2,2,0.8,1
xalan,2.6,xalan-2.6.csv,org.apache.xalan.extensions.SecuritySupport12,9,2,0,9,23,36,9,9,0,2.0,82,0.0,0,0.529411765,0.444444444,0,0,8.111111111,1,0.8889,0
xalan,2.6,xalan-2.6.csv,org.apache.xalan.xsltc.trax.DOM2TO,22,1,0,3,56,221,1,2,20,0.964285714,385,1.0,1,0.0,0.143939394,0,0,16.31818182,2,1.0,0
xalan,2.6,xalan-2.6.csv,org.apache.xalan.xsltc.runtime.ErrorMessages_no,3,3,0,0,4,1,0,0,2,0.5,195,1.0,0,0.974358974,1.0,0,0,63.66666667,1,0.3333,1
xalan,2.6,xalan-2.6.csv,org.apache.xml.utils.res.XResources_el,3,4,0,1,4,1,0,1,2,0.5,575,0.0,0,0.976190476,1.0,0,0,190.3333333,1,0.3333,1
xalan,2.6,xalan-2.6.csv,org.apache.xalan.xslt.SecuritySupport12,9,2,0,9,23,36,9,9,0,2.0,82,0.0,0,0.529411765,0.444444444,0,0,8.111111111,1,0.8889,0
xalan,2.6,xalan-2.6.csv,org.apache.xalan.xsltc.compiler.VariableRefBase,7,3,3,18,25,0,10,11,7,0.416666667,175,1.0,2,0.934210526,0.357142857,2,4,23.71428571,3,1.1429,0
xalan,2.6,xalan-2.6.csv,org.apache.xalan.templates.ElemCallTemplate,13,4,1,17,51,40,2,15,13,0.638888889,379,0.666666667,3,0.946902655,0.188034188,4,11,27.92307692,2,1.1538,2
xalan,2.6,xalan-2.6.csv,org.apache.xpath.XPathException,13,4,1,4,26,8,2,2,12,0.541666667,257,0.5,0,0.771428571,0.269230769,2,4,18.61538462,5,1.8462,0
xalan,2.6,xalan-2.6.csv,org.apache.xml.utils.synthetic.SynthesisException,4,3,0,6,5,0,6,0,2,1.095238095,54,0.0,0,0.944444444,0.666666667,0,0,10.75,1,0.25,0
xalan,2.6,xalan-2.6.csv,org.apache.xalan.xsltc.dom.Filter,1,1,0,2,1,0,2,0,1,2.0,1,0.0,0,0.0,1.0,0,0,0.0,1,1.0,0
xalan,2.6,xalan-2.6.csv,org.apache.xpath.objects.XStringForChars,12,4,0,4,22,4,1,3,11,0.484848485,148,0.333333333,0,0.921875,0.25,3,15,11.08333333,2,1.0,0
xalan,2.6,xalan-2.6.csv,org.apache.xpath.axes.WalkingIteratorSorted,5,6,0,5,13,0,1,5,3,0.25,129,1.0,0,0.979020979,0.366666667,1,1,24.6,17,4.0,0
xalan,2.6,xalan-2.6.csv,org.apache.xalan.templates.NamespaceAlias,10,3,0,6,12,37,6,2,10,0.888888889,52,1.0,0,0.956097561,0.4,1,1,3.8,1,0.9,0
xalan,2.6,xalan-2.6.csv,org.apache.xml.utils.res.XResources_fr,3,4,0,1,4,1,0,1,2,0.5,314,0.0,0,0.976190476,1.0,0,0,103.3333333,1,0.3333,1
xalan,2.6,xalan-2.6.csv,org.apache.xalan.xsltc.compiler.util.ErrorMsg,16,1,0,60,34,0,60,2,12,1.027160494,476,0.046296296,0,0.0,0.411111111,0,0,22.0,3,0.6875,2
xalan,2.6,xalan-2.6.csv,org.apache.xalan.transformer.TrAXFilter,8,2,0,3,35,0,1,2,7,0.5,172,1.0,1,0.829268293,0.25,1,6,20.25,2,1.125,2
xalan,2.6,xalan-2.6.csv,org.apache.xalan.res.XSLTErrorResources_zh_TW,5,3,0,1,16,8,0,1,3,1.24795082,4275,0.0,0,0.926829268,0.333333333,0,0,805.2,2,0.8,1
xalan,2.6,xalan-2.6.csv,org.apache.xml.res.XMLMessages,8,1,1,34,22,18,34,0,6,0.828571429,183,1.0,0,0.0,0.314285714,0,0,21.25,7,1.875,2
xalan,2.6,xalan-2.6.csv,org.apache.xml.dtm.SecuritySupport,11,1,1,2,20,53,2,1,0,0.9,90,1.0,0,0.0,0.4,0,0,7.090909091,2,0.9091,0
xalan,2.6,xalan-2.6.csv,org.apache.xalan.xsltc.dom.SingletonIterator,8,2,0,4,11,0,2,2,8,0.214285714,105,1.0,0,0.722222222,0.5,1,6,11.875,4,1.125,0
xalan,2.6,xalan-2.6.csv,org.apache.xml.dtm.DTMAxisIterator,12,1,0,83,12,66,83,0,12,1.090909091,13,0.0,0,0.0,0.416666667,0,0,0.0,1,1.0,0
xalan,2.6,xalan-2.6.csv,org.apache.xalan.lib.sql.QueryParameter,14,1,0,3,21,31,3,0,12,0.717948718,344,1.0,0,0.0,0.512820513,0,0,23.14285714,3,0.8571,0
xalan,2.6,xalan-2.6.csv,org.apache.xalan.xsltc.compiler.If,5,3,0,17,28,0,3,15,4,0.25,129,1.0,1,0.933333333,0.333333333,1,5,24.4,5,1.8,0
xalan,2.6,xalan-2.6.csv,org.apache.xalan.processor.WhitespaceInfoPaths,4,5,0,4,6,0,2,2,3,0.333333333,23,1.0,0,0.986486486,0.5,0,0,4.5,1,0.75,0
xalan,2.6,xalan-2.6.csv,org.apache.xml.utils.res.XResources_he,3,4,0,1,4,1,0,1,2,0.5,426,0.0,0,0.976190476,1.0,0,0,140.6666667,1,0.3333,1
xalan,2.6,xalan-2.6.csv,org.apache.xml.serializer.SecuritySupport,11,1,1,3,20,53,3,1,0,0.9,90,1.0,0,0.0,0.4,0,0,7.090909091,2,0.9091,0
xalan,2.6,xalan-2.6.csv,org.apache.xalan.xsltc.compiler.CastExpr,9,3,0,57,49,0,34,24,8,0.583333333,546,1.0,2,0.91025641,0.3125,2,8,59.33333333,5,1.3333,1
xalan,2.6,xalan-2.6.csv,org.apache.xml.res.XMLErrorResources,5,3,2,18,16,8,18,0,3,1.24375,1199,0.0,0,0.926829268,0.333333333,0,0,222.8,2,0.8,2
xalan,2.6,xalan-2.6.csv,org.apache.xml.utils.res.XResources_ja_JP_I,3,4,0,1,4,1,0,1,2,0.5,595,0.0,0,0.976190476,1.0,0,0,197.0,1,0.3333,1
xalan,2.6,xalan-2.6.csv,org.apache.xpath.functions.FuncContains,2,5,0,5,7,1,0,5,2,2.0,36,0.0,0,0.98245614,0.75,1,6,17.0,1,0.5,0
xalan,2.6,xalan-2.6.csv,org.apache.xalan.xsltc.compiler.util.MethodType,14,2,0,11,29,0,9,2,14,0.269230769,332,1.0,1,0.785714286,0.410714286,1,1,22.57142857,6,1.6429,0
xalan,2.6,xalan-2.6.csv,org.apache.xalan.res.XSLTErrorResources_fr,5,3,0,1,16,8,0,1,3,1.24795082,4275,0.0,0,0.926829268,0.333333333,0,0,805.2,2,0.8,1
xalan,2.6,xalan-2.6.csv,org.apache.xalan.templates.Constants,1,2,0,1,2,0,0,1,1,2.0,338,0.0,0,0.0,1.0,0,0,3.0,0,0.0,0
xalan,2.6,xalan-2.6.csv,org.apache.xalan.templates.ElemFallback,5,3,0,6,12,10,3,3,5,2.0,44,0.0,0,0.98,0.7,2,4,7.8,1,0.8,2
xalan,2.6,xalan-2.6.csv,org.apache.xpath.objects.LessThanComparator,3,2,0,3,5,3,1,2,0,2.0,24,0.0,0,0.5,0.555555556,0,0,7.0,2,1.3333,0
xalan,2.6,xalan-2.6.csv,org.apache.xalan.xsltc.compiler.ForEach,6,3,0,28,55,3,2,27,5,0.6,318,1.0,2,0.918032787,0.361111111,1,6,51.66666667,9,2.6667,0
xalan,2.6,xalan-2.6.csv,org.apache.xalan.xsltc.runtime.ErrorMessages_ko,3,3,0,0,4,1,0,0,2,0.5,234,1.0,0,0.974358974,1.0,0,0,76.66666667,1,0.3333,1
xalan,2.6,xalan-2.6.csv,org.apache.xpath.axes.ReverseAxesWalker,9,5,0,7,26,28,1,6,5,0.5,207,1.0,1,0.927927928,0.416666667,2,8,21.88888889,4,1.7778,0
xalan,2.6,xalan-2.6.csv,org.apache.xalan.serialize.SerializerUtils,7,1,0,12,37,21,5,7,7,2.0,250,0.0,0,0.0,0.404761905,0,0,34.71428571,4,1.2857,3
xalan,2.6,xalan-2.6.csv,org.apache.xpath.axes.BasicTestIterator,7,5,2,8,24,21,2,7,2,2.0,163,0.0,0,0.9765625,0.371428571,2,4,22.28571429,11,1.8571,0
xalan,2.6,xalan-2.6.csv,org.apache.xalan.xsltc.compiler.UnsupportedElement,7,2,0,18,35,7,1,18,6,0.666666667,196,1.0,1,0.9,0.253968254,1,5,26.57142857,5,1.5714,0
xalan,2.6,xalan-2.6.csv,org.apache.xalan.xsltc.compiler.Closure,4,1,0,6,4,6,6,1,4,2.0,4,0.0,0,0.0,0.625,0,0,0.0,1,1.0,0
xalan,2.6,xalan-2.6.csv,org.apache.xml.utils.Hashtree2Node,2,1,0,1,23,1,1,0,2,2.0,145,0.0,0,0.0,0.5,0,0,71.5,8,4.0,0
xalan,2.6,xalan-2.6.csv,org.apache.xalan.processor.ProcessorStylesheetElement,3,4,0,9,29,3,2,9,2,2.0,107,0.0,0,0.990566038,0.666666667,1,1,34.66666667,1,0.6667,2
xalan,2.6,xalan-2.6.csv,org.apache.xalan.res.XSLTErrorResources_hu,5,3,0,1,16,8,0,1,3,1.24795082,4275,0.0,0,0.926829268,0.333333333,0,0,805.2,2,0.8,1
xalan,2.6,xalan-2.6.csv,org.apache.xalan.xsltc.dom.CurrentNodeListFilter,1,1,0,3,1,0,1,2,1,2.0,1,0.0,0,0.0,1.0,0,0,0.0,1,1.0,0
xalan,2.6,xalan-2.6.csv,org.apache.xpath.operations.Minus,3,3,0,7,7,3,2,5,3,2.0,25,0.0,0,0.953488372,0.555555556,1,1,7.333333333,1,0.6667,0
xalan,2.6,xalan-2.6.csv,org.apache.xalan.xsltc.compiler.util.MatchGenerator,10,5,0,9,16,27,1,8,9,0.844444444,79,1.0,0,0.945205479,0.263888889,2,5,6.4,2,0.9,0
xalan,2.6,xalan-2.6.csv,org.apache.xpath.compiler.OpMap,22,1,1,5,38,67,2,3,21,0.873015873,384,0.166666667,2,0.0,0.327272727,0,0,16.18181818,8,1.5455,0
xalan,2.6,xalan-2.6.csv,org.apache.xml.dtm.SecuritySupport12,9,2,0,9,23,36,9,9,0,2.0,82,0.0,0,0.529411765,0.444444444,0,0,8.111111111,1,0.8889,0
xalan,2.6,xalan-2.6.csv,org.apache.xalan.trace.TraceManager,17,1,0,45,39,0,30,16,17,0.3125,435,1.0,1,0.0,0.165441176,0,0,24.47058824,4,2.3529,2
xalan,2.6,xalan-2.6.csv,org.apache.xalan.xsltc.dom.SAXImpl,81,6,0,58,232,3062,11,54,66,0.962931034,2222,1.0,5,0.721428571,0.129166667,3,8,26.07407407,10,2.037,1
xalan,2.6,xalan-2.6.csv,org.apache.xml.utils.res.XResources_de,3,4,0,1,4,1,0,1,2,0.5,314,0.0,0,0.976190476,1.0,0,0,103.3333333,1,0.3333,1
xalan,2.6,xalan-2.6.csv,org.apache.xalan.res.XSLTErrorResources_ko,5,3,0,1,16,8,0,1,3,1.24795082,4275,0.0,0,0.926829268,0.333333333,0,0,805.2,2,0.8,1
xalan,2.6,xalan-2.6.csv,org.apache.xml.utils.res.XResources_cy,3,4,0,1,4,1,0,1,2,0.5,583,0.0,0,0.976190476,1.0,0,0,193.0,1,0.3333,1
xalan,2.6,xalan-2.6.csv,org.apache.xml.utils.StopParseException,1,4,0,3,2,0,3,0,0,2.0,5,0.0,0,1.0,1.0,0,0,4.0,0,0.0,0
xalan,2.6,xalan-2.6.csv,org.apache.xml.serializer.OutputPropertyUtils,3,1,0,3,7,3,3,0,3,2.0,33,0.0,0,0.0,0.555555556,0,0,10.0,3,1.6667,1
xalan,2.6,xalan-2.6.csv,org.apache.xalan.processor.XSLTElementProcessor,15,3,11,21,50,101,16,7,10,0.821428571,294,1.0,2,0.933333333,0.348148148,0,0,18.46666667,1,0.9333,1
xalan,2.6,xalan-2.6.csv,org.apache.xalan.templates.ElemPI,8,3,0,12,33,8,1,11,8,0.428571429,163,1.0,1,0.965517241,0.3,2,5,19.25,16,2.75,3
xalan,2.6,xalan-2.6.csv,org.apache.xml.dtm.ref.DTMDefaultBaseTraversers,3,2,1,31,28,3,22,29,3,2.0,226,0.0,0,0.989130435,0.761904762,0,0,74.33333333,5,1.6667,2
xalan,2.6,xalan-2.6.csv,org.apache.xalan.xsltc.compiler.Import,5,3,0,15,39,4,0,15,4,0.5,225,1.0,1,0.9375,0.36,2,5,43.8,12,3.0,0
xalan,2.6,xalan-2.6.csv,org.apache.xml.utils.NodeVector,30,1,1,9,33,0,9,0,30,0.422413793,933,1.0,0,0.0,0.4,0,0,29.96666667,5,2.1667,1
xalan,2.6,xalan-2.6.csv,org.apache.xml.dtm.DTMWSFilter,1,1,0,27,1,0,26,1,1,2.0,4,0.0,0,0.0,1.0,0,0,0.0,1,1.0,0
xalan,2.6,xalan-2.6.csv,org.apache.xml.dtm.ref.ExpandedNameTable,14,1,0,24,26,15,22,2,11,0.933110368,405,0.391304348,4,0.0,0.461538462,0,0,26.28571429,11,2.0714,1
xalan,2.6,xalan-2.6.csv,org.apache.xalan.processor.ProcessorStripSpace,2,5,0,8,14,1,1,7,1,2.0,50,0.0,0,0.995283019,0.625,2,2,24.0,1,0.5,0
xalan,2.6,xalan-2.6.csv,org.apache.xalan.xsltc.compiler.XSLTC,60,1,0,25,152,1408,21,8,53,0.903344022,1394,0.837837838,3,0.0,0.11547619,0,0,21.61666667,15,1.75,2
xalan,2.6,xalan-2.6.csv,org.apache.xpath.axes.FilterExprWalker,18,5,0,19,48,13,5,15,16,0.735294118,244,1.0,2,0.858333333,0.185185185,4,14,12.33333333,3,1.3889,1
xalan,2.6,xalan-2.6.csv,org.apache.xalan.xsltc.compiler.Include,5,3,0,15,40,4,1,15,4,0.5,224,1.0,1,0.9375,0.36,2,5,43.6,12,3.0,0
xalan,2.6,xalan-2.6.csv,org.apache.xalan.xsltc.compiler.util.ErrorMessages_it,3,3,0,0,4,1,0,0,2,0.5,1248,1.0,0,0.974358974,1.0,0,0,414.6666667,1,0.3333,1
xalan,2.6,xalan-2.6.csv,org.apache.xalan.xsltc.compiler.SecuritySupport12,9,2,0,9,23,36,9,9,0,2.0,82,0.0,0,0.529411765,0.444444444,0,0,8.111111111,1,0.8889,0
xalan,2.6,xalan-2.6.csv,org.apache.xalan.lib.sql.PooledConnection,5,1,0,1,9,0,1,0,5,0.5,41,1.0,0,0.0,0.466666667,0,0,6.8,1,0.8,0
xalan,2.6,xalan-2.6.csv,org.apache.xalan.transformer.ResultNameSpace,1,1,0,0,2,0,0,0,1,2.0,16,0.0,1,0.0,1.0,0,0,12.0,0,0.0,0
xalan,2.6,xalan-2.6.csv,org.apache.xpath.operations.Gte,2,3,0,4,4,1,1,3,2,2.0,13,0.0,0,0.976190476,0.75,1,1,5.5,1,0.5,0
xalan,2.6,xalan-2.6.csv,org.apache.xml.dtm.ref.EmptyIterator,15,1,0,3,16,103,2,1,13,0.928571429,47,1.0,1,0.0,0.380952381,0,0,2.066666667,1,0.8667,0
xalan,2.6,xalan-2.6.csv,org.apache.xalan.xsltc.cmdline.Transform,9,1,0,14,71,8,0,14,6,0.7625,670,1.0,1,0.0,0.270833333,0,0,72.33333333,17,3.8889,1
xalan,2.6,xalan-2.6.csv,org.apache.xalan.templates.VarNameCollector,5,2,0,5,12,0,1,4,4,0.0,34,0.0,0,0.75,0.4,0,0,5.6,1,0.8,0
xalan,2.6,xalan-2.6.csv,org.apache.xml.serializer.CharInfo,15,1,0,8,51,79,3,5,5,0.869747899,591,0.647058824,1,0.0,0.385714286,0,0,37.26666667,7,1.6667,2
xalan,2.6,xalan-2.6.csv,org.apache.xml.utils.MutableAttrListImpl,5,2,0,1,18,10,1,0,5,2.0,107,0.0,0,0.888888889,0.6,1,2,20.4,4,1.8,0
xalan,2.6,xalan-2.6.csv,org.apache.xalan.xsltc.dom.ClonedNodeListIterator,10,2,0,3,15,5,1,3,10,0.555555556,65,1.0,1,0.590909091,0.35,1,6,5.3,2,1.0,0
xalan,2.6,xalan-2.6.csv,org.apache.xalan.xsltc.compiler.AttributeSet,8,3,0,26,59,6,3,25,7,0.80952381,314,1.0,3,0.895522388,0.3,2,5,37.5,9,2.5,1
xalan,2.6,xalan-2.6.csv,org.apache.xalan.xsltc.compiler.util.ErrorMessages_ja,3,3,0,0,4,1,0,0,2,0.5,1248,1.0,0,0.974358974,1.0,0,0,414.6666667,1,0.3333,1
xalan,2.6,xalan-2.6.csv,org.apache.xalan.templates.ElemUse,7,3,4,9,15,0,4,6,6,0.166666667,121,1.0,1,0.97029703,0.428571429,0,0,16.14285714,2,1.0,1
xalan,2.6,xalan-2.6.csv,org.apache.xpath.functions.Function3Args,9,5,4,12,23,6,5,8,8,0.375,124,0.0,1,0.875,0.355555556,4,15,12.66666667,6,1.7778,1
xalan,2.6,xalan-2.6.csv,org.apache.xpath.objects.XObjectFactory,3,1,0,13,19,3,1,13,3,2.0,207,0.0,0,0.0,0.444444444,0,0,68.0,11,5.3333,0
xalan,2.6,xalan-2.6.csv,org.apache.xpath.operations.Number,3,3,0,7,8,3,2,5,3,2.0,23,0.0,0,0.952380952,0.555555556,1,1,6.666666667,1,0.6667,0
xalan,2.6,xalan-2.6.csv,org.apache.xml.utils.URI,42,1,0,3,72,375,1,2,29,0.780487805,2044,1.0,0,0.0,0.226480836,0,0,47.38095238,33,3.1429,1
xalan,2.6,xalan-2.6.csv,org.apache.xalan.xsltc.runtime.ErrorMessages_ru,3,3,0,0,4,1,0,0,2,0.5,234,1.0,0,0.974358974,1.0,0,0,76.66666667,1,0.3333,1
xalan,2.6,xalan-2.6.csv,org.apache.xpath.operations.Mult,3,3,0,7,7,3,2,5,3,2.0,25,0.0,0,0.953488372,0.555555556,1,1,7.333333333,1,0.6667,0
xalan,2.6,xalan-2.6.csv,org.apache.xml.serializer.ToStream,74,2,3,23,189,1615,4,20,44,0.855541719,3057,0.727272727,3,0.54375,0.154440154,2,12,40.01351351,12,1.6216,9
xalan,2.6,xalan-2.6.csv,org.apache.xalan.transformer.QueuedEvents,7,1,0,2,10,13,0,2,2,0.861111111,99,0.75,2,0.0,0.571428571,0,0,11.42857143,1,0.8571,0
xalan,2.6,xalan-2.6.csv,org.apache.xalan.xsltc.dom.DOMWSFilter,2,1,0,11,12,0,4,7,2,0.4,116,1.0,4,0.0,0.625,0,0,54.5,9,4.5,1
xalan,2.6,xalan-2.6.csv,org.apache.xpath.functions.FuncNormalizeSpace,3,5,0,6,11,3,0,6,3,2.0,45,0.0,0,0.964912281,0.666666667,2,7,14.0,1,0.6667,0
xalan,2.6,xalan-2.6.csv,org.apache.xalan.xsltc.dom.NthIterator,10,2,0,3,21,0,0,3,10,0.62962963,99,1.0,1,0.590909091,0.35,1,7,8.6,2,1.1,0
xalan,2.6,xalan-2.6.csv,org.apache.xalan.templates.StylesheetComposed,11,4,1,16,45,39,9,10,9,0.8,333,1.0,0,0.964285714,0.309090909,1,2,28.90909091,4,1.5455,0
xalan,2.6,xalan-2.6.csv,org.apache.xml.utils.res.XResources_zh_CN,3,4,0,1,4,1,0,1,2,0.5,499,0.0,0,0.976190476,1.0,0,0,165.0,1,0.3333,1
xalan,2.6,xalan-2.6.csv,org.apache.xpath.operations.And,3,3,0,6,7,1,1,5,3,2.0,42,0.0,0,0.953488372,0.833333333,1,6,13.0,1,0.6667,0
xalan,2.6,xalan-2.6.csv,org.apache.xalan.templates.ElemApplyImport,5,3,0,7,17,10,1,6,5,2.0,69,0.0,0,0.98,0.466666667,2,6,12.8,1,0.8,2
xalan,2.6,xalan-2.6.csv,org.apache.xpath.XPathContext,78,2,0,168,143,2203,152,21,76,0.93452381,1065,0.791666667,13,0.2,0.06993007,0,0,12.34615385,5,1.2821,2
xalan,2.6,xalan-2.6.csv,org.apache.xalan.extensions.ExtensionNamespacesManager,9,1,0,7,29,12,5,2,8,0.625,605,1.0,0,0.0,0.416666667,0,0,65.88888889,7,2.5556,0
xalan,2.6,xalan-2.6.csv,org.apache.xalan.xsltc.dom.ExtendedSAX,0,1,0,1,0,0,1,0,0,2.0,0,0.0,0,0.0,0.0,0,0,0.0,0,0.0,0
xalan,2.6,xalan-2.6.csv,org.apache.xalan.processor.XSLTSchema,5,2,0,27,43,0,5,25,2,0.25,2423,1.0,0,0.875,0.7,1,1,483.4,2,1.0,0
xalan,2.6,xalan-2.6.csv,org.apache.xalan.processor.ProcessorExsltFuncResult,2,5,0,8,8,1,1,7,2,2.0,57,0.0,0,0.995327103,0.625,1,1,27.5,1,0.5,0
xalan,2.6,xalan-2.6.csv,org.apache.xalan.processor.ProcessorTemplateElem,4,4,7,13,24,6,8,5,3,2.0,96,0.0,0,0.985915493,0.55,1,2,23.0,1,0.75,1
xalan,2.6,xalan-2.6.csv,org.apache.xalan.xsltc.trax.SecuritySupport12,9,2,0,9,23,36,9,9,0,2.0,82,0.0,0,0.529411765,0.444444444,0,0,8.111111111,1,0.8889,0
xalan,2.6,xalan-2.6.csv,org.apache.xalan.lib.sql.DefaultConnectionPool,19,1,0,6,46,51,1,5,16,0.763888889,405,1.0,0,0.0,0.218045113,0,0,19.89473684,3,1.2632,0
xalan,2.6,xalan-2.6.csv,org.apache.xalan.xsltc.compiler.util.ErrorMessages_zh_CN,3,3,0,0,4,1,0,0,2,0.5,1248,1.0,0,0.974358974,1.0,0,0,414.6666667,1,0.3333,1
xalan,2.6,xalan-2.6.csv,org.apache.xalan.xsltc.compiler.util.TypeCheckError,7,3,0,89,13,0,88,2,7,0.083333333,98,0.0,2,0.85,0.371428571,1,2,12.71428571,3,0.7143,0
xalan,2.6,xalan-2.6.csv,org.apache.xalan.xsltc.compiler.NameCall,3,5,0,9,11,3,0,9,3,2.0,37,0.0,0,0.99,0.533333333,3,5,11.33333333,1,0.3333,0
xalan,2.6,xalan-2.6.csv,org.apache.xalan.xsltc.dom.NodeSortRecordFactory,6,1,0,9,17,9,1,8,4,0.685714286,188,1.0,2,0.0,0.5,0,0,29.16666667,1,0.5,0
xalan,2.6,xalan-2.6.csv,org.apache.xalan.xsltc.compiler.util.ErrorMessages_pl,3,3,0,0,4,1,0,0,2,0.5,1248,1.0,0,0.974358974,1.0,0,0,414.6666667,1,0.3333,1
xalan,2.6,xalan-2.6.csv,org.apache.xml.utils.Constants,1,1,1,1,2,0,1,0,1,2.0,26,0.0,0,0.0,1.0,0,0,3.0,0,0.0,0
xalan,2.6,xalan-2.6.csv,org.apache.xml.dtm.ref.DTMDefaultBaseIterators,4,3,3,57,36,6,49,31,4,2.0,244,0.0,0,0.978723404,0.642857143,0,0,60.0,2,1.0,2
xalan,2.6,xalan-2.6.csv,org.apache.xalan.xsltc.compiler.StringLengthCall,2,4,0,11,13,1,0,11,2,2.0,44,0.0,0,0.989690722,0.6,2,4,21.0,2,1.0,0
xalan,2.6,xalan-2.6.csv,org.apache.xalan.xsltc.runtime.AttributeList,17,1,0,3,39,62,2,1,16,0.7578125,276,1.0,1,0.0,0.441176471,0,0,14.76470588,4,1.4706,0
xalan,2.6,xalan-2.6.csv,org.apache.xalan.processor.XSLTAttributeDef,43,1,0,14,90,783,4,10,1,0.960784314,1949,0.205882353,2,0.0,0.333333333,0,0,43.53488372,10,1.3256,2
xalan,2.6,xalan-2.6.csv,org.apache.xalan.xsltc.compiler.LiteralExpr,8,3,0,18,18,4,7,11,5,0.571428571,75,1.0,0,0.922077922,0.325,2,8,8.125,1,0.75,0
xalan,2.6,xalan-2.6.csv,org.apache.xalan.xsltc.compiler.Text,13,3,0,22,45,0,8,17,10,0.625,361,1.0,0,0.835820896,0.269230769,2,6,26.46153846,10,2.0,1
xalan,2.6,xalan-2.6.csv,org.apache.xml.utils.BoolStack,14,1,0,7,17,0,7,0,13,0.384615385,165,1.0,0,0.0,0.404761905,0,0,10.57142857,2,1.2143,0
xalan,2.6,xalan-2.6.csv,org.apache.xml.utils.PrefixForUriEnumerator,3,1,0,1,9,0,1,1,2,0.0,67,1.0,1,0.0,0.5,0,0,20.0,3,1.6667,0
xalan,2.6,xalan-2.6.csv,org.apache.xpath.functions.FuncDoclocation,2,5,0,5,9,1,0,5,2,2.0,43,0.0,0,0.982142857,0.75,2,7,20.5,1,0.5,0
xalan,2.6,xalan-2.6.csv,org.apache.xalan.processor.ProcessorImport,3,5,0,2,4,3,1,1,0,2.0,10,0.0,0,0.990950226,1.0,1,1,2.333333333,1,0.6667,0
xalan,2.6,xalan-2.6.csv,org.apache.xalan.xsltc.dom.BitArray,17,1,0,2,24,0,2,0,16,0.6875,622,0.833333333,0,0.0,0.291666667,0,0,34.88235294,10,2.2353,0
xalan,2.6,xalan-2.6.csv,org.apache.xalan.xsltc.runtime.MessageHandler,2,1,1,3,4,1,3,0,2,2.0,9,0.0,0,0.0,0.75,0,0,3.5,1,0.5,0
xalan,2.6,xalan-2.6.csv,org.apache.xpath.objects.EqualComparator,3,2,0,3,5,3,1,2,0,2.0,18,0.0,0,0.5,0.555555556,0,0,5.0,2,1.0,0
xalan,2.6,xalan-2.6.csv,org.apache.xalan.xsltc.runtime.output.WriterOutputBuffer,6,1,0,1,16,0,0,1,5,0.733333333,88,1.0,0,0.0,0.333333333,0,0,13.16666667,1,0.6667,0
xalan,2.6,xalan-2.6.csv,org.apache.xml.dtm.ref.DTMAxisIterNodeList,5,2,0,5,12,0,1,4,4,0.4375,119,1.0,3,0.4,0.4,0,0,22.0,7,2.2,1
xalan,2.6,xalan-2.6.csv,org.apache.xml.serializer.EmptySerializer,82,1,2,5,83,3321,2,3,81,1.012345679,269,1.0,0,0.0,0.097560976,0,0,2.268292683,1,0.9878,4
xalan,2.6,xalan-2.6.csv,org.apache.xml.dtm.ref.DTMAxisIteratorBase,14,1,20,22,21,53,20,2,12,0.794871795,166,1.0,0,0.0,0.404761905,0,0,10.42857143,5,1.4286,0
xalan,2.6,xalan-2.6.csv,org.apache.xalan.xsltc.compiler.LangCall,4,4,0,17,17,0,0,17,4,0.666666667,84,1.0,2,0.96969697,0.375,3,8,19.5,2,1.0,0
xalan,2.6,xalan-2.6.csv,org.apache.xalan.xsltc.dom.FilterIterator,9,2,0,4,24,0,0,4,9,0.625,109,1.0,2,0.619047619,0.288888889,1,6,10.77777778,3,1.2222,0
xalan,2.6,xalan-2.6.csv,org.apache.xalan.xsltc.compiler.RelativePathPattern,1,5,3,7,2,0,6,1,0,2.0,4,0.0,0,1.0,1.0,0,0,3.0,0,0.0,0
xalan,2.6,xalan-2.6.csv,org.apache.xpath.axes.AxesWalker,27,4,2,21,53,257,8,15,23,0.802884615,454,0.625,4,0.747572816,0.138888889,1,4,15.51851852,5,1.5926,0
xalan,2.6,xalan-2.6.csv,org.apache.xpath.objects.GreaterThanOrEqualComparator,3,2,0,3,5,3,1,2,0,2.0,24,0.0,0,0.5,0.555555556,0,0,7.0,2,1.3333,0
xalan,2.6,xalan-2.6.csv,org.apache.xalan.templates.TemplateList,22,1,0,18,74,121,3,17,9,0.680272109,959,0.857142857,4,0.0,0.180952381,0,0,42.27272727,19,3.1364,2
xalan,2.6,xalan-2.6.csv,org.apache.xml.dtm.DTMConfigurationException,6,5,0,2,11,15,1,1,6,2.0,34,0.0,0,1.0,0.625,0,0,4.666666667,0,0.0,1
xalan,2.6,xalan-2.6.csv,org.apache.xalan.xsltc.compiler.util.ErrorMessages_ko,3,3,0,0,4,1,0,0,2,0.5,1248,1.0,0,0.974358974,1.0,0,0,414.6666667,1,0.3333,1
xalan,2.6,xalan-2.6.csv,org.apache.xml.utils.synthetic.reflection.EntryPoint,22,1,2,5,53,71,2,5,20,0.706349206,827,0.833333333,4,0.0,0.272727273,1,1,36.04545455,16,2.7727,0
xalan,2.6,xalan-2.6.csv,org.apache.xpath.operations.NotEquals,2,3,0,4,4,1,1,3,2,2.0,13,0.0,0,0.976190476,0.75,1,1,5.5,1,0.5,0
xalan,2.6,xalan-2.6.csv,org.apache.xpath.axes.UnionChildIterator,4,7,0,9,17,0,1,8,4,0.0,144,1.0,0,0.977941176,0.5,3,4,34.75,5,2.5,0
xalan,2.6,xalan-2.6.csv,org.apache.xpath.patterns.UnionPattern,9,2,0,12,20,0,4,10,8,0.125,212,1.0,1,0.789473684,0.197530864,1,7,22.44444444,7,2.4444,1
xalan,2.6,xalan-2.6.csv,org.apache.xalan.transformer.KeyTable,8,1,0,16,42,8,2,15,4,0.607142857,246,1.0,1,0.0,0.321428571,0,0,29.25,4,1.875,1
xalan,2.6,xalan-2.6.csv,org.apache.xalan.xsltc.runtime.ErrorMessages_zh_TW,3,3,0,0,4,1,0,0,2,0.5,234,1.0,0,0.974358974,1.0,0,0,76.66666667,1,0.3333,1
xalan,2.6,xalan-2.6.csv,org.apache.xalan.xsltc.compiler.LocalNameCall,3,5,0,10,13,3,0,10,3,2.0,50,0.0,0,0.99,0.533333333,3,5,15.66666667,1,0.3333,0
xalan,2.6,xalan-2.6.csv,org.apache.xml.serializer.SecuritySupport12,9,2,0,9,23,36,9,9,0,2.0,82,0.0,0,0.529411765,0.444444444,0,0,8.111111111,1,0.8889,0
xalan,2.6,xalan-2.6.csv,org.apache.xalan.xsltc.runtime.ErrorMessages_pt_BR,3,3,0,0,4,1,0,0,2,0.5,234,1.0,0,0.974358974,1.0,0,0,76.66666667,1,0.3333,1
xalan,2.6,xalan-2.6.csv,org.apache.xalan.xsltc.compiler.Key,6,3,0,37,56,0,1,36,5,0.55,586,1.0,4,0.923076923,0.361111111,2,5,96.0,5,1.6667,2
xalan,2.6,xalan-2.6.csv,org.apache.xalan.xsltc.runtime.AbstractTranslet,43,1,0,28,110,761,13,15,41,0.941558442,1052,0.575757576,7,0.0,0.146179402,0,0,22.69767442,12,2.1628,2
xalan,2.6,xalan-2.6.csv,org.apache.xpath.functions.FuncGenerateId,2,5,0,4,10,1,0,4,2,2.0,28,0.0,0,0.982142857,0.75,2,7,13.0,1,0.5,0
xalan,2.6,xalan-2.6.csv,org.apache.xml.dtm.DTMAxisTraverser,5,1,12,31,6,10,31,0,5,2.0,19,0.0,0,0.0,0.9,0,0,2.8,1,0.8,1
xalan,2.6,xalan-2.6.csv,org.apache.xpath.axes.AttributeIterator,3,7,0,4,6,3,1,3,1,2.0,31,0.0,0,0.985185185,0.555555556,3,5,9.333333333,2,1.0,0
xalan,2.6,xalan-2.6.csv,org.apache.xpath.objects.XBooleanStatic,2,4,0,4,5,0,2,3,2,0.0,25,0.0,0,0.987341772,0.666666667,2,3,11.0,2,1.0,1
xalan,2.6,xalan-2.6.csv,org.apache.xalan.transformer.TransformerClient,1,1,0,2,1,0,1,1,1,2.0,1,0.0,0,0.0,1.0,0,0,0.0,1,1.0,0
xalan,2.6,xalan-2.6.csv,org.apache.xpath.functions.FuncStartsWith,2,5,0,6,6,1,0,6,2,2.0,21,0.0,0,0.98245614,0.75,1,6,9.5,1,0.5,0
xalan,2.6,xalan-2.6.csv,org.apache.xalan.lib.sql.DTMDocument,96,4,2,15,197,0,2,13,66,0.919838057,2568,1.0,2,0.497354497,0.180871212,1,26,25.61458333,11,2.0938,2
xalan,2.6,xalan-2.6.csv,org.apache.xpath.operations.String,2,3,0,5,4,1,1,4,2,2.0,9,0.0,0,0.975609756,0.75,1,1,3.5,1,0.5,0
xalan,2.6,xalan-2.6.csv,org.apache.xalan.xsltc.compiler.Predicate,23,3,0,57,107,69,4,55,22,0.804545455,948,0.9,4,0.76344086,0.204968944,2,8,39.7826087,10,2.8261,1
xalan,2.6,xalan-2.6.csv,org.apache.xml.dtm.DTMIterator,25,1,0,49,25,300,48,2,25,1.041666667,28,0.0,0,0.0,0.34,0,0,0.0,1,1.0,0
xalan,2.6,xalan-2.6.csv,org.apache.xpath.Arg,15,1,0,3,21,0,1,2,15,0.628571429,158,1.0,2,0.0,0.311111111,0,0,9.2,2,0.8667,0
xalan,2.6,xalan-2.6.csv,org.apache.xalan.templates.AVTPartSimple,5,2,0,6,7,4,1,5,5,0.5,22,1.0,0,0.555555556,0.325,0,0,3.2,1,0.8,1
xalan,2.6,xalan-2.6.csv,org.apache.xalan.trace.GenerateEvent,5,1,0,4,6,0,4,1,5,0.6875,82,0.0,1,0.0,0.666666667,0,0,13.8,0,0.0,1
xalan,2.6,xalan-2.6.csv,org.apache.xml.dtm.ref.DTMNamedNodeMap,9,1,0,3,16,24,2,2,9,0.708333333,143,0.0,1,0.0,0.4,0,0,14.55555556,3,1.5556,2
xalan,2.6,xalan-2.6.csv,org.apache.xalan.extensions.SecuritySupport,11,1,1,2,20,53,2,1,0,0.9,90,1.0,0,0.0,0.4,0,0,7.090909091,2,0.9091,0
xalan,2.6,xalan-2.6.csv,org.apache.xml.utils.NSInfo,3,1,0,1,4,0,1,0,3,0.642857143,55,0.0,0,0.0,0.666666667,0,0,15.0,0,0.0,1
xalan,2.6,xalan-2.6.csv,org.apache.xalan.xsltc.compiler.FunctionCall,27,3,24,69,150,97,25,44,15,0.914663462,2553,0.96875,4,0.747368421,0.130177515,3,11,92.37037037,21,3.4815,2
xalan,2.6,xalan-2.6.csv,org.apache.xalan.xsltc.compiler.ElementAvailableCall,5,4,0,17,19,10,0,17,5,2.0,85,0.0,0,0.96,0.333333333,3,12,16.0,2,1.2,0
xalan,2.6,xalan-2.6.csv,org.apache.xpath.axes.SelfIteratorNoPredicate,5,5,0,8,8,10,3,5,4,2.0,57,0.0,0,0.9765625,0.45,1,4,10.4,4,1.2,1
xalan,2.6,xalan-2.6.csv,org.apache.xalan.xsltc.dom.XSLTCDTMManager,8,3,0,22,40,28,11,12,8,1.142857143,327,1.0,0,0.833333333,0.575,1,5,39.375,18,3.125,0
xalan,2.6,xalan-2.6.csv,org.apache.xalan.xsltc.trax.SAX2DOM,21,1,0,2,52,126,1,1,21,0.7625,322,1.0,0,0.0,0.265306122,0,0,14.14285714,7,1.381,0
xalan,2.6,xalan-2.6.csv,org.apache.xalan.xsltc.dom.ObjectFactory,12,1,0,5,44,64,3,2,0,0.981818182,586,1.0,0,0.0,0.318181818,0,0,47.41666667,8,1.8333,0
xalan,2.6,xalan-2.6.csv,org.apache.xpath.operations.Mod,3,3,0,7,7,3,2,5,3,2.0,25,0.0,0,0.953488372,0.555555556,1,1,7.333333333,1,0.6667,0
xalan,2.6,xalan-2.6.csv,org.apache.xalan.xsltc.compiler.util.ErrorMessages_sk,3,3,0,0,4,1,0,0,2,0.5,1248,1.0,0,0.974358974,1.0,0,0,414.6666667,1,0.3333,1
xalan,2.6,xalan-2.6.csv,org.apache.xalan.xsltc.compiler.Message,4,3,0,19,26,0,0,19,3,0.333333333,311,1.0,0,0.949152542,0.4,2,6,76.5,6,2.25,0
xalan,2.6,xalan-2.6.csv,org.apache.xalan.xsltc.compiler.util.VoidType,9,2,0,13,20,36,1,13,8,2.0,85,0.0,0,0.804878049,0.351851852,2,3,8.444444444,2,1.2222,0
xalan,2.6,xalan-2.6.csv,org.apache.xpath.functions.FuncNumber,2,5,0,4,5,1,0,4,2,2.0,12,0.0,0,0.982142857,0.75,2,7,5.0,1,0.5,0
xalan,2.6,xalan-2.6.csv,org.apache.xalan.templates.AVT,14,1,0,23,44,29,11,13,14,0.769230769,546,1.0,0,0.0,0.206349206,0,0,37.64285714,4,1.8571,1
xalan,2.6,xalan-2.6.csv,org.apache.xpath.functions.FuncFalse,3,3,0,4,4,3,0,4,3,2.0,9,0.0,0,0.95,0.5,1,6,2.0,1,0.6667,0
xalan,2.6,xalan-2.6.csv,org.apache.xalan.xsltc.compiler.LiteralElement,18,3,0,44,93,95,6,43,11,0.833333333,943,1.0,1,0.767123288,0.188888889,2,9,51.05555556,24,5.7778,0
xalan,2.6,xalan-2.6.csv,org.apache.xpath.NodeSetDTM,56,2,1,22,84,714,15,7,56,0.739393939,839,0.833333333,1,0.363636364,0.160714286,1,4,13.875,9,1.5714,1
xalan,2.6,xalan-2.6.csv,org.apache.xpath.compiler.Lexer,10,1,0,6,30,3,1,6,0,0.611111111,807,0.5,3,0.0,0.3125,0,0,79.1,11,2.8,2
xalan,2.6,xalan-2.6.csv,org.apache.xalan.templates.ElemExsltFunction,5,4,0,15,29,10,3,12,5,2.0,169,0.0,0,0.981900452,0.4,4,7,32.8,1,0.8,2
xalan,2.6,xalan-2.6.csv,org.apache.xalan.xsltc.trax.TrAXFilter,7,2,0,5,29,17,2,3,6,0.888888889,133,1.0,2,0.85,0.285714286,1,2,17.57142857,2,1.0,1
xalan,2.6,xalan-2.6.csv,org.apache.xml.utils.QName,28,1,0,53,49,268,49,4,28,0.562962963,741,0.8,0,0.0,0.285714286,1,1,25.28571429,9,1.4286,2
xalan,2.6,xalan-2.6.csv,org.apache.xml.res.XMLErrorResources_pl,5,3,0,1,16,8,0,1,3,1.243589744,1171,0.0,0,0.926829268,0.333333333,0,0,217.6,2,0.8,1
xalan,2.6,xalan-2.6.csv,org.apache.xalan.extensions.ExtensionsTable,7,1,0,9,25,0,2,7,7,0.5,199,0.5,1,0.0,0.357142857,0,0,27.14285714,1,0.8571,0
xalan,2.6,xalan-2.6.csv,org.apache.xml.utils.synthetic.JavaUtils,5,1,0,0,18,4,0,0,3,0.625,157,1.0,0,0.0,0.25,0,0,30.0,6,1.8,0
xalan,2.6,xalan-2.6.csv,org.apache.xml.utils.StringToStringTable,11,1,0,1,15,0,1,0,11,0.45,286,1.0,0,0.0,0.606060606,0,0,24.63636364,4,2.1818,0
xalan,2.6,xalan-2.6.csv,org.apache.xalan.Version,9,1,0,1,18,36,1,0,9,2.0,81,0.0,0,0.0,0.111111111,0,0,8.0,2,1.1111,4
xalan,2.6,xalan-2.6.csv,org.apache.xalan.xsltc.compiler.UnparsedEntityUriCall,3,4,0,15,14,0,0,15,3,0.0,63,1.0,1,0.979591837,0.444444444,3,13,19.66666667,1,0.6667,0
xalan,2.6,xalan-2.6.csv,org.apache.xalan.xsltc.Translet,11,1,0,19,11,55,15,4,11,2.0,11,0.0,0,0.0,0.262626263,0,0,0.0,1,1.0,0
xalan,2.6,xalan-2.6.csv,org.apache.xalan.trace.TraceListenerEx3,2,1,0,4,2,1,2,2,2,2.0,2,0.0,0,0.0,1.0,0,0,0.0,1,1.0,1
xalan,2.6,xalan-2.6.csv,org.apache.xpath.operations.VariableSafeAbsRef,2,3,0,9,11,1,1,8,2,2.0,39,0.0,0,0.97826087,0.666666667,1,1,18.5,1,0.5,0
xalan,2.6,xalan-2.6.csv,org.apache.xalan.xsltc.compiler.Copy,5,3,0,29,45,4,1,29,4,0.5,267,1.0,1,0.933333333,0.333333333,1,6,52.2,4,1.8,0
xalan,2.6,xalan-2.6.csv,org.apache.xalan.xsltc.compiler.util.SecuritySupport,11,1,1,2,20,53,2,1,0,0.9,90,1.0,0,0.0,0.4,0,0,7.090909091,2,0.9091,0
xalan,2.6,xalan-2.6.csv,org.apache.xalan.xsltc.dom.StripWhitespaceFilter,1,1,0,1,1,0,0,1,1,2.0,1,0.0,0,0.0,1.0,0,0,0.0,1,1.0,0
xalan,2.6,xalan-2.6.csv,org.apache.xalan.templates.ElemAttributeSet,8,4,0,11,27,16,6,8,8,0.571428571,109,0.0,1,0.966507177,0.3,2,4,12.5,3,1.125,2
xalan,2.6,xalan-2.6.csv,org.apache.xalan.processor.TransformerFactoryImpl,23,3,0,19,75,167,7,14,20,0.909090909,797,0.222222222,0,0.487804878,0.207070707,1,2,33.26086957,17,1.6087,5
xalan,2.6,xalan-2.6.csv,org.apache.xpath.objects.GreaterThanComparator,3,2,0,3,5,3,1,2,0,2.0,24,0.0,0,0.5,0.555555556,0,0,7.0,2,1.3333,0
xalan,2.6,xalan-2.6.csv,org.apache.xml.utils.StringComparable,8,1,0,1,23,10,1,0,4,0.767857143,390,0.625,0,0.0,0.375,0,0,46.75,19,4.875,0
xalan,2.6,xalan-2.6.csv,org.apache.xalan.xsltc.compiler.util.ErrorMessages_zh_TW,3,3,0,0,4,1,0,0,2,0.5,1248,1.0,0,0.974358974,1.0,0,0,414.6666667,1,0.3333,1
xalan,2.6,xalan-2.6.csv,org.apache.xalan.xsltc.compiler.util.SecuritySupport12,9,2,0,9,23,36,9,9,0,2.0,82,0.0,0,0.529411765,0.444444444,0,0,8.111111111,1,0.8889,0
xalan,2.6,xalan-2.6.csv,org.apache.xml.res.XMLErrorResources_sk,5,3,0,1,16,8,0,1,3,1.243589744,1171,0.0,0,0.926829268,0.333333333,0,0,217.6,2,0.8,1
xalan,2.6,xalan-2.6.csv,org.apache.xpath.ExpressionOwner,2,1,0,55,2,1,54,1,2,2.0,2,0.0,0,0.0,0.75,0,0,0.0,1,1.0,0
xalan,2.6,xalan-2.6.csv,org.apache.xalan.transformer.CountersTable,5,3,0,7,23,8,3,5,2,0.875,198,0.5,1,0.904761905,0.44,0,0,38.2,2,1.2,0
xalan,2.6,xalan-2.6.csv,org.apache.xml.dtm.ref.sax2dtm.SAX2DTM,75,4,2,25,190,2297,5,21,65,0.908361486,2494,0.9375,11,0.56626506,0.134234234,2,20,31.82666667,13,2.2933,3
xalan,2.6,xalan-2.6.csv,org.apache.xalan.xsltc.compiler.CallTemplate,8,3,0,23,62,2,2,22,6,0.619047619,411,1.0,2,0.888888889,0.270833333,1,6,50.0,10,3.75,2
xalan,2.6,xalan-2.6.csv,org.apache.xpath.operations.Div,3,3,0,7,7,3,2,5,3,2.0,25,0.0,0,0.953488372,0.555555556,1,1,7.333333333,1,0.6667,0
xalan,2.6,xalan-2.6.csv,org.apache.xalan.xsltc.NodeIterator,10,1,0,1,10,45,1,0,10,1.111111111,11,0.0,0,0.0,0.4,0,0,0.0,1,1.0,0
xalan,2.6,xalan-2.6.csv,org.apache.xalan.xsltc.runtime.output.StringOutputBuffer,5,1,0,1,11,0,0,1,5,0.0,41,1.0,0,0.0,0.36,0,0,7.0,1,0.8,0
xalan,2.6,xalan-2.6.csv,org.apache.xalan.xsltc.compiler.NameBase,5,4,3,17,21,0,3,14,5,0.25,149,1.0,2,0.96969697,0.366666667,3,14,28.4,4,1.2,0
xalan,2.6,xalan-2.6.csv,org.apache.xpath.functions.FuncString,2,5,0,5,4,1,0,5,2,2.0,10,0.0,0,0.982142857,0.75,2,7,4.0,1,0.5,0
xalan,2.6,xalan-2.6.csv,org.apache.xml.res.XMLErrorResources_ru,5,3,0,1,16,8,0,1,3,1.243589744,1171,0.0,0,0.926829268,0.333333333,0,0,217.6,2,0.8,1
xalan,2.6,xalan-2.6.csv,org.apache.xalan.transformer.SerializerSwitcher,4,1,0,5,21,6,1,4,3,2.0,153,0.0,0,0.0,0.4,0,0,37.25,1,0.75,0
xalan,2.6,xalan-2.6.csv,org.apache.xpath.res.XPATHErrorResources_zh_TW,5,3,0,1,16,8,0,1,3,1.246296296,2125,0.0,0,0.926829268,0.333333333,0,0,397.0,2,0.8,2
xalan,2.6,xalan-2.6.csv,org.apache.xalan.lib.sql.ObjectArray,7,1,0,3,19,0,3,1,6,0.25,432,1.0,1,0.0,0.464285714,0,0,60.14285714,3,1.4286,0
xalan,2.6,xalan-2.6.csv,org.apache.xml.utils.synthetic.reflection.Method,6,2,0,5,16,13,3,4,6,2.0,58,0.0,0,0.863636364,0.388888889,2,3,8.666666667,1,0.5,0
xalan,2.6,xalan-2.6.csv,org.apache.xalan.xsltc.dom.SecuritySupport12,9,2,0,9,23,36,9,9,0,2.0,82,0.0,0,0.529411765,0.444444444,0,0,8.111111111,1,0.8889,0
xalan,2.6,xalan-2.6.csv,org.apache.xalan.templates.RedundentExprEliminator,38,3,0,27,128,607,1,27,8,0.9,1849,0.0,2,0.357142857,0.194594595,0,0,47.39473684,15,3.7632,2
xalan,2.6,xalan-2.6.csv,org.apache.xalan.xslt.EnvironmentCheck,19,1,0,2,73,161,1,1,5,0.983333333,2178,0.2,0,0.0,0.25308642,0,0,113.1052632,9,3.5789,1
xalan,2.6,xalan-2.6.csv,org.apache.xml.utils.TreeWalker,10,1,0,10,65,0,5,5,7,0.305555556,611,0.75,1,0.0,0.44,0,0,59.7,1,0.7,0
xalan,2.6,xalan-2.6.csv,org.apache.xalan.xsltc.dom.DOMBuilder,0,1,0,4,0,0,3,1,0,2.0,0,0.0,0,0.0,0.0,0,0,0.0,0,0.0,0
xalan,2.6,xalan-2.6.csv,org.apache.xalan.lib.sql.SQLErrorDocument,5,5,0,4,18,0,1,3,3,0.616666667,353,1.0,0,0.989528796,0.485714286,1,1,66.6,2,0.6,0
xalan,2.6,xalan-2.6.csv,org.apache.xml.dtm.ref.DTMDefaultBase,94,1,1,16,141,4141,4,13,68,0.922341697,2326,0.777777778,14,0.0,0.173835125,0,0,23.45744681,15,2.4681,3
xalan,2.6,xalan-2.6.csv,org.apache.xml.res.XMLErrorResources_sv,3,4,0,1,4,1,0,1,2,1.3,875,0.0,0,0.976190476,1.0,0,0,289.0,1,0.3333,1
xalan,2.6,xalan-2.6.csv,org.apache.xml.res.XMLErrorResources_zh_TW,5,3,0,1,16,8,0,1,3,1.243589744,1171,0.0,0,0.926829268,0.333333333,0,0,217.6,2,0.8,1
xalan,2.6,xalan-2.6.csv,org.apache.xalan.xsltc.compiler.ProcessingInstruction,4,3,0,26,38,0,1,25,3,0.333333333,221,1.0,1,0.949152542,0.4,2,6,53.75,5,2.0,1
xalan,2.6,xalan-2.6.csv,org.apache.xalan.templates.FuncFormatNumb,5,6,0,13,35,10,1,12,4,2.0,183,0.0,0,0.941176471,0.4,2,8,35.6,1,0.8,0
xalan,2.6,xalan-2.6.csv,org.apache.xml.utils.StringToIntTable,8,1,0,2,12,0,2,0,8,0.523809524,217,0.833333333,0,0.0,0.583333333,0,0,25.375,4,1.875,0
xalan,2.6,xalan-2.6.csv,org.apache.xalan.lib.sql.SQLDocument,16,5,0,13,95,18,1,13,9,0.8,1467,1.0,4,0.926470588,0.205357143,2,8,86.625,23,3.6875,1
xalan,2.6,xalan-2.6.csv,org.apache.xpath.operations.Equals,3,3,0,6,7,3,1,5,3,2.0,40,0.0,0,0.953488372,0.555555556,2,2,12.33333333,1,0.6667,0
xalan,2.6,xalan-2.6.csv,org.apache.xml.utils.ObjectVector,21,1,1,5,23,0,5,0,21,0.3375,516,1.0,0,0.0,0.5,0,0,23.38095238,4,1.7143,0
xalan,2.6,xalan-2.6.csv,org.apache.xml.res.XMLErrorResources_tr,5,3,0,1,16,8,0,1,3,1.243589744,1171,0.0,0,0.926829268,0.333333333,0,0,217.6,2,0.8,1
xalan,2.6,xalan-2.6.csv,org.apache.xpath.functions.FuncSubstring,4,6,0,8,16,6,0,8,3,2.0,113,0.0,0,0.955223881,0.5,2,8,27.25,1,0.75,0
xalan,2.6,xalan-2.6.csv,org.apache.xalan.lib.sql.ConnectionPool,14,1,0,4,14,91,4,0,14,2.0,14,0.0,0,0.0,0.273809524,0,0,0.0,1,1.0,0
xalan,2.6,xalan-2.6.csv,org.apache.xalan.xsltc.compiler.AttributeValueTemplate,7,4,0,23,51,21,5,19,5,2.0,452,0.0,0,0.923076923,0.339285714,2,7,63.57142857,14,5.1429,0
xalan,2.6,xalan-2.6.csv,org.apache.xpath.compiler.SecuritySupport,11,1,1,2,20,53,2,1,0,0.9,90,1.0,0,0.0,0.4,0,0,7.090909091,2,0.9091,1
xalan,2.6,xalan-2.6.csv,org.apache.xalan.xsltc.compiler.util.NodeSortRecordFactGenerator,2,4,0,3,3,1,1,2,2,2.0,13,0.0,0,0.987804878,0.6,0,0,5.5,1,0.5,0
xalan,2.6,xalan-2.6.csv,org.apache.xpath.NodeSet,61,1,0,10,77,714,6,4,60,0.629166667,1486,0.875,0,0.0,0.219262295,0,0,23.2295082,9,2.2459,1
xalan,2.6,xalan-2.6.csv,org.apache.xml.dtm.ref.DTMNodeList,5,2,0,6,15,0,3,3,4,0.25,72,1.0,1,0.4,0.466666667,0,0,13.2,3,1.2,1
xalan,2.6,xalan-2.6.csv,org.apache.xalan.xsltc.compiler.Parser,76,1,0,97,205,2560,86,24,59,0.933777778,3305,1.0,9,0.0,0.093421053,0,0,42.09210526,13,2.25,3
xalan,2.6,xalan-2.6.csv,org.apache.xml.utils.NamespaceSupport2,11,2,0,3,26,0,2,2,11,0.55,127,0.5,1,0.583333333,0.409090909,1,3,10.36363636,3,1.3636,0
xalan,2.6,xalan-2.6.csv,org.apache.xalan.xsltc.compiler.Mode,31,1,0,41,149,327,4,39,12,0.853968254,3124,1.0,7,0.0,0.163306452,0,0,99.09677419,41,5.7097,3
xalan,2.6,xalan-2.6.csv,org.apache.xml.serializer.XSLOutputAttributes,19,1,0,1,19,171,1,0,19,2.0,19,0.0,0,0.0,0.381578947,0,0,0.0,1,1.0,0
xalan,2.6,xalan-2.6.csv,org.apache.xalan.lib.ExsltDynamic,7,2,0,16,43,21,1,15,7,1.166666667,682,0.0,0,0.25,0.642857143,0,0,96.28571429,1,0.8571,0
xalan,2.6,xalan-2.6.csv,org.apache.xalan.xsltc.compiler.AlternativePattern,8,4,0,15,27,0,1,14,8,0.142857143,135,1.0,2,0.925531915,0.270833333,2,3,15.625,2,1.0,0
xalan,2.6,xalan-2.6.csv,org.apache.xml.utils.SecuritySupport12,9,2,0,9,23,36,9,9,0,2.0,82,0.0,0,0.529411765,0.444444444,0,0,8.111111111,1,0.8889,0
xalan,2.6,xalan-2.6.csv,org.apache.xalan.lib.ExsltBase,3,1,4,5,14,3,4,1,1,2.0,62,0.0,0,0.0,0.5,0,0,19.66666667,4,1.6667,0
xalan,2.6,xalan-2.6.csv,org.apache.xalan.lib.ExsltMath,20,2,0,2,48,188,0,2,19,0.947368421,312,1.0,0,0.1,0.25,0,0,14.25,10,2.15,0
xalan,2.6,xalan-2.6.csv,org.apache.xalan.transformer.KeyManager,2,1,0,10,14,0,2,8,2,0.0,104,1.0,0,0.0,0.583333333,0,0,50.5,1,0.5,0
xalan,2.6,xalan-2.6.csv,org.apache.xalan.xsltc.DOMEnhancedForDTM,9,1,0,9,9,36,8,1,9,2.0,9,0.0,0,0.0,0.4,0,0,0.0,1,1.0,0
xalan,2.6,xalan-2.6.csv,org.apache.xalan.xsltc.compiler.Param,8,4,0,40,70,8,11,34,7,0.714285714,435,1.0,0,0.915662651,0.267857143,3,18,53.25,8,2.625,0
xalan,2.6,xalan-2.6.csv,org.apache.xml.serializer.SerializerConstants,1,1,0,1,2,0,1,0,0,2.0,27,0.0,0,0.0,0.0,0,0,10.0,0,0.0,2
xalan,2.6,xalan-2.6.csv,org.apache.xml.utils.synthetic.reflection.Field,33,1,0,3,73,0,1,3,33,0.75,469,0.0,2,0.0,0.158508159,1,1,13.03030303,6,1.303,0
xalan,2.6,xalan-2.6.csv,org.apache.xml.serializer.SerializerFactory,3,1,0,12,17,3,6,6,2,1.0,111,1.0,0,0.0,0.5,0,0,35.66666667,6,2.0,2
xalan,2.6,xalan-2.6.csv,org.apache.xpath.functions.FuncLocalPart,2,5,0,5,9,1,0,5,2,2.0,42,0.0,0,0.982142857,0.75,3,8,20.0,1,0.5,0
xalan,2.6,xalan-2.6.csv,org.apache.xalan.xsltc.runtime.ErrorMessages_ca,3,3,0,0,4,1,0,0,2,0.5,234,1.0,0,0.974358974,1.0,0,0,76.66666667,1,0.3333,1
xalan,2.6,xalan-2.6.csv,org.apache.xml.res.XMLErrorResources_pt_BR,5,3,0,1,16,8,0,1,3,1.243589744,1171,0.0,0,0.926829268,0.333333333,0,0,217.6,2,0.8,1
xalan,2.6,xalan-2.6.csv,org.apache.xpath.res.XPATHErrorResources_pt_BR,5,3,0,1,16,8,0,1,3,1.246296296,2125,0.0,0,0.926829268,0.333333333,0,0,397.0,2,0.8,2
xalan,2.6,xalan-2.6.csv,org.apache.xalan.res.XSLTErrorResources_pt_BR,5,3,0,1,16,8,0,1,3,1.24795082,4275,0.0,0,0.926829268,0.333333333,0,0,805.2,2,0.8,1
xalan,2.6,xalan-2.6.csv,org.apache.xml.utils.Context2,12,1,0,1,26,0,1,0,0,0.681818182,365,0.5,2,0.0,0.409090909,0,0,28.58333333,10,2.5,0
xalan,2.6,xalan-2.6.csv,org.apache.xalan.transformer.KeyIterator,4,8,0,9,15,2,2,7,3,0.333333333,97,1.0,1,0.978571429,0.4375,2,2,22.75,4,1.5,1
xalan,2.6,xalan-2.6.csv,org.apache.xalan.xsltc.compiler.AbsoluteLocationPath,7,3,0,19,28,0,1,18,7,0.0,143,1.0,1,0.934210526,0.285714286,2,7,19.28571429,2,1.1429,1
xalan,2.6,xalan-2.6.csv,org.apache.xpath.operations.Neg,3,3,0,6,7,3,1,5,3,2.0,19,0.0,0,0.952380952,0.555555556,1,1,5.333333333,1,0.6667,0
xalan,2.6,xalan-2.6.csv,org.apache.xpath.res.XPATHErrorResources_ja,5,3,0,1,16,8,0,1,3,1.246296296,2125,0.0,0,0.926829268,0.333333333,0,0,397.0,2,0.8,2
xalan,2.6,xalan-2.6.csv,org.apache.xml.dtm.ref.DTMNodeIterator,9,1,0,10,19,0,6,4,9,0.5,106,1.0,1,0.0,0.555555556,0,0,10.55555556,3,1.1111,0
xalan,2.6,xalan-2.6.csv,org.apache.xalan.transformer.StackGuard,7,1,0,8,19,0,3,7,5,0.5,157,0.0,1,0.0,0.458333333,0,0,21.14285714,4,1.4286,2
xalan,2.6,xalan-2.6.csv,org.apache.xpath.functions.FuncFloor,2,4,0,5,7,1,0,5,2,2.0,15,0.0,0,0.979591837,0.75,1,6,6.5,1,0.5,0
xalan,2.6,xalan-2.6.csv,org.apache.xml.utils.DOMOrder,1,1,0,1,1,0,1,0,1,2.0,1,0.0,0,0.0,1.0,0,0,0.0,1,1.0,0
xalan,2.6,xalan-2.6.csv,org.apache.xalan.res.XSLTErrorResources_de,5,3,0,1,16,8,0,1,3,1.24795082,4275,0.0,0,0.926829268,0.333333333,0,0,805.2,2,0.8,1
xalan,2.6,xalan-2.6.csv,org.apache.xml.serializer.EncodingInfo,1,1,0,1,2,0,1,0,1,2.0,16,0.0,0,0.0,1.0,0,0,12.0,0,0.0,2
xalan,2.6,xalan-2.6.csv,org.apache.xalan.lib.sql.SecuritySupport,11,1,1,2,20,53,2,1,0,0.9,90,1.0,0,0.0,0.4,0,0,7.090909091,2,0.9091,0
xalan,2.6,xalan-2.6.csv,org.apache.xalan.xsltc.dom.EmptyFilter,2,1,0,1,3,1,0,1,2,2.0,7,0.0,0,0.0,0.75,0,0,2.5,1,0.5,0
xalan,2.6,xalan-2.6.csv,org.apache.xalan.xsltc.cmdline.SecuritySupport12,9,2,0,9,23,36,9,9,0,2.0,82,0.0,0,0.529411765,0.444444444,0,0,8.111111111,1,0.8889,0
xalan,2.6,xalan-2.6.csv,org.apache.xpath.functions.FuncCeiling,2,4,0,5,7,1,0,5,2,2.0,15,0.0,0,0.979591837,0.75,1,6,6.5,1,0.5,0
xalan,2.6,xalan-2.6.csv,org.apache.xpath.VariableStack,22,1,0,27,44,0,18,11,21,0.734693878,477,0.285714286,2,0.0,0.365079365,0,0,20.36363636,3,1.0,1
xalan,2.6,xalan-2.6.csv,org.apache.xalan.templates.AVTPart,6,1,2,7,7,15,3,4,6,2.0,12,0.0,0,0.0,0.361111111,0,0,1.0,1,0.8333,1
xalan,2.6,xalan-2.6.csv,org.apache.xpath.axes.OneStepIterator,14,7,0,12,41,7,3,10,10,0.346153846,330,1.0,1,0.917241379,0.273809524,4,18,22.42857143,9,2.2857,1
xalan,2.6,xalan-2.6.csv,org.apache.xalan.xsltc.runtime.Attributes,7,1,0,1,8,21,0,1,7,1.0,30,1.0,1,0.0,0.5,0,0,3.0,1,0.8571,0
xalan,2.6,xalan-2.6.csv,org.apache.xml.serializer.Encodings,11,1,0,10,49,31,5,5,8,0.925,429,0.5,1,0.0,0.266666667,0,0,37.27272727,12,3.1818,3
xalan,2.6,xalan-2.6.csv,org.apache.xpath.compiler.XPathDumper,1,1,0,0,2,0,0,0,1,2.0,4,0.0,0,0.0,1.0,0,0,3.0,0,0.0,0
xalan,2.6,xalan-2.6.csv,org.apache.xml.dtm.ref.DTMManagerDefault,17,2,1,26,81,86,7,22,17,0.791666667,736,0.833333333,3,0.542857143,0.196078431,1,1,41.94117647,25,3.9412,0
xalan,2.6,xalan-2.6.csv,org.apache.xalan.processor.ProcessorUnknown,1,6,0,2,2,0,1,1,1,2.0,4,0.0,0,1.0,1.0,0,0,3.0,0,0.0,0
xalan,2.6,xalan-2.6.csv,org.apache.xml.dtm.DTMException,15,4,1,12,37,0,11,1,15,0.392857143,357,0.0,0,0.62962963,0.311111111,1,2,22.66666667,8,2.0,0
xalan,2.6,xalan-2.6.csv,org.apache.xml.serializer.WriterToUTF8Buffered,10,2,0,1,16,0,1,0,9,0.537037037,703,1.0,0,0.590909091,0.36,1,2,68.7,1,0.9,1
xalan,2.6,xalan-2.6.csv,org.apache.xalan.xslt.SecuritySupport,11,1,1,2,20,53,2,1,0,0.9,90,1.0,0,0.0,0.4,0,0,7.090909091,2,0.9091,0
xalan,2.6,xalan-2.6.csv,org.apache.xalan.xsltc.runtime.Node,1,1,0,1,2,0,1,0,1,2.0,12,0.0,0,0.0,1.0,0,0,9.0,0,0.0,0
xalan,2.6,xalan-2.6.csv,org.apache.xalan.templates.ElemVariable,23,3,3,35,76,161,18,23,20,0.827272727,417,0.8,2,0.903225806,0.169565217,2,16,16.91304348,4,1.1304,2
xalan,2.6,xalan-2.6.csv,org.apache.xalan.xsltc.runtime.ObjectFactory,12,1,0,3,44,64,1,2,0,0.981818182,586,1.0,0,0.0,0.318181818,0,0,47.41666667,8,1.8333,0
xalan,2.6,xalan-2.6.csv,org.apache.xml.serializer.ExtendedContentHandler,16,1,0,2,16,120,1,1,16,1.066666667,19,0.0,0,0.0,0.354166667,0,0,0.0,1,1.0,2
xalan,2.6,xalan-2.6.csv,org.apache.xalan.templates.StylesheetRoot,50,5,0,53,121,1069,45,24,34,0.939909297,987,0.944444444,11,0.853658537,0.079130435,3,6,18.38,10,1.6,3
xalan,2.6,xalan-2.6.csv,org.apache.xalan.transformer.DecimalToRoman,1,1,0,2,2,0,2,0,1,2.0,20,0.0,0,0.0,1.0,0,0,15.0,0,0.0,0
xalan,2.6,xalan-2.6.csv,org.apache.xpath.domapi.XPathResultImpl,15,1,0,4,40,35,1,3,12,0.773809524,573,1.0,1,0.0,0.255555556,0,0,36.8,5,1.4667,1
xalan,2.6,xalan-2.6.csv,org.apache.xml.utils.res.XResources_ja_JP_HA,3,4,0,1,4,1,0,1,2,0.5,599,0.0,0,0.976190476,1.0,0,0,198.3333333,1,0.3333,1
xalan,2.6,xalan-2.6.csv,org.apache.xpath.res.XPATHErrorResources_cs,5,3,0,1,16,8,0,1,3,1.246296296,2125,0.0,0,0.926829268,0.333333333,0,0,397.0,2,0.8,2
xalan,2.6,xalan-2.6.csv,org.apache.xalan.xsltc.dom.SecuritySupport,11,1,1,2,20,53,2,1,0,0.9,90,1.0,0,0.0,0.4,0,0,7.090909091,2,0.9091,0
xalan,2.6,xalan-2.6.csv,org.apache.xml.dtm.ref.ObjectFactory,12,1,0,3,44,64,1,2,0,0.981818182,586,1.0,0,0.0,0.318181818,0,0,47.41666667,8,1.8333,0
xalan,2.6,xalan-2.6.csv,org.apache.xalan.templates.ElemUnknown,5,5,0,5,15,8,0,5,3,2.0,81,0.0,0,0.983539095,0.7,2,3,15.2,3,1.2,2
xalan,2.6,xalan-2.6.csv,org.apache.xalan.xsltc.compiler.BooleanExpr,7,3,0,17,16,1,1,16,7,0.333333333,70,1.0,0,0.922077922,0.371428571,2,8,8.857142857,2,1.1429,0
xalan,2.6,xalan-2.6.csv,org.apache.xml.utils.res.XResources_ja_JP_HI,3,4,0,1,4,1,0,1,2,0.5,595,0.0,0,0.976190476,1.0,0,0,197.0,1,0.3333,1
xalan,2.6,xalan-2.6.csv,org.apache.xalan.templates.AbsPathChecker,4,2,0,8,6,0,1,7,4,0.0,37,1.0,0,0.8,0.45,0,0,8.0,3,1.25,0
xalan,2.6,xalan-2.6.csv,org.apache.xpath.XPathAPI,10,1,0,5,21,45,0,5,10,2.0,116,0.0,0,0.0,0.5,0,0,10.6,1,0.9,1
xalan,2.6,xalan-2.6.csv,org.apache.xml.dtm.ref.SecuritySupport,11,1,1,2,20,53,2,1,0,0.9,90,1.0,0,0.0,0.4,0,0,7.090909091,2,0.9091,0
xalan,2.6,xalan-2.6.csv,org.apache.xalan.xsltc.compiler.SymbolTable,25,1,0,90,48,214,88,9,24,0.891666667,494,1.0,1,0.0,0.185454545,0,0,18.36,5,2.2,0
xalan,2.6,xalan-2.6.csv,org.apache.xalan.xsltc.trax.Util,5,1,0,6,34,10,2,4,5,2.0,198,0.0,0,0.0,0.3,0,0,38.6,1,0.8,1
xalan,2.6,xalan-2.6.csv,org.apache.xpath.compiler.FuncLoader,3,1,0,5,12,0,2,3,3,0.5,46,1.0,0,0.0,0.555555556,0,0,13.66666667,1,0.6667,1
xalan,2.6,xalan-2.6.csv,org.apache.xalan.xsltc.compiler.util.NodeSortRecordGenerator,3,4,0,5,5,1,1,4,3,1.0,25,1.0,0,0.975903614,0.466666667,0,0,6.666666667,1,0.6667,0
xalan,2.6,xalan-2.6.csv,org.apache.xalan.res.XSLMessages,4,3,0,69,7,0,68,1,3,0.833333333,40,1.0,0,0.818181818,0.555555556,0,0,8.5,3,1.5,1
xalan,2.6,xalan-2.6.csv,org.apache.xpath.axes.OneStepIteratorForward,6,7,1,8,16,0,3,6,4,0.2,94,1.0,0,0.97080292,0.4,4,10,14.5,3,1.1667,1
xalan,2.6,xalan-2.6.csv,org.apache.xalan.xsltc.compiler.GenerateIdCall,2,4,0,10,12,1,0,10,2,2.0,39,0.0,0,0.989690722,0.6,2,4,18.5,2,1.0,0
xalan,2.6,xalan-2.6.csv,org.apache.xpath.objects.XNull,8,5,0,4,10,28,1,3,8,2.0,31,0.0,0,0.951048951,0.416666667,3,19,2.875,2,1.0,0
xalan,2.6,xalan-2.6.csv,org.apache.xalan.xsltc.compiler.CastCall,3,4,0,17,19,1,0,17,3,0.5,107,1.0,1,0.979591837,0.444444444,3,14,34.0,1,0.6667,0
xalan,2.6,xalan-2.6.csv,org.apache.xalan.xsltc.compiler.When,7,3,0,15,25,0,3,13,6,0.5,118,1.0,1,0.903225806,0.285714286,1,6,15.57142857,5,1.4286,0
xalan,2.6,xalan-2.6.csv,org.apache.xalan.xsltc.compiler.ObjectFactory,12,1,0,5,44,64,3,2,0,0.981818182,586,1.0,0,0.0,0.318181818,0,0,47.41666667,8,1.8333,0
xalan,2.6,xalan-2.6.csv,org.apache.xml.utils.ObjectStack,12,2,0,5,20,24,4,1,12,2.0,161,0.0,0,0.653846154,0.395833333,1,14,12.41666667,2,1.0,0
xalan,2.6,xalan-2.6.csv,org.apache.xalan.templates.ElemWithParam,12,3,0,21,39,14,2,19,11,0.818181818,195,0.5,2,0.946859903,0.194444444,2,10,14.91666667,3,1.1667,2
xalan,2.6,xalan-2.6.csv,org.apache.xpath.functions.FuncTrue,3,3,0,4,4,3,0,4,3,2.0,9,0.0,0,0.95,0.5,1,6,2.0,1,0.6667,0
xalan,2.6,xalan-2.6.csv,org.apache.xml.res.XMLErrorResources_fr,5,3,0,1,16,8,0,1,3,1.243589744,1171,0.0,0,0.926829268,0.333333333,0,0,217.6,2,0.8,1
xalan,2.6,xalan-2.6.csv,org.apache.xalan.templates.ElemForEach,18,3,1,24,82,79,5,20,17,0.752941176,486,0.6,2,0.920187793,0.136752137,2,6,25.72222222,4,1.2778,2
xalan,2.6,xalan-2.6.csv,org.apache.xalan.xsltc.compiler.LogicalExpr,11,3,0,18,43,0,0,18,10,0.633333333,375,0.666666667,2,0.8875,0.257142857,2,9,32.54545455,8,2.4545,0
xalan,2.6,xalan-2.6.csv,org.apache.xalan.extensions.ExtensionHandlerJavaClass,6,3,0,12,48,0,0,12,6,0.2,861,1.0,0,0.615384615,0.388888889,2,6,142.1666667,6,2.0,3
xalan,2.6,xalan-2.6.csv,org.apache.xpath.functions.FunctionOneArg,11,3,15,22,20,0,15,7,10,0.3,113,0.0,1,0.791666667,0.345454545,2,4,9.181818182,6,1.5455,1
xalan,2.6,xalan-2.6.csv,org.apache.xml.utils.XMLReaderManager,5,1,0,4,21,6,4,0,3,0.958333333,135,1.0,1,0.0,0.5,0,0,24.8,2,0.8,2
xalan,2.6,xalan-2.6.csv,org.apache.xpath.res.XPATHErrorResources_pl,5,3,0,1,16,8,0,1,3,1.246296296,2125,0.0,0,0.926829268,0.333333333,0,0,397.0,2,0.8,2
xalan,2.6,xalan-2.6.csv,org.apache.xpath.res.XPATHErrorResources_es,5,3,0,1,16,8,0,1,3,1.246296296,2125,0.0,0,0.926829268,0.333333333,0,0,397.0,2,0.8,2
xalan,2.6,xalan-2.6.csv,org.apache.xpath.compiler.Compiler,47,2,0,59,111,1021,22,41,15,0.648550725,1185,0.666666667,1,0.323076923,0.173913043,1,1,24.08510638,12,1.2128,4
xalan,2.6,xalan-2.6.csv,org.apache.xpath.res.XPATHErrorResources_en,1,4,0,1,2,0,0,1,1,2.0,4,0.0,0,1.0,1.0,0,0,3.0,0,0.0,0
xalan,2.6,xalan-2.6.csv,org.apache.xml.utils.XMLStringDefault,38,1,0,4,68,0,3,1,38,0.081081081,267,1.0,0,0.0,0.192105263,1,1,6.0,2,1.0,1
xalan,2.6,xalan-2.6.csv,org.apache.xalan.xsltc.dom.KeyIndex,20,2,0,9,38,34,2,7,20,0.778947368,385,1.0,4,0.40625,0.242857143,1,7,18.0,11,2.55,1
xalan,2.6,xalan-2.6.csv,org.apache.xalan.xsltc.runtime.SecuritySupport12,9,2,0,9,23,36,9,9,0,2.0,82,0.0,0,0.529411765,0.444444444,0,0,8.111111111,1,0.8889,0
xalan,2.6,xalan-2.6.csv,org.apache.xalan.xsltc.compiler.util.ErrorMessages_es,3,3,0,0,4,1,0,0,2,0.5,1248,1.0,0,0.974358974,1.0,0,0,414.6666667,1,0.3333,1
xalan,2.6,xalan-2.6.csv,org.apache.xalan.transformer.TreeWalker2Result,4,2,0,7,24,0,1,6,2,0.444444444,146,0.0,2,0.727272727,0.5625,1,4,34.75,1,0.75,0
xalan,2.6,xalan-2.6.csv,org.apache.xalan.xsltc.dom.StepIterator,8,2,1,4,21,0,2,3,8,0.333333333,158,1.0,2,0.65,0.34375,1,5,18.375,3,1.5,0
xalan,2.6,xalan-2.6.csv,org.apache.xalan.xsltc.compiler.IntExpr,4,3,0,11,14,0,0,11,4,0.333333333,44,1.0,0,0.959459459,0.4,2,7,9.75,1,0.75,0
xalan,2.6,xalan-2.6.csv,org.apache.xalan.xsltc.compiler.StepPattern,20,6,1,53,102,50,8,46,13,0.831578947,1167,1.0,1,0.838983051,0.225,3,8,56.85,8,2.6,2
xalan,2.6,xalan-2.6.csv,org.apache.xalan.processor.ProcessorExsltFunction,6,5,0,27,27,15,1,26,4,2.0,229,0.0,0,0.97706422,0.533333333,2,4,37.16666667,7,1.8333,0
xalan,2.6,xalan-2.6.csv,org.apache.xpath.domapi.XPathEvaluatorImpl,5,1,0,5,15,4,1,5,5,0.25,77,1.0,0,0.0,0.4,0,0,14.2,2,0.8,1
xalan,2.6,xalan-2.6.csv,org.apache.xalan.templates.ElemChoose,6,3,0,9,26,15,0,9,6,2.0,160,0.0,0,0.975124378,0.444444444,2,6,25.66666667,4,1.3333,2
xalan,2.6,xalan-2.6.csv,org.apache.xalan.xsltc.compiler.NumberCall,3,4,0,11,15,3,0,11,3,2.0,59,0.0,0,0.979591837,0.444444444,3,13,18.66666667,3,1.3333,0
xalan,2.6,xalan-2.6.csv,org.apache.xalan.xsltc.CollatorFactory,2,1,0,2,2,1,2,0,2,2.0,2,0.0,0,0.0,0.666666667,0,0,0.0,1,1.0,0
xalan,2.6,xalan-2.6.csv,org.apache.xalan.processor.ProcessorNamespaceAlias,2,4,0,6,17,1,1,5,1,2.0,65,0.0,0,0.995260664,0.625,3,4,31.5,1,0.5,0
xalan,2.6,xalan-2.6.csv,org.apache.xpath.compiler.Keywords,3,1,0,4,9,1,4,0,2,1.456896552,583,0.896551724,0,0.0,0.5,0,0,174.0,3,1.0,2
xalan,2.6,xalan-2.6.csv,org.apache.xpath.axes.PathComponent,1,1,0,8,1,0,8,0,1,2.0,1,0.0,0,0.0,1.0,0,0,0.0,1,1.0,0
xalan,2.6,xalan-2.6.csv,org.apache.xml.res.XMLErrorResources_hu,5,3,0,1,16,8,0,1,3,1.243589744,1171,0.0,0,0.926829268,0.333333333,0,0,217.6,2,0.8,1
xalan,2.6,xalan-2.6.csv,org.apache.xalan.lib.ExsltSets,7,2,0,4,23,21,1,3,7,2.0,258,0.0,0,0.25,0.5,0,0,35.85714286,6,3.5714,0
xalan,2.6,xalan-2.6.csv,org.apache.xpath.res.XPATHErrorResources_sv,3,4,0,1,4,1,0,1,2,1.428571429,1872,0.0,0,0.976190476,1.0,0,0,618.3333333,1,0.3333,1
xalan,2.6,xalan-2.6.csv,org.apache.xalan.xsltc.trax.OutputSettings,2,1,0,0,4,1,0,0,2,1.0,47,1.0,0,0.0,1.0,0,0,18.0,1,0.5,0
xalan,2.6,xalan-2.6.csv,org.apache.xalan.xsltc.compiler.ApplyImports,7,3,0,21,48,17,0,21,5,0.888888889,237,1.0,1,0.903225806,0.30952381,1,4,32.42857143,6,1.7143,1
xalan,2.6,xalan-2.6.csv,org.apache.xml.utils.ListingErrorHandler,17,1,0,4,55,50,0,4,16,0.65625,569,1.0,0,0.0,0.196078431,0,0,32.23529412,14,1.8824,2
xalan,2.6,xalan-2.6.csv,org.apache.xpath.functions.FunctionMultiArgs,9,6,1,9,24,6,2,8,8,0.375,218,0.0,1,0.888888889,0.355555556,5,22,23.11111111,7,2.3333,1
xalan,2.6,xalan-2.6.csv,org.apache.xml.dtm.Axis,1,1,0,4,1,0,4,0,0,2.0,111,0.0,0,0.0,0.0,0,0,88.0,0,0.0,1
xalan,2.6,xalan-2.6.csv,org.apache.xpath.res.XPATHErrorResources_ru,5,3,0,1,16,8,0,1,3,1.246296296,2125,0.0,0,0.926829268,0.333333333,0,0,397.0,2,0.8,2
xalan,2.6,xalan-2.6.csv,org.apache.xalan.xsltc.compiler.util.ErrorMessages,3,3,1,1,4,1,1,0,2,0.5,1326,1.0,0,0.974358974,1.0,0,0,440.6666667,1,0.3333,3
xalan,2.6,xalan-2.6.csv,org.apache.xpath.functions.FuncConcat,4,7,0,7,13,6,0,7,3,2.0,81,0.0,0,0.96,0.5,3,8,19.25,1,0.75,0
xalan,2.6,xalan-2.6.csv,org.apache.xalan.xsltc.compiler.KeyCall,4,4,0,32,45,0,0,32,3,0.083333333,524,1.0,4,0.96969697,0.458333333,3,7,129.0,8,2.5,1
xalan,2.6,xalan-2.6.csv,org.apache.xpath.functions.FuncId,3,4,0,11,27,3,0,11,2,2.0,169,0.0,0,0.96,0.476190476,1,7,55.33333333,8,3.0,0
xalan,2.6,xalan-2.6.csv,org.apache.xalan.processor.ProcessorGlobalParamDecl,3,5,0,6,10,3,1,5,1,2.0,30,0.0,0,0.990697674,0.583333333,1,2,9.0,1,0.6667,0
xalan,2.6,xalan-2.6.csv,org.apache.xml.dtm.ref.sax2dtm.SAX2RTFDTM,9,5,0,11,32,8,2,9,8,0.821428571,443,0.142857143,6,0.954285714,0.26984127,2,20,46.66666667,10,2.8889,1
xalan,2.6,xalan-2.6.csv,org.apache.xalan.xsltc.compiler.util.ErrorMessages_cs,3,3,0,0,4,1,0,0,2,0.5,1248,1.0,0,0.974358974,1.0,0,0,414.6666667,1,0.3333,1
xalan,2.6,xalan-2.6.csv,org.apache.xalan.processor.XSLProcessorVersion,2,1,0,0,4,1,0,0,2,2.0,16,0.0,0,0.0,0.5,0,0,3.5,1,0.5,0
xalan,2.6,xalan-2.6.csv,org.apache.xml.dtm.ref.DTMStringPool,6,1,2,6,25,3,5,1,6,0.56,424,0.0,1,0.0,0.375,0,0,68.83333333,8,2.8333,0
xalan,2.6,xalan-2.6.csv,org.apache.xalan.templates.ElemSort,15,3,0,7,26,53,2,5,15,0.785714286,164,1.0,5,0.933333333,0.293333333,2,6,9.6,2,1.0,0
xalan,2.6,xalan-2.6.csv,org.apache.xpath.functions.FuncNot,2,4,0,5,5,1,0,5,2,2.0,15,0.0,0,0.979591837,0.75,1,6,6.5,1,0.5,0
xalan,2.6,xalan-2.6.csv,org.apache.xalan.templates.ElemExtensionDecl,14,3,0,10,42,27,1,9,14,0.666666667,290,1.0,2,0.937799043,0.25,3,4,19.5,2,1.0714,0
xalan,2.6,xalan-2.6.csv,org.apache.xalan.processor.ProcessorTemplate,2,5,0,6,8,1,1,5,0,2.0,19,0.0,0,0.995327103,0.666666667,1,1,8.5,1,0.5,0
xalan,2.6,xalan-2.6.csv,org.apache.xalan.processor.ProcessorAttributeSet,3,4,0,7,19,3,1,6,2,2.0,54,0.0,0,0.990566038,0.666666667,2,3,17.0,1,0.6667,0
xalan,2.6,xalan-2.6.csv,org.apache.xpath.functions.FuncSubstringAfter,2,5,0,6,8,1,0,6,2,2.0,34,0.0,0,0.98245614,0.75,1,6,16.0,1,0.5,0
xalan,2.6,xalan-2.6.csv,org.apache.xalan.templates.WhiteSpaceInfo,4,4,1,9,8,4,7,4,4,0.666666667,30,1.0,0,0.99086758,0.45,0,0,6.25,1,0.5,1
xalan,2.6,xalan-2.6.csv,org.apache.xalan.xsltc.compiler.IdPattern,1,6,0,1,2,0,1,1,1,2.0,6,0.0,0,1.0,1.0,0,0,5.0,0,0.0,0
xalan,2.6,xalan-2.6.csv,org.apache.xalan.xsltc.cmdline.getopt.GetOpt,5,1,0,6,36,0,3,5,5,0.65,330,1.0,2,0.0,0.466666667,0,0,64.0,3,1.6,1
xalan,2.6,xalan-2.6.csv,org.apache.xalan.extensions.ExpressionContext,7,1,0,19,7,21,17,3,7,2.0,7,0.0,0,0.0,0.476190476,0,0,0.0,1,1.0,0
xalan,2.6,xalan-2.6.csv,org.apache.xpath.res.XPATHErrorResources_tr,5,3,0,1,16,8,0,1,3,1.246296296,2125,0.0,0,0.926829268,0.333333333,0,0,397.0,2,0.8,2
xalan,2.6,xalan-2.6.csv,org.apache.xalan.templates.ElemWhen,7,3,0,9,16,9,1,8,6,0.5,55,1.0,1,0.97029703,0.314285714,2,5,6.714285714,2,1.0,0
xalan,2.6,xalan-2.6.csv,org.apache.xml.serializer.ToTextSAXHandler,41,3,0,4,56,784,2,2,41,2.0,223,0.0,0,0.74,0.153846154,2,9,4.43902439,1,0.9512,2
xalan,2.6,xalan-2.6.csv,org.apache.xalan.xsltc.dom.NodeIteratorBase,11,1,0,2,18,19,0,2,9,0.75,138,1.0,0,0.0,0.424242424,0,0,11.0,3,1.2727,0
xalan,2.6,xalan-2.6.csv,org.apache.xml.utils.XMLChar,24,1,0,19,30,204,19,0,23,0.975845411,3239,0.0,0,0.0,0.25,0,0,133.5833333,17,4.0,2
xalan,2.6,xalan-2.6.csv,org.apache.xpath.XPath,17,1,0,61,64,78,46,15,17,0.96875,462,0.2,1,0.0,0.219607843,0,0,25.58823529,2,0.9412,1
xalan,2.6,xalan-2.6.csv,org.apache.xml.utils.SAXSourceLocator,8,2,0,17,29,0,17,0,8,0.285714286,119,0.0,0,0.666666667,0.34375,0,0,13.75,2,1.0,0
xalan,2.6,xalan-2.6.csv,org.apache.xalan.transformer.MsgMgr,12,1,0,12,20,46,11,2,12,0.0,176,1.0,1,0.0,0.489583333,0,0,13.58333333,1,0.9167,0
xalan,2.6,xalan-2.6.csv,org.apache.xalan.transformer.NumeratorFormatter,4,1,0,3,11,4,1,3,0,1.095238095,357,0.428571429,3,0.0,0.428571429,0,0,86.5,7,3.5,0
xalan,2.6,xalan-2.6.csv,org.apache.xml.dtm.ref.sax2dtm.SAX2DTM2,37,5,1,34,111,284,20,14,26,0.797979798,2307,1.0,2,0.830845771,0.206018519,2,33,60.75675676,20,3.5135,3
xalan,2.6,xalan-2.6.csv,org.apache.xalan.xsltc.trax.TransformerHandlerImpl,29,1,0,14,75,114,2,13,29,0.854166667,490,1.0,3,0.0,0.237068966,0,0,15.48275862,2,1.0,0
xalan,2.6,xalan-2.6.csv,org.apache.xalan.templates.FuncKey,3,5,0,14,33,1,0,14,2,0.5,177,1.0,0,0.98245614,0.75,1,7,57.66666667,1,0.3333,0
xalan,2.6,xalan-2.6.csv,org.apache.xml.serializer.Method,1,1,0,0,2,0,0,0,1,2.0,9,0.0,0,0.0,1.0,0,0,3.0,0,0.0,1
xalan,2.6,xalan-2.6.csv,org.apache.xpath.compiler.OpMapVector,4,1,0,2,6,0,2,0,4,0.416666667,87,1.0,0,0.0,1.0,0,0,19.75,2,1.0,1
xalan,2.6,xalan-2.6.csv,org.apache.xml.utils.DefaultErrorHandler,13,1,0,10,35,58,7,3,13,0.666666667,260,0.0,0,0.0,0.307692308,0,0,18.92307692,11,2.0,1
xalan,2.6,xalan-2.6.csv,org.apache.xalan.trace.SelectionEvent,1,1,1,8,2,0,4,4,1,2.0,28,0.0,4,0.0,1.0,0,0,21.0,0,0.0,1
xalan,2.6,xalan-2.6.csv,org.apache.xalan.xsltc.dom.CachedNodeListIterator,11,2,0,4,21,23,1,4,11,0.64,135,1.0,2,0.565217391,0.363636364,1,6,10.81818182,4,1.3636,0
xalan,2.6,xalan-2.6.csv,org.apache.xml.res.XMLErrorResources_ko,5,3,0,1,16,8,0,1,3,1.243589744,1171,0.0,0,0.926829268,0.333333333,0,0,217.6,2,0.8,1
xalan,2.6,xalan-2.6.csv,org.apache.xalan.extensions.ObjectFactory,12,1,0,4,44,64,2,2,0,0.981818182,586,1.0,0,0.0,0.318181818,0,0,47.41666667,8,1.8333,0
xalan,2.6,xalan-2.6.csv,org.apache.xpath.XPathFactory,1,1,0,3,1,0,1,2,1,2.0,1,0.0,0,0.0,1.0,0,0,0.0,1,1.0,0
xalan,2.6,xalan-2.6.csv,org.apache.xml.dtm.ref.ExtendedType,9,1,0,8,12,0,8,0,7,0.40625,117,1.0,0,0.0,0.5,1,2,11.55555556,4,1.1111,0
xalan,2.6,xalan-2.6.csv,org.apache.xml.utils.res.XResourceBundle,5,3,18,19,16,8,19,0,3,1.223684211,424,0.0,0,0.926829268,0.416666667,0,0,80.0,3,1.0,1
xalan,2.6,xalan-2.6.csv,org.apache.xalan.xsltc.compiler.util.FilterGenerator,4,4,0,6,6,2,2,4,3,0.666666667,29,1.0,0,0.975903614,0.466666667,0,0,5.75,1,0.5,0
xalan,2.6,xalan-2.6.csv,org.apache.xalan.lib.PipeDocument,3,1,0,10,47,3,0,10,3,2.0,271,0.0,0,0.0,0.466666667,0,0,89.33333333,1,0.6667,0
xalan,2.6,xalan-2.6.csv,org.apache.xalan.xsltc.compiler.Variable,6,4,0,35,47,3,11,28,5,2.0,281,0.0,0,0.938271605,0.4,2,13,45.83333333,8,3.6667,0
xalan,2.6,xalan-2.6.csv,org.apache.xpath.objects.XNodeSet,33,4,3,44,76,472,25,20,31,0.96875,610,0.0,6,0.801470588,0.173611111,3,30,17.3030303,2,1.1515,1
xalan,2.6,xalan-2.6.csv,org.apache.xalan.xsltc.compiler.SyntaxTreeNode,55,1,5,100,118,1101,75,45,10,0.912037037,1164,1.0,6,0.0,0.149691358,0,0,19.94545455,18,2.1636,1
xalan,2.6,xalan-2.6.csv,org.apache.xalan.xsltc.compiler.util.RealType,27,3,0,42,57,343,13,34,26,2.0,514,0.0,0,0.573770492,0.202020202,1,3,18.03703704,9,1.8148,0
xalan,2.6,xalan-2.6.csv,org.apache.xpath.operations.Or,3,3,0,6,7,1,1,5,3,2.0,42,0.0,0,0.953488372,0.833333333,1,6,13.0,1,0.6667,0
xalan,2.6,xalan-2.6.csv,org.apache.xalan.xsltc.TransletException,3,4,0,13,5,3,13,0,3,2.0,16,0.0,0,1.0,0.555555556,0,0,4.333333333,0,0.0,0
xalan,2.6,xalan-2.6.csv,org.apache.xalan.xsltc.runtime.Hashtable,15,1,0,14,29,1,13,2,14,0.553571429,477,1.0,1,0.0,0.383333333,0,0,30.53333333,6,2.4667,0
xalan,2.6,xalan-2.6.csv,org.apache.xml.utils.DOM2Helper,11,2,0,9,29,53,6,3,11,0.8,125,1.0,0,0.714285714,0.327272727,1,5,10.27272727,4,1.4545,0
xalan,2.6,xalan-2.6.csv,org.apache.xalan.templates.ElemIf,8,3,0,13,27,0,0,13,7,0.285714286,117,1.0,1,0.965517241,0.270833333,2,5,13.5,2,1.0,2
xalan,2.6,xalan-2.6.csv,org.apache.xalan.xsltc.dom.DOMAdapter,58,1,0,12,117,0,5,7,54,0.840643275,598,1.0,3,0.0,0.194827586,0,0,9.103448276,3,1.3621,0
xalan,2.6,xalan-2.6.csv,org.apache.xml.dtm.ref.dom2dtm.DOM2DTMdefaultNamespaceDeclarationNode,46,1,0,3,53,1009,2,1,45,0.966666667,245,0.0,0,0.0,0.190217391,0,0,4.195652174,1,0.9783,0
xalan,2.6,xalan-2.6.csv,org.apache.xml.utils.XMLCharacterRecognizer,5,1,0,7,10,10,7,0,5,2.0,85,0.0,0,0.0,0.2,0,0,16.0,5,3.0,1
xalan,2.6,xalan-2.6.csv,org.apache.xml.dtm.ref.DTMTreeWalker,10,1,1,6,41,0,3,3,7,0.333333333,437,0.666666667,1,0.0,0.475,0,0,42.4,1,0.8,1
xalan,2.6,xalan-2.6.csv,org.apache.xml.serializer.ElemContext,5,1,0,8,6,0,7,1,0,0.35,123,0.1,3,0.0,0.466666667,0,0,21.6,2,1.0,0
xalan,2.6,xalan-2.6.csv,org.apache.xml.utils.LocaleUtility,2,1,0,1,13,1,1,0,2,2.0,103,0.0,0,0.0,0.5,0,0,49.5,10,5.0,0
xalan,2.6,xalan-2.6.csv,org.apache.xalan.xsltc.dom.MultipleNodeCounter,4,2,1,6,19,0,1,6,4,0.333333333,164,1.0,1,0.823529412,0.5,1,4,39.75,11,3.25,2
xalan,2.6,xalan-2.6.csv,org.apache.xalan.xsltc.runtime.ErrorMessages_es,3,3,0,0,4,1,0,0,2,0.5,234,1.0,0,0.974358974,1.0,0,0,76.66666667,1,0.3333,1
xalan,2.6,xalan-2.6.csv,org.apache.xml.serializer.ToXMLStream,16,3,0,10,82,52,2,8,13,0.866666667,616,0.5,1,0.923497268,0.4,3,30,37.375,2,0.9375,5
xalan,2.6,xalan-2.6.csv,org.apache.xalan.trace.PrintTraceListener,9,1,0,19,59,16,1,18,9,0.785714286,680,0.0,0,0.0,0.285714286,0,0,73.77777778,10,2.3333,0
xalan,2.6,xalan-2.6.csv,org.apache.xalan.xsltc.compiler.VariableBase,20,3,2,35,72,120,14,24,19,0.910931174,404,1.0,3,0.759493671,0.1875,1,4,18.55,7,1.8,1
xalan,2.6,xalan-2.6.csv,org.apache.xalan.xsltc.compiler.Step,16,4,0,30,70,10,5,28,13,0.566666667,790,1.0,0,0.829545455,0.232142857,2,9,48.125,17,3.375,3
xalan,2.6,xalan-2.6.csv,org.apache.xalan.xsltc.compiler.UnresolvedRef,7,4,0,16,22,0,0,16,5,0.625,153,1.0,4,0.926829268,0.30952381,2,4,20.28571429,6,1.7143,0
xalan,2.6,xalan-2.6.csv,org.apache.xpath.operations.Lt,2,3,0,4,4,1,1,3,2,2.0,13,0.0,0,0.976190476,0.75,1,1,5.5,1,0.5,0
xalan,2.6,xalan-2.6.csv,org.apache.xml.serializer.Utils,2,1,0,1,6,1,0,1,0,2.0,25,0.0,0,0.0,0.5,0,0,11.5,1,0.5,0
xalan,2.6,xalan-2.6.csv,org.apache.xalan.xsltc.compiler.FilterParentPath,6,3,0,23,31,0,1,22,6,0.333333333,213,1.0,2,0.934210526,0.305555556,2,7,34.0,4,1.3333,1
xalan,2.6,xalan-2.6.csv,org.apache.xml.serializer.ToHTMLSAXHandler,42,3,0,6,69,763,2,4,40,0.902439024,386,1.0,0,0.735099338,0.146520147,3,16,8.166666667,2,0.9762,3
xalan,2.6,xalan-2.6.csv,org.apache.xml.utils.AttList,13,1,0,2,27,0,1,1,13,0.694444444,168,0.0,1,0.0,0.4,0,0,11.69230769,6,1.6923,1
xalan,2.6,xalan-2.6.csv,org.apache.xalan.xsltc.trax.TemplatesHandlerImpl,17,1,0,9,71,0,1,9,16,0.78125,336,1.0,3,0.0,0.22875817,0,0,18.41176471,1,0.9412,1
xalan,2.6,xalan-2.6.csv,org.apache.xml.serializer.NamespaceMappings,10,1,0,14,36,0,14,0,9,0.648148148,301,1.0,0,0.0,0.425,0,0,28.5,5,2.0,2
xalan,2.6,xalan-2.6.csv,org.apache.xalan.xsltc.compiler.XslElement,8,3,0,28,65,0,1,27,7,0.542857143,498,1.0,2,0.888888889,0.354166667,1,9,60.625,14,3.75,1
xalan,2.6,xalan-2.6.csv,org.apache.xml.dtm.ref.IncrementalSAXSource,5,1,0,6,5,10,6,0,5,2.0,5,0.0,0,0.0,0.333333333,0,0,0.0,1,1.0,0
xalan,2.6,xalan-2.6.csv,org.apache.xalan.xsltc.compiler.Expression,18,2,21,83,44,117,64,22,17,0.803921569,233,1.0,3,0.76056338,0.285714286,1,2,11.77777778,6,1.4444,0
xalan,2.6,xalan-2.6.csv,org.apache.xml.utils.res.XResources_it,3,4,0,1,4,1,0,1,2,0.5,314,0.0,0,0.976190476,1.0,0,0,103.3333333,1,0.3333,1
xalan,2.6,xalan-2.6.csv,org.apache.xml.utils.res.XResources_ko,3,4,0,1,4,1,0,1,2,0.5,487,0.0,0,0.976190476,1.0,0,0,161.0,1,0.3333,1
xalan,2.6,xalan-2.6.csv,org.apache.xalan.lib.sql.ObjectFactory,12,1,0,3,44,64,1,2,0,0.981818182,586,1.0,0,0.0,0.318181818,0,0,47.41666667,8,1.8333,0
xalan,2.6,xalan-2.6.csv,org.apache.xml.utils.res.XResources_ka,3,4,0,1,4,1,0,1,2,0.5,614,0.0,0,0.976190476,1.0,0,0,203.3333333,1,0.3333,1
xalan,2.6,xalan-2.6.csv,org.apache.xalan.xsltc.compiler.FunctionAvailableCall,7,4,0,19,38,7,0,19,5,0.458333333,272,1.0,1,0.941176471,0.285714286,3,13,37.28571429,12,3.2857,0
xalan,2.6,xalan-2.6.csv,org.apache.xalan.templates.DecimalFormatProperties,27,3,0,6,51,0,4,3,27,0.557692308,167,0.5,1,0.882882883,0.24691358,2,5,5.111111111,2,1.0,0
xalan,2.6,xalan-2.6.csv,org.apache.xalan.transformer.TransformSnapshotImpl,2,1,0,13,31,0,1,13,0,0.142857143,217,0.928571429,9,0.0,1.0,0,0,100.5,3,1.5,0
xalan,2.6,xalan-2.6.csv,org.apache.xalan.xsltc.compiler.FormatNumberCall,3,4,0,22,24,0,0,22,3,0.0,191,1.0,4,0.979591837,0.444444444,3,13,61.33333333,3,1.3333,0
xalan,2.6,xalan-2.6.csv,org.apache.xalan.xsltc.compiler.RelationalExpr,11,3,0,31,56,0,0,31,11,0.2,613,1.0,2,0.87654321,0.246753247,2,9,54.45454545,7,2.5455,1
xalan,2.6,xalan-2.6.csv,org.apache.xpath.axes.IteratorPool,4,1,0,4,13,0,2,2,4,0.166666667,76,1.0,1,0.0,0.75,0,0,17.5,2,1.0,0
xalan,2.6,xalan-2.6.csv,org.apache.xalan.res.XSLTErrorResources_tr,5,3,0,1,16,8,0,1,3,1.24795082,4275,0.0,0,0.926829268,0.333333333,0,0,805.2,2,0.8,1
xalan,2.6,xalan-2.6.csv,org.apache.xalan.xsltc.runtime.ErrorMessages_ja,3,3,0,0,4,1,0,0,2,0.5,234,1.0,0,0.974358974,1.0,0,0,76.66666667,1,0.3333,1
xalan,2.6,xalan-2.6.csv,org.apache.xml.serializer.ToTextStream,25,3,0,5,50,192,2,3,23,2.0,484,0.0,0,0.875647668,0.366666667,2,17,18.36,1,0.96,4
xalan,2.6,xalan-2.6.csv,org.apache.xalan.xsltc.DOMCache,1,1,0,6,1,0,4,2,1,2.0,1,0.0,0,0.0,1.0,0,0,0.0,1,1.0,0
xalan,2.6,xalan-2.6.csv,org.apache.xpath.ExtensionsProvider,4,1,0,4,4,6,4,1,4,2.0,4,0.0,0,0.0,0.55,0,0,0.0,1,1.0,0
xalan,2.6,xalan-2.6.csv,org.apache.xalan.xsltc.compiler.util.StringStack,4,5,0,0,8,6,0,0,4,2.0,20,0.0,0,0.963855422,0.625,0,0,4.0,1,0.75,0
xalan,2.6,xalan-2.6.csv,org.apache.xalan.templates.XSLTVisitable,1,1,0,4,1,0,3,1,1,2.0,1,0.0,0,0.0,1.0,0,0,0.0,1,1.0,0
xalan,2.6,xalan-2.6.csv,org.apache.xalan.processor.ProcessorDecimalFormat,2,4,0,7,13,1,1,6,1,2.0,35,0.0,0,0.995260664,0.625,2,3,16.5,1,0.5,0
xalan,2.6,xalan-2.6.csv,org.apache.xalan.xsltc.runtime.ErrorMessages_it,3,3,0,0,4,1,0,0,2,0.5,234,1.0,0,0.974358974,1.0,0,0,76.66666667,1,0.3333,1
xalan,2.6,xalan-2.6.csv,org.apache.xalan.xsltc.dom.SortingIterator,11,2,0,5,26,0,0,5,8,0.666666667,272,1.0,3,0.565217391,0.309090909,1,7,23.18181818,4,1.6364,0
xalan,2.6,xalan-2.6.csv,org.apache.xalan.trace.TraceListener,3,1,0,6,3,3,3,3,3,2.0,3,0.0,0,0.0,0.5,0,0,0.0,1,1.0,0
xalan,2.6,xalan-2.6.csv,org.apache.xml.utils.res.XResources_en,3,4,0,1,4,1,0,1,2,0.5,314,0.0,0,0.976190476,1.0,0,0,103.3333333,1,0.3333,1
xalan,2.6,xalan-2.6.csv,org.apache.xml.dtm.DTMDOMException,2,5,0,3,3,1,3,0,2,2.0,12,0.0,0,1.0,0.833333333,0,0,5.0,0,0.0,0
xalan,2.6,xalan-2.6.csv,org.apache.xml.utils.res.XResources_es,3,4,0,1,4,1,0,1,2,0.5,314,0.0,0,0.976190476,1.0,0,0,103.3333333,1,0.3333,1
xalan,2.6,xalan-2.6.csv,org.apache.xalan.res.XSLTErrorResources_es,5,3,0,1,16,8,0,1,3,1.24795082,4275,0.0,0,0.926829268,0.333333333,0,0,805.2,2,0.8,1
xalan,2.6,xalan-2.6.csv,org.apache.xpath.operations.Gt,2,3,0,4,4,1,1,3,2,2.0,13,0.0,0,0.976190476,0.75,1,1,5.5,1,0.5,0
xalan,2.6,xalan-2.6.csv,org.apache.xalan.xsltc.compiler.util.NodeType,22,2,0,42,54,199,13,32,20,0.571428571,466,1.0,0,0.622641509,0.215909091,2,4,20.13636364,7,1.4091,0
xalan,2.6,xalan-2.6.csv,org.apache.xalan.xsltc.trax.ObjectFactory,12,1,0,5,44,64,3,2,0,0.981818182,586,1.0,0,0.0,0.318181818,0,0,47.41666667,8,1.8333,0
xalan,2.6,xalan-2.6.csv,org.apache.xalan.xsltc.dom.ForwardPositionIterator,7,2,0,3,19,0,0,3,7,0.0,64,1.0,1,0.684210526,0.428571429,1,5,8.0,1,0.8571,0
xalan,2.6,xalan-2.6.csv,org.apache.xalan.xsltc.compiler.util.ClassGenerator,10,3,4,124,15,27,120,5,9,0.888888889,87,1.0,2,0.898734177,0.288888889,0,0,6.9,1,0.8,2
xalan,2.6,xalan-2.6.csv,org.apache.xalan.res.XSLTErrorResources_en,1,4,0,1,2,0,0,1,1,2.0,4,0.0,0,1.0,1.0,0,0,3.0,0,0.0,0
xalan,2.6,xalan-2.6.csv,org.apache.xalan.xsltc.util.JavaCupRedirect,3,1,0,1,15,3,0,1,3,1.5,124,1.0,0,0.0,0.333333333,0,0,40.0,6,2.6667,1
xalan,2.6,xalan-2.6.csv,org.apache.xalan.xsltc.compiler.KeyPattern,1,6,0,1,2,0,0,1,1,2.0,6,0.0,0,1.0,1.0,0,0,5.0,0,0.0,0
xalan,2.6,xalan-2.6.csv,org.apache.xpath.axes.ChildTestIterator,7,6,5,12,15,1,7,6,5,0.333333333,75,1.0,1,0.962406015,0.342857143,2,5,9.571428571,2,1.0,1
xalan,2.6,xalan-2.6.csv,org.apache.xml.utils.res.XResourceBundleBase,3,3,0,0,4,3,0,0,3,2.0,6,0.0,0,0.95,0.833333333,0,0,1.0,1,0.6667,0
xalan,2.6,xalan-2.6.csv,org.apache.xalan.xsltc.runtime.ErrorMessages_pl,3,3,0,0,4,1,0,0,2,0.5,234,1.0,0,0.974358974,1.0,0,0,76.66666667,1,0.3333,1
xalan,2.6,xalan-2.6.csv,org.apache.xalan.xsltc.dom.DocumentCache,10,1,0,8,55,17,1,8,4,0.654320988,425,1.0,1,0.0,0.275,0,0,40.6,9,2.2,1
xalan,2.6,xalan-2.6.csv,org.apache.xpath.functions.SecuritySupport12,9,2,0,9,23,36,9,9,0,2.0,82,0.0,0,0.529411765,0.444444444,0,0,8.111111111,1,0.8889,0
xalan,2.6,xalan-2.6.csv,org.apache.xpath.objects.XNumber,13,3,0,41,36,22,37,5,12,0.416666667,330,0.0,0,0.865853659,0.182692308,2,22,24.30769231,13,2.4615,1
xalan,2.6,xalan-2.6.csv,org.apache.xpath.axes.RTFIterator,1,3,0,4,2,0,2,2,1,2.0,6,0.0,0,1.0,1.0,0,0,5.0,0,0.0,0
xalan,2.6,xalan-2.6.csv,org.apache.xalan.transformer.XalanTransformState,10,1,0,8,21,0,1,8,10,0.711111111,205,0.0,5,0.0,0.4,0,0,18.5,3,1.7,0
xalan,2.6,xalan-2.6.csv,org.apache.xalan.xsltc.compiler.util.IntType,27,3,0,46,60,347,8,40,26,2.0,407,0.0,0,0.573770492,0.202020202,1,3,14.07407407,9,1.6667,0
xalan,2.6,xalan-2.6.csv,org.apache.xalan.xsltc.compiler.util.NodeSetType,21,2,0,42,49,190,16,29,19,2.0,470,0.0,0,0.622641509,0.238095238,2,4,21.38095238,7,1.5714,0
xalan,2.6,xalan-2.6.csv,org.apache.xalan.xsltc.dom.SortSettings,7,1,0,3,8,9,2,1,0,0.833333333,52,1.0,1,0.0,0.285714286,0,0,5.571428571,1,0.8571,0
xalan,2.6,xalan-2.6.csv,org.apache.xml.utils.res.XResources_ja_JP_A,3,4,0,1,4,1,0,1,2,0.5,599,0.0,0,0.976190476,1.0,0,0,198.3333333,1,0.3333,1
xalan,2.6,xalan-2.6.csv,org.apache.xml.utils.res.XResources_hy,3,4,0,1,4,1,0,1,2,0.5,614,0.0,0,0.976190476,1.0,0,0,203.3333333,1,0.3333,1
xalan,2.6,xalan-2.6.csv,org.apache.xalan.templates.ElemValueOf,11,3,0,16,41,15,3,14,10,0.7,228,1.0,1,0.951456311,0.233766234,2,6,19.45454545,4,1.2727,2
xalan,2.6,xalan-2.6.csv,org.apache.xalan.xsltc.runtime.Parameter,2,1,0,2,3,0,2,0,2,0.0,29,0.0,0,0.0,0.875,0,0,12.0,0,0.0,0
xalan,2.6,xalan-2.6.csv,org.apache.xalan.xsltc.compiler.FlowList,7,1,0,30,17,0,27,3,7,0.0,155,1.0,0,0.0,0.464285714,0,0,21.0,4,1.8571,0
xalan,2.6,xalan-2.6.csv,org.apache.xml.utils.FastStringBuffer,29,1,0,24,44,0,23,1,21,0.640625,1655,0.0625,1,0.0,0.242063492,0,0,55.51724138,11,3.0,2
xalan,2.6,xalan-2.6.csv,org.apache.xpath.functions.FuncSubstringBefore,2,5,0,5,8,1,0,5,2,2.0,34,0.0,0,0.98245614,0.75,1,6,16.0,1,0.5,0
xalan,2.6,xalan-2.6.csv,org.apache.xalan.templates.OutputProperties,35,3,0,14,77,323,8,7,35,0.205882353,571,1.0,0,0.859649123,0.234920635,0,0,15.28571429,16,2.0286,0
xalan,2.6,xalan-2.6.csv,org.apache.xml.serializer.ToXMLSAXHandler,44,3,0,9,97,742,3,6,40,0.88372093,680,1.0,0,0.730263158,0.146853147,2,13,14.43181818,2,0.9545,2
xalan,2.6,xalan-2.6.csv,org.apache.xalan.templates.ElemAttribute,9,5,0,10,31,36,2,8,6,2.0,173,0.0,0,0.963800905,0.314814815,4,10,18.22222222,16,3.0,2
xalan,2.6,xalan-2.6.csv,org.apache.xml.utils.StringVector,11,1,0,8,15,0,8,0,11,0.425,234,1.0,0,0.0,0.515151515,0,0,19.90909091,4,1.7273,0
xalan,2.6,xalan-2.6.csv,org.apache.xalan.xsltc.dom.DupFilterIterator,8,2,0,6,25,0,1,5,8,0.476190476,195,1.0,2,0.65,0.34375,1,5,22.625,6,1.625,0
xalan,2.6,xalan-2.6.csv,org.apache.xalan.res.XSLTErrorResources_sv,3,4,0,1,4,1,0,1,2,1.423076923,3769,0.0,0,0.976190476,1.0,0,0,1251.0,1,0.3333,1
xalan,2.6,xalan-2.6.csv,org.apache.xalan.xsltc.runtime.ErrorMessages_sk,3,3,0,0,4,1,0,0,2,0.5,234,1.0,0,0.974358974,1.0,0,0,76.66666667,1,0.3333,1
xalan,2.6,xalan-2.6.csv,org.apache.xalan.res.XSLTErrorResources_it,5,3,0,1,16,8,0,1,3,1.24795082,4275,0.0,0,0.926829268,0.333333333,0,0,805.2,2,0.8,1
xalan,2.6,xalan-2.6.csv,org.apache.xalan.xsltc.compiler.ValueOf,5,3,0,21,33,0,2,20,4,0.416666667,237,1.0,1,0.933333333,0.333333333,2,6,45.8,4,2.0,0
xalan,2.6,xalan-2.6.csv,org.apache.xalan.templates.ElemText,6,3,0,4,11,9,3,1,6,0.6,49,1.0,0,0.975124378,0.444444444,2,6,7.0,3,1.1667,0
xalan,2.6,xalan-2.6.csv,org.apache.xalan.xsltc.compiler.BooleanCall,3,4,0,8,11,0,0,8,3,0.0,51,1.0,1,0.979591837,0.444444444,3,13,15.66666667,2,1.0,0
xalan,2.6,xalan-2.6.csv,org.apache.xpath.XPathProcessorException,2,5,0,4,4,1,3,1,2,2.0,11,0.0,0,1.0,0.833333333,0,0,4.5,0,0.0,0
xalan,2.6,xalan-2.6.csv,org.apache.xalan.transformer.TransformerIdentityImpl,43,2,0,13,143,573,1,12,41,0.755102041,1173,0.785714286,2,0.236363636,0.153100775,0,0,25.95348837,3,1.0698,5
xalan,2.6,xalan-2.6.csv,org.apache.xml.utils.DOMHelper,26,1,1,14,86,315,9,5,23,0.884444444,1122,0.888888889,6,0.0,0.22,0,0,41.80769231,40,5.0,1
xalan,2.6,xalan-2.6.csv,org.apache.xalan.xsltc.compiler.util.SlotAllocator,4,1,0,4,16,0,1,3,3,0.5,242,1.0,0,0.0,0.4375,0,0,58.5,6,3.0,0
xalan,2.6,xalan-2.6.csv,org.apache.xpath.compiler.ObjectFactory,12,1,0,3,44,64,1,2,0,0.981818182,586,1.0,0,0.0,0.318181818,0,0,47.41666667,8,1.8333,1
xalan,2.6,xalan-2.6.csv,org.apache.xpath.domapi.XPathNamespaceImpl,39,1,0,1,56,469,1,0,39,0.578947368,198,0.0,0,0.0,0.256410256,0,0,4.051282051,1,0.9744,1
xalan,2.6,xalan-2.6.csv,org.apache.xml.utils.ObjectFactory,12,1,0,3,44,64,1,2,0,0.981818182,586,1.0,0,0.0,0.318181818,0,0,47.41666667,8,1.8333,0
xalan,2.6,xalan-2.6.csv,org.apache.xalan.xsltc.compiler.util.Util,20,1,0,47,45,188,45,2,19,0.947368421,326,1.0,0,0.0,0.236842105,0,0,15.25,5,1.95,1
xalan,2.6,xalan-2.6.csv,org.apache.xalan.xsltc.runtime.ErrorMessages_zh_CN,3,3,0,0,4,1,0,0,2,0.5,234,1.0,0,0.974358974,1.0,0,0,76.66666667,1,0.3333,1
xalan,2.6,xalan-2.6.csv,org.apache.xalan.xsltc.compiler.util.AttributeSetMethodGenerator,8,5,0,11,15,18,1,10,7,0.961038961,120,1.0,0,0.958333333,0.476190476,1,2,12.625,1,0.75,0
xalan,2.6,xalan-2.6.csv,org.apache.xalan.xsltc.compiler.FilteredAbsoluteLocationPath,7,3,0,18,28,0,0,18,7,0.0,143,1.0,1,0.934210526,0.285714286,2,7,19.28571429,2,1.1429,1
xalan,2.6,xalan-2.6.csv,org.apache.xpath.functions.FuncCurrent,3,3,0,11,12,3,1,10,3,2.0,46,0.0,0,0.95,0.5,1,6,14.33333333,1,0.6667,0
xalan,2.6,xalan-2.6.csv,org.apache.xalan.xsltc.compiler.QName,10,1,0,57,18,17,57,0,10,0.777777778,106,1.0,0,0.0,0.4,1,1,9.1,2,1.0,0
xalan,2.6,xalan-2.6.csv,org.apache.xalan.templates.ElemCopyOf,9,3,0,21,45,6,1,20,8,0.375,217,0.0,1,0.960784314,0.238095238,2,6,23.0,2,1.0,2
xalan,2.6,xalan-2.6.csv,org.apache.xalan.xsltc.compiler.UseAttributeSets,4,3,0,19,31,0,5,15,4,0.833333333,132,1.0,0,0.949152542,0.416666667,1,4,31.5,4,2.0,0
xalan,2.6,xalan-2.6.csv,org.apache.xpath.functions.Function2Args,9,4,7,15,23,6,8,8,8,0.375,123,0.0,1,0.857142857,0.355555556,3,9,12.55555556,6,1.7778,1
xalan,2.6,xalan-2.6.csv,org.apache.xpath.objects.XBoolean,10,3,1,26,18,3,24,3,9,0.777777778,98,0.0,2,0.91025641,0.333333333,2,22,8.5,3,1.2,1
xalan,2.6,xalan-2.6.csv,org.apache.xpath.axes.UnionPathIterator,16,5,0,22,54,46,4,21,13,0.6,563,1.0,2,0.899280576,0.2,2,13,34.0625,9,2.5,2
xalan,2.6,xalan-2.6.csv,org.apache.xalan.xsltc.compiler.TestSeq,11,1,0,13,48,0,1,13,9,0.633333333,360,1.0,2,0.0,0.222222222,0,0,31.18181818,11,2.4545,1
xalan,2.6,xalan-2.6.csv,org.apache.xalan.xsltc.compiler.util.ErrorMessages_hu,3,3,0,0,4,1,0,0,2,0.5,1248,1.0,0,0.974358974,1.0,0,0,414.6666667,1,0.3333,1
xalan,2.6,xalan-2.6.csv,org.w3c.dom.xpath.XPathException,1,4,0,0,2,0,0,0,1,2.0,11,0.0,0,1.0,1.0,0,0,7.0,0,0.0,2
xalan,2.6,xalan-2.6.csv,org.apache.xpath.operations.Quo,2,3,0,4,5,1,1,3,2,2.0,16,0.0,0,0.976190476,0.75,1,1,7.0,1,0.5,1
xalan,2.6,xalan-2.6.csv,org.apache.xpath.FoundIndex,1,4,0,0,2,0,0,0,1,2.0,4,0.0,0,1.0,1.0,0,0,3.0,0,0.0,0
xalan,2.6,xalan-2.6.csv,org.apache.xml.utils.synthetic.reflection.Constructor,5,2,0,3,13,4,2,3,5,1.0,61,1.0,3,0.904761905,0.5,1,1,10.0,1,0.4,0
xalan,2.6,xalan-2.6.csv,org.apache.xalan.xsltc.trax.DOM2SAX,25,1,0,4,71,254,3,1,20,0.892857143,582,1.0,1,0.0,0.152727273,0,0,22.0,3,1.08,0
xalan,2.6,xalan-2.6.csv,org.apache.xalan.processor.StylesheetHandler,70,2,0,44,152,2107,22,25,33,0.93812709,1322,0.730769231,5,0.2,0.108695652,1,1,17.51428571,7,1.3,4
xalan,2.6,xalan-2.6.csv,org.apache.xalan.xsltc.compiler.RoundCall,2,4,0,10,10,1,0,10,2,2.0,30,0.0,0,0.989690722,0.6,2,4,14.0,1,0.5,0
xalan,2.6,xalan-2.6.csv,org.apache.xalan.xsltc.runtime.SecuritySupport,11,1,1,2,20,53,2,1,0,0.9,90,1.0,0,0.0,0.4,0,0,7.090909091,2,0.9091,0
xalan,2.6,xalan-2.6.csv,org.apache.xalan.trace.EndSelectionEvent,1,2,0,8,2,0,3,5,1,2.0,10,0.0,0,0.0,1.0,0,0,9.0,0,0.0,1
xalan,2.6,xalan-2.6.csv,org.apache.xalan.xsltc.compiler.util.ReferenceType,20,2,0,42,46,184,19,30,19,2.0,630,0.0,0,0.634615385,0.230769231,2,4,30.5,16,2.25,0
xalan,2.6,xalan-2.6.csv,org.apache.xalan.xsltc.trax.XSLTCSource,5,1,0,11,22,0,1,10,4,0.166666667,153,1.0,0,0.0,0.4,0,0,29.0,2,1.0,0
xalan,2.6,xalan-2.6.csv,org.apache.xalan.templates.XUnresolvedVariable,6,3,0,7,23,9,1,7,6,0.833333333,134,1.0,1,0.934210526,0.361111111,2,12,20.33333333,1,0.8333,1
xalan,2.6,xalan-2.6.csv,org.apache.xalan.lib.SecuritySupport12,9,2,0,9,23,36,9,9,0,2.0,82,0.0,0,0.529411765,0.444444444,0,0,8.111111111,1,0.8889,0
xalan,2.6,xalan-2.6.csv,org.apache.xml.dtm.ref.DTMNodeListBase,3,1,3,3,4,3,3,0,3,2.0,10,0.0,0,0.0,0.666666667,0,0,2.333333333,1,0.6667,1
xalan,2.6,xalan-2.6.csv,org.apache.xalan.xsltc.compiler.StartsWithCall,3,4,0,16,17,0,0,16,3,0.0,108,1.0,2,0.979591837,0.444444444,3,13,34.33333333,1,0.6667,0
xalan,2.6,xalan-2.6.csv,org.apache.xalan.transformer.Counter,3,1,0,5,8,0,1,4,0,0.833333333,84,0.0,2,0.0,0.466666667,0,0,25.0,4,2.0,0
xalan,2.6,xalan-2.6.csv,org.apache.xalan.xsltc.compiler.NotCall,3,4,0,14,12,3,1,13,3,2.0,56,0.0,0,0.979591837,0.6,2,6,17.66666667,1,0.6667,0
xalan,2.6,xalan-2.6.csv,org.apache.xalan.extensions.ExpressionVisitor,2,2,0,9,11,0,1,8,2,0.0,53,1.0,1,0.923076923,0.625,0,0,25.0,4,2.0,1
xalan,2.6,xalan-2.6.csv,org.apache.xalan.xsltc.compiler.CompilerException,4,3,0,2,9,0,2,0,4,0.333333333,40,1.0,0,0.944444444,0.5,1,1,8.75,2,0.5,0
xalan,2.6,xalan-2.6.csv,org.apache.xalan.xsltc.compiler.Choose,3,3,0,25,37,3,3,23,2,2.0,245,0.0,0,0.965517241,0.5,2,4,80.66666667,15,5.3333,0
xalan,2.6,xalan-2.6.csv,org.apache.xalan.transformer.TransformState,7,1,0,6,7,21,3,3,7,2.0,7,0.0,0,0.0,1.0,0,0,0.0,1,1.0,0
xalan,2.6,xalan-2.6.csv,org.apache.xalan.templates.ElemEmpty,1,3,0,1,2,0,0,1,1,2.0,4,0.0,0,1.0,1.0,0,0,3.0,0,0.0,0
xalan,2.6,xalan-2.6.csv,org.apache.xalan.res.XSLTErrorResources_ja,5,3,0,1,16,8,0,1,3,1.24795082,4275,0.0,0,0.926829268,0.333333333,0,0,805.2,2,0.8,1
xalan,2.6,xalan-2.6.csv,org.apache.xml.serializer.ElemDesc,5,1,0,6,9,0,5,1,5,1.192307692,84,0.0,1,0.0,0.733333333,0,0,10.6,3,1.6,1
xalan,2.6,xalan-2.6.csv,org.apache.xalan.res.XSLTErrorResources,5,3,2,18,16,8,18,0,3,1.247983871,4331,0.0,0,0.926829268,0.333333333,0,0,815.6,2,0.8,6
xalan,2.6,xalan-2.6.csv,org.apache.xml.serializer.ToSAXHandler,27,2,3,8,49,207,4,4,22,0.711538462,363,1.0,1,0.783783784,0.171717172,1,7,12.2962963,3,1.0,3
xalan,2.6,xalan-2.6.csv,org.apache.xpath.functions.FuncExtFunction,13,3,0,22,31,16,12,12,12,0.791666667,210,0.0,0,0.76,0.205128205,2,9,14.84615385,3,1.3846,2
xalan,2.6,xalan-2.6.csv,org.apache.xpath.functions.FuncSum,2,4,0,8,11,1,0,8,2,2.0,44,0.0,0,0.979591837,0.75,1,6,21.0,1,0.5,0
xalan,2.6,xalan-2.6.csv,org.apache.xalan.xsltc.compiler.FloorCall,2,4,0,10,10,1,0,10,2,2.0,26,0.0,0,0.989690722,0.6,2,4,12.0,1,0.5,0
xalan,2.6,xalan-2.6.csv,org.apache.xalan.templates.KeyDeclaration,11,3,0,11,19,35,7,6,11,0.8,85,1.0,3,0.951456311,0.272727273,2,6,6.454545455,1,0.9091,0
xalan,2.6,xalan-2.6.csv,org.apache.xalan.lib.sql.SecuritySupport12,9,2,0,9,23,36,9,9,0,2.0,82,0.0,0,0.529411765,0.444444444,0,0,8.111111111,1,0.8889,0
xalan,2.6,xalan-2.6.csv,org.apache.xpath.domapi.XPathNSResolverImpl,2,2,0,2,4,1,1,1,2,2.0,10,0.0,0,0.8,0.666666667,0,0,4.0,1,0.5,1
xalan,2.6,xalan-2.6.csv,org.apache.xpath.functions.FuncTranslate,2,6,0,5,12,1,0,5,2,2.0,70,0.0,0,0.984615385,0.75,1,6,34.0,1,0.5,0
xalan,2.6,xalan-2.6.csv,org.apache.xalan.xsltc.compiler.util.NumberType,3,2,2,5,4,3,4,1,3,2.0,10,0.0,0,0.942857143,1.0,0,0,2.333333333,1,0.6667,0
xalan,2.6,xalan-2.6.csv,org.apache.xalan.processor.ProcessorCharacters,5,4,0,9,31,2,2,7,4,0.333333333,151,1.0,1,0.981308411,0.4,1,2,28.6,1,0.8,1
xalan,2.6,xalan-2.6.csv,org.apache.xalan.lib.sql.ConnectionPoolManager,6,1,0,3,16,0,1,2,5,0.3,69,0.0,0,0.0,0.6,0,0,10.16666667,3,1.3333,1
xalan,2.6,xalan-2.6.csv,org.apache.xalan.extensions.ExtensionNamespaceSupport,3,1,0,5,12,0,4,1,3,0.5,133,0.0,0,0.0,0.555555556,0,0,42.0,1,0.6667,0
xalan,2.6,xalan-2.6.csv,org.apache.xalan.lib.SecuritySupport,11,1,1,2,20,53,2,1,0,0.9,90,1.0,0,0.0,0.4,0,0,7.090909091,2,0.9091,0
xalan,2.6,xalan-2.6.csv,org.apache.xalan.xsltc.compiler.util.ErrorMessages_no,3,4,0,1,4,1,0,1,2,0.5,1014,1.0,0,0.975,1.0,0,0,336.6666667,1,0.3333,1
xalan,2.6,xalan-2.6.csv,org.apache.xalan.xsltc.compiler.AncestorPattern,10,6,0,30,48,1,2,28,10,0.518518519,302,1.0,2,0.925233645,0.242857143,4,5,28.9,8,1.6,0
xalan,2.6,xalan-2.6.csv,org.apache.xpath.compiler.SecuritySupport12,9,2,0,9,23,36,9,9,0,2.0,82,0.0,0,0.529411765,0.444444444,0,0,8.111111111,1,0.8889,1
xalan,2.6,xalan-2.6.csv,org.apache.xpath.patterns.ContextMatchStepPattern,3,4,0,8,16,3,1,8,3,2.0,176,0.0,0,0.975903614,0.583333333,2,12,57.66666667,1,0.6667,1
xalan,2.6,xalan-2.6.csv,org.apache.xalan.templates.ElemExsltFuncResult,4,4,0,9,15,6,3,6,4,2.0,49,0.0,0,0.986363636,0.625,3,7,11.25,1,0.75,1
xalan,2.6,xalan-2.6.csv,org.apache.xml.utils.WrappedRuntimeException,3,4,0,40,5,0,40,0,3,0.0,22,1.0,0,0.944444444,0.666666667,0,0,6.0,1,0.3333,0
xalan,2.6,xalan-2.6.csv,org.apache.xalan.templates.ElemParam,6,4,0,18,21,15,7,11,6,1.0,85,0.0,0,0.981900452,0.375,3,8,13.0,1,0.6667,2
xalan,2.6,xalan-2.6.csv,org.apache.xpath.patterns.FunctionPattern,7,4,0,12,18,0,3,10,6,0.166666667,156,0.0,1,0.931034483,0.367346939,3,16,21.14285714,2,1.0,1
xalan,2.6,xalan-2.6.csv,org.apache.xpath.objects.XRTreeFrag,19,3,1,20,42,83,5,15,18,0.6,332,0.2,3,0.816091954,0.184210526,2,24,16.21052632,9,1.6842,1
xalan,2.6,xalan-2.6.csv,org.apache.xalan.xsltc.dom.CurrentNodeListIterator,13,2,0,6,31,14,0,6,12,0.583333333,268,1.0,4,0.541666667,0.307692308,1,8,19.07692308,3,1.4615,0
xalan,2.6,xalan-2.6.csv,org.apache.xpath.functions.FuncLang,2,4,0,6,15,1,0,6,2,2.0,73,0.0,0,0.979591837,0.75,1,6,35.5,1,0.5,0
xalan,2.6,xalan-2.6.csv,org.apache.xpath.functions.FuncUnparsedEntityURI,2,4,0,6,10,1,0,6,2,2.0,30,0.0,0,0.979591837,0.75,1,6,14.0,1,0.5,0
xalan,2.6,xalan-2.6.csv,org.apache.xalan.templates.ElemApplyTemplates,9,5,0,23,82,20,2,22,9,0.6875,593,1.0,1,0.965811966,0.311111111,5,10,64.66666667,1,0.8889,2
xalan,2.6,xalan-2.6.csv,org.apache.xalan.xsltc.dom.UnionIterator,9,2,0,6,25,0,1,5,8,0.513888889,445,1.0,2,0.619047619,0.361111111,1,6,47.44444444,6,3.1111,0
xalan,2.6,xalan-2.6.csv,org.apache.xml.dtm.ref.dom2dtm.DOM2DTM,39,4,0,18,119,617,1,18,30,0.870813397,1667,0.545454545,1,0.712121212,0.142857143,2,17,41.46153846,42,4.6154,1
xalan,2.6,xalan-2.6.csv,org.apache.xml.dtm.ref.DTMDocumentImpl,111,1,0,13,150,5301,0,13,97,0.944318182,1851,0.666666667,8,0.0,0.119886364,0,0,15.45945946,10,1.5315,3
xalan,2.6,xalan-2.6.csv,org.apache.xalan.xsltc.compiler.EqualityExpr,12,3,0,37,49,0,1,36,11,0.333333333,836,1.0,2,0.865853659,0.238095238,2,8,68.41666667,18,3.25,1
xalan,2.6,xalan-2.6.csv,org.apache.xalan.xsltc.runtime.Constants,0,1,0,1,0,0,1,0,0,2.0,14,0.0,0,0.0,0.0,0,0,0.0,0,0.0,0
xalan,2.6,xalan-2.6.csv,org.apache.xalan.xsltc.compiler.ParentPattern,8,6,0,26,43,0,1,25,8,0.285714286,253,1.0,2,0.933962264,0.25,4,5,30.375,8,1.75,0
xalan,2.6,xalan-2.6.csv,org.apache.xalan.xsltc.compiler.util.StringType,18,2,0,41,43,133,18,27,17,2.0,271,0.0,0,0.66,0.283950617,2,4,14.05555556,5,1.3333,0
xalan,2.6,xalan-2.6.csv,org.apache.xml.utils.synthetic.reflection.Member,4,1,0,6,4,6,4,2,4,2.0,4,0.0,0,0.0,0.5,0,0,0.0,1,1.0,0
xalan,2.6,xalan-2.6.csv,org.apache.xalan.templates.ElemMessage,6,3,0,6,17,3,1,5,6,0.4,60,1.0,0,0.975124378,0.444444444,2,4,8.833333333,1,0.8333,2
xalan,2.6,xalan-2.6.csv,org.apache.xalan.xsltc.compiler.util.MethodGenerator,27,4,6,137,49,311,122,15,27,0.978632479,432,1.0,1,0.788617886,0.159259259,1,2,14.0,4,1.2963,1
xalan,2.6,xalan-2.6.csv,org.apache.xml.serializer.SerializationHandler,9,1,0,47,9,36,41,6,9,2.0,9,0.0,0,0.0,0.238095238,0,0,0.0,1,1.0,3
xalan,2.6,xalan-2.6.csv,org.apache.xpath.functions.FuncBoolean,2,4,0,5,5,1,0,5,2,2.0,15,0.0,0,0.979591837,0.75,1,6,6.5,1,0.5,0
xalan,2.6,xalan-2.6.csv,org.apache.xpath.patterns.NodeTestFilter,1,1,0,1,1,0,0,1,1,2.0,1,0.0,0,0.0,1.0,0,0,0.0,1,1.0,0
xalan,2.6,xalan-2.6.csv,org.apache.xalan.xsltc.compiler.util.ErrorMessages_ru,3,3,0,0,4,1,0,0,2,0.5,1248,1.0,0,0.974358974,1.0,0,0,414.6666667,1,0.3333,1
xalan,2.6,xalan-2.6.csv,org.apache.xml.dtm.ref.CustomStringPool,4,2,0,1,15,0,0,1,4,0.833333333,62,0.0,0,0.571428571,0.5,1,4,14.0,3,1.5,0
xalan,2.6,xalan-2.6.csv,org.apache.xpath.SourceTreeManager,13,1,0,8,46,42,4,5,13,0.625,339,0.5,0,0.0,0.340659341,0,0,24.92307692,5,1.8462,1
xalan,2.6,xalan-2.6.csv,org.apache.xalan.xsltc.compiler.IllegalCharException,1,3,0,0,2,0,0,0,1,2.0,5,0.0,0,1.0,1.0,0,0,4.0,0,0.0,0
xalan,2.6,xalan-2.6.csv,org.apache.xml.dtm.ref.DTMNodeProxy,121,1,0,13,151,5992,7,6,120,0.794444444,1009,0.0,1,0.0,0.185185185,0,0,7.314049587,4,1.1818,2
xalan,2.6,xalan-2.6.csv,org.apache.xalan.xsltc.compiler.Stylesheet,62,2,0,70,204,1655,28,54,47,0.957991803,2554,0.8125,7,0.469565217,0.095878136,2,6,39.67741935,12,2.3387,0
xalan,2.6,xalan-2.6.csv,org.apache.xalan.xsltc.cmdline.ObjectFactory,12,1,0,3,44,64,1,2,0,0.981818182,586,1.0,0,0.0,0.318181818,0,0,47.41666667,8,1.8333,0
xalan,2.6,xalan-2.6.csv,org.apache.xalan.xsltc.compiler.ProcessingInstructionPattern,7,7,0,23,40,1,0,23,7,0.583333333,297,1.0,0,0.951612903,0.314285714,5,11,41.14285714,4,1.5714,1
xalan,2.6,xalan-2.6.csv,org.apache.xalan.xsltc.runtime.ErrorMessages_tr,3,3,0,0,4,1,0,0,2,0.5,234,1.0,0,0.974358974,1.0,0,0,76.66666667,1,0.3333,1
xalan,2.6,xalan-2.6.csv,org.apache.xpath.functions.FuncLast,5,3,0,8,12,8,1,7,5,0.5,59,1.0,0,0.904761905,0.4,1,6,10.6,2,1.0,0
xalan,2.6,xalan-2.6.csv,org.apache.xalan.xsltc.dom.SimpleResultTreeImpl,111,2,1,21,139,6045,5,18,110,0.968531469,842,0.769230769,3,0.470873786,0.144155844,0,0,6.468468468,4,1.1622,1
xalan,2.6,xalan-2.6.csv,org.apache.xalan.extensions.XSLProcessorContext,7,1,0,25,49,5,5,20,7,0.733333333,321,1.0,4,0.0,0.392857143,0,0,44.14285714,1,0.8571,1
xalan,2.6,xalan-2.6.csv,org.apache.xpath.XPathVisitor,13,1,5,43,14,78,40,13,13,2.0,40,0.0,0,0.0,0.203296703,0,0,2.076923077,1,0.9231,0
xalan,2.6,xalan-2.6.csv,org.apache.xml.serializer.WriterToASCI,7,2,0,1,13,0,1,0,7,0.0,65,1.0,0,0.684210526,0.342857143,1,2,8.142857143,1,0.8571,1
xalan,2.6,xalan-2.6.csv,org.apache.xalan.xsltc.compiler.util.ErrorMessages_tr,3,3,0,0,4,1,0,0,2,0.5,1248,1.0,0,0.974358974,1.0,0,0,414.6666667,1,0.3333,1
xalan,2.6,xalan-2.6.csv,org.apache.xalan.xsltc.trax.TemplatesImpl,19,1,0,11,49,37,4,9,9,0.636363636,455,1.0,2,0.0,0.171717172,0,0,22.36842105,1,0.7895,1
xalan,2.6,xalan-2.6.csv,org.apache.xalan.xsltc.cmdline.getopt.GetOptsException,1,3,2,3,2,0,3,0,1,2.0,5,0.0,0,1.0,1.0,0,0,4.0,0,0.0,0
xalan,2.6,xalan-2.6.csv,org.apache.xalan.xsltc.dom.NodeCounter,15,1,3,8,43,91,4,4,7,0.811688312,833,0.818181818,3,0.0,0.267857143,0,0,53.06666667,14,3.6,2
xalan,2.6,xalan-2.6.csv,org.apache.xpath.functions.FuncExtElementAvailable,2,4,0,10,17,1,0,10,2,2.0,87,0.0,0,0.979591837,0.75,2,7,42.5,1,0.5,0
xalan,2.6,xalan-2.6.csv,org.apache.xml.dtm.DTMManager,19,1,2,54,26,157,46,10,17,0.99382716,96,0.444444444,1,0.0,0.157407407,0,0,3.578947368,1,0.8947,2
xalan,2.6,xalan-2.6.csv,org.apache.xalan.xsltc.ProcessorVersion,3,1,0,0,9,1,0,0,2,0.5,44,1.0,0,0.0,0.5,0,0,12.66666667,2,0.6667,0
xalan,2.6,xalan-2.6.csv,org.apache.xalan.xsltc.cmdline.SecuritySupport,11,1,1,2,20,53,2,1,0,0.9,90,1.0,0,0.0,0.4,0,0,7.090909091,2,0.9091,0
xalan,2.6,xalan-2.6.csv,org.apache.xalan.xsltc.compiler.CopyOf,5,3,0,25,32,0,2,23,4,0.25,269,1.0,1,0.933333333,0.333333333,1,4,52.6,5,1.8,0
xalan,2.6,xalan-2.6.csv,org.apache.xalan.xsltc.compiler.Output,9,3,0,20,50,0,2,20,8,0.858333333,786,1.0,0,0.882352941,0.259259259,3,8,84.66666667,35,6.0,1
xalan,2.6,xalan-2.6.csv,org.apache.xpath.SourceTree,1,1,0,1,2,0,1,0,1,2.0,12,0.0,0,0.0,1.0,0,0,9.0,0,0.0,0
xalan,2.6,xalan-2.6.csv,org.apache.xalan.xsltc.compiler.util.CompareGenerator,11,5,0,16,23,37,3,13,10,0.916666667,141,1.0,0,0.93877551,0.225,2,5,10.72727273,2,0.9091,0
xalan,2.6,xalan-2.6.csv,org.apache.xpath.axes.ChildIterator,4,5,0,5,9,6,1,4,3,2.0,64,0.0,0,0.9765625,0.4375,1,6,15.0,4,1.5,0
xalan,2.6,xalan-2.6.csv,org.apache.xml.utils.Trie,3,1,0,2,10,0,2,1,3,0.5,162,0.333333333,1,0.0,0.666666667,0,0,52.0,10,5.0,1
xalan,2.6,xalan-2.6.csv,org.apache.xml.utils.StringBufferPool,4,1,0,7,9,0,5,2,3,0.333333333,25,1.0,1,0.0,0.333333333,0,0,5.0,1,0.5,0
xalan,2.6,xalan-2.6.csv,org.apache.xalan.xsltc.trax.TransformerFactoryImpl,33,3,0,17,151,322,6,16,23,0.901442308,1758,0.576923077,0,0.392156863,0.142857143,1,2,51.48484848,17,2.1212,5
xalan,2.6,xalan-2.6.csv,org.apache.xalan.xsltc.compiler.RealExpr,4,3,0,11,14,0,0,11,4,0.333333333,44,1.0,0,0.959459459,0.4,2,7,9.75,1,0.75,0
xalan,2.6,xalan-2.6.csv,org.apache.xml.utils.SuballocatedIntVector,20,1,0,15,22,8,15,0,13,0.552631579,901,1.0,0,0.0,0.875,0,0,43.55,8,2.95,1
xalan,2.6,xalan-2.6.csv,org.w3c.dom.xpath.XPathExpression,1,1,0,0,1,0,0,0,1,2.0,1,0.0,0,0.0,1.0,0,0,0.0,1,1.0,1
xalan,2.6,xalan-2.6.csv,org.apache.xml.serializer.SerializerBase,67,1,3,12,111,1771,3,9,47,0.931515152,958,0.96,4,0.0,0.138059701,0,0,12.92537313,10,1.4776,5
xalan,2.6,xalan-2.6.csv,org.apache.xalan.xsltc.cmdline.getopt.MissingOptArgException,1,4,0,2,2,0,1,1,1,2.0,5,0.0,0,1.0,1.0,0,0,4.0,0,0.0,0
xalan,2.6,xalan-2.6.csv,org.apache.xml.serializer.OutputPropertiesFactory,6,1,0,10,38,9,6,4,2,1.026086957,388,0.652173913,0,0.0,0.3,0,0,59.83333333,10,2.8333,2
xalan,2.6,xalan-2.6.csv,org.apache.xpath.ExpressionNode,5,1,0,44,5,10,44,0,5,2.0,5,0.0,0,0.0,0.6,0,0,0.0,1,1.0,0
xalan,2.6,xalan-2.6.csv,org.apache.xpath.axes.LocPathIterator,52,4,8,37,84,1016,20,20,45,0.85130719,665,0.833333333,4,0.616,0.145104895,2,9,11.55769231,12,1.4231,1
xalan,2.6,xalan-2.6.csv,org.apache.xml.utils.SerializableLocatorImpl,10,1,0,0,15,37,0,0,10,0.777777778,64,1.0,0,0.0,0.375,0,0,5.0,1,0.8,0
xalan,2.6,xalan-2.6.csv,org.apache.xalan.xsltc.compiler.SimpleAttributeValue,5,4,0,14,10,4,4,11,4,0.5,38,1.0,0,0.947368421,0.36,2,8,6.4,1,0.8,0
xalan,2.6,xalan-2.6.csv,org.apache.xalan.xsltc.compiler.VariableRef,2,4,0,17,25,1,1,16,2,2.0,137,0.0,0,0.987012987,0.625,2,3,67.5,9,4.5,0
xalan,2.6,xalan-2.6.csv,org.apache.xml.serializer.AttributesImplSerializer,6,2,0,6,20,0,6,0,5,0.8,124,0.666666667,0,0.827586207,0.416666667,1,2,19.16666667,3,2.0,1
xalan,2.6,xalan-2.6.csv,org.apache.xpath.objects.XNodeSetForDOM,7,5,0,5,18,0,1,4,7,0.0,115,0.0,0,0.978417266,0.285714286,3,14,15.28571429,1,0.4286,0
xalan,2.6,xalan-2.6.csv,org.apache.xpath.compiler.PsuedoNames,1,1,0,0,2,0,0,0,1,2.0,10,0.0,0,0.0,1.0,0,0,3.0,0,0.0,0
xalan,2.6,xalan-2.6.csv,org.apache.xalan.transformer.TransformerHandlerImpl,36,1,0,9,100,0,1,9,33,0.817582418,914,0.923076923,2,0.0,0.176623377,0,0,24.02777778,7,1.1944,1
xalan,2.7,xalan-2.7.csv,org.apache.xalan.extensions.ObjectFactory,13,1,0,4,49,64,2,2,0,0.916666667,699,0.833333333,0,0.0,0.3125,0,0,52.30769231,16,2.4615,1
xalan,2.7,xalan-2.7.csv,org.apache.xpath.XPathFactory,1,1,0,3,1,0,1,2,1,2.0,1,0.0,0,0.0,1.0,0,0,0.0,1,1.0,1
xalan,2.7,xalan-2.7.csv,org.apache.xml.dtm.ref.ExtendedType,9,1,0,8,12,0,8,0,7,0.40625,117,1.0,0,0.0,0.5,1,2,11.55555556,4,1.1111,1
xalan,2.7,xalan-2.7.csv,org.apache.xml.utils.res.XResourceBundle,4,3,18,20,16,6,19,1,3,1.333333333,425,0.0,0,0.926829268,0.416666667,0,0,100.75,3,1.25,1
xalan,2.7,xalan-2.7.csv,org.apache.xalan.xsltc.compiler.util.FilterGenerator,4,4,0,6,6,2,2,4,3,0.666666667,29,1.0,0,0.975903614,0.466666667,0,0,5.75,1,0.5,1
xalan,2.7,xalan-2.7.csv,org.apache.xalan.lib.PipeDocument,3,1,0,10,46,3,0,10,3,2.0,267,0.0,0,0.0,0.466666667,0,0,88.0,1,0.6667,1
xalan,2.7,xalan-2.7.csv,org.apache.xalan.xsltc.compiler.Variable,6,4,0,35,46,3,11,28,5,2.0,274,0.0,0,0.938271605,0.4,2,13,44.66666667,8,3.6667,2
xalan,2.7,xalan-2.7.csv,org.apache.xpath.objects.XNodeSet,33,4,3,46,76,472,27,20,31,0.977678571,611,0.0,6,0.801470588,0.173611111,3,30,17.3030303,2,1.1515,2
xalan,2.7,xalan-2.7.csv,org.apache.xalan.xsltc.compiler.SyntaxTreeNode,57,1,5,100,125,1198,74,46,10,0.910714286,1198,0.916666667,7,0.0,0.150297619,0,0,19.80701754,18,2.1579,3
xalan,2.7,xalan-2.7.csv,org.apache.xalan.xsltc.compiler.util.RealType,28,3,0,42,61,370,13,34,26,1.0,533,0.0,0,0.564516129,0.181547619,1,3,18.0,10,1.8214,2
xalan,2.7,xalan-2.7.csv,org.apache.xpath.operations.Or,3,3,0,6,7,1,1,5,3,1.5,43,0.0,0,0.953488372,0.833333333,1,6,13.0,1,0.6667,1
xalan,2.7,xalan-2.7.csv,org.apache.xalan.xsltc.TransletException,3,4,0,13,5,3,13,0,3,1.5,17,0.0,0,1.0,0.555555556,0,0,4.333333333,0,0.0,1
xalan,2.7,xalan-2.7.csv,org.apache.xalan.xsltc.compiler.ApplyTemplates,6,3,0,28,60,0,3,27,5,0.65,375,1.0,3,0.918032787,0.305555556,1,5,60.83333333,13,3.5,1
xalan,2.7,xalan-2.7.csv,org.apache.xalan.xsltc.runtime.Hashtable,15,1,0,14,26,1,13,2,14,0.553571429,477,1.0,1,0.0,0.383333333,0,0,30.53333333,6,2.4667,1
xalan,2.7,xalan-2.7.csv,org.apache.xml.utils.DOM2Helper,11,2,0,7,29,53,4,3,11,0.8,125,1.0,0,0.714285714,0.327272727,1,5,10.27272727,4,1.4545,1
xalan,2.7,xalan-2.7.csv,org.apache.xalan.templates.ElemIf,8,3,0,13,28,0,0,13,7,0.714285714,122,0.5,1,0.965517241,0.270833333,2,5,14.0,2,1.0,1
xalan,2.7,xalan-2.7.csv,org.apache.xml.utils.NameSpace,1,1,0,1,2,0,1,0,1,2.0,17,0.0,1,0.0,1.0,0,0,12.0,0,0.0,1
xalan,2.7,xalan-2.7.csv,org.apache.xpath.operations.Bool,3,3,0,6,7,3,1,5,3,1.5,25,0.0,0,0.952380952,0.555555556,1,1,7.0,1,0.6667,1
xalan,2.7,xalan-2.7.csv,org.apache.xalan.xsltc.compiler.ConcatCall,3,4,0,19,22,3,0,19,3,2.0,131,0.0,0,0.979591837,0.444444444,3,14,42.66666667,5,2.0,1
xalan,2.7,xalan-2.7.csv,org.apache.xalan.lib.Redirect,10,1,0,12,48,25,0,12,7,0.833333333,520,0.5,0,0.0,0.3,0,0,50.6,7,1.5,1
xalan,2.7,xalan-2.7.csv,org.apache.xalan.res.XSLTErrorResources_pl,4,3,0,1,15,6,0,1,3,1.333333333,4270,0.0,0,0.926829268,0.333333333,0,0,1005.75,2,1.0,2
xalan,2.7,xalan-2.7.csv,org.apache.xalan.xsltc.runtime.ErrorMessages_de,2,3,0,0,3,1,0,0,2,2.0,229,0.0,0,0.974358974,1.0,0,0,113.5,1,0.5,2
xalan,2.7,xalan-2.7.csv,org.apache.xalan.xsltc.compiler.Whitespace,14,3,0,30,79,79,1,29,7,1.030769231,805,0.3,0,0.821917808,0.207142857,2,6,55.78571429,11,3.5714,3
xalan,2.7,xalan-2.7.csv,org.apache.xalan.transformer.ClonerToResultTree,2,1,0,7,24,1,3,4,2,2.0,109,0.0,0,0.0,0.5,0,0,53.5,1,0.5,1
xalan,2.7,xalan-2.7.csv,org.apache.xalan.trace.PrintTraceListener,9,1,0,19,59,16,1,18,9,0.785714286,680,0.0,0,0.0,0.285714286,0,0,73.77777778,10,2.3333,1
xalan,2.7,xalan-2.7.csv,org.apache.xalan.xsltc.compiler.VariableBase,20,3,2,35,72,120,14,24,19,0.910931174,404,1.0,3,0.759493671,0.1875,1,4,18.55,7,1.8,4
xalan,2.7,xalan-2.7.csv,org.apache.xalan.xsltc.compiler.Step,16,4,0,37,79,10,5,35,13,0.566666667,921,1.0,0,0.829545455,0.232142857,2,9,56.3125,18,3.4375,2
xalan,2.7,xalan-2.7.csv,org.apache.xalan.xsltc.compiler.UnresolvedRef,7,4,0,16,22,0,0,16,5,0.625,153,1.0,4,0.926829268,0.30952381,2,4,20.28571429,6,1.7143,2
xalan,2.7,xalan-2.7.csv,org.apache.xpath.operations.Lt,2,3,0,4,4,1,1,3,2,2.0,14,0.0,0,0.976190476,0.75,1,1,5.5,1,0.5,1
xalan,2.7,xalan-2.7.csv,org.apache.xpath.objects.NotEqualComparator,3,2,0,3,5,3,1,2,0,2.0,22,0.0,0,0.5,0.555555556,0,0,6.333333333,2,1.3333,0
xalan,2.7,xalan-2.7.csv,org.apache.xalan.transformer.TransformerImpl,138,2,0,114,428,8413,63,67,130,0.950364964,3670,0.733333333,17,0.086666667,0.05200341,1,2,25.26811594,5,1.3333,3
xalan,2.7,xalan-2.7.csv,org.apache.xalan.xsltc.compiler.LocationPathPattern,13,4,3,13,19,64,5,8,13,0.854166667,107,1.0,1,0.878787879,0.230769231,2,3,6.923076923,6,1.4615,1
xalan,2.7,xalan-2.7.csv,org.apache.xml.dtm.ObjectFactory,13,1,0,3,49,64,1,2,0,0.916666667,699,0.833333333,0,0.0,0.3125,0,0,52.30769231,16,2.4615,1
xalan,2.7,xalan-2.7.csv,org.apache.xalan.templates.ElemTemplate,22,3,2,27,47,189,22,11,22,0.952380952,182,0.727272727,4,0.903225806,0.181818182,2,14,6.772727273,1,0.9545,1
xalan,2.7,xalan-2.7.csv,org.apache.xml.utils.ObjectPool,7,1,0,5,21,0,2,3,7,0.5,122,0.666666667,0,0.0,0.342857143,0,0,16.0,2,0.7143,2
xalan,2.7,xalan-2.7.csv,org.apache.xalan.lib.NodeInfo,9,1,0,3,20,36,0,3,9,2.0,204,0.0,0,0.0,0.333333333,0,0,21.66666667,4,2.6667,1
xalan,2.7,xalan-2.7.csv,org.apache.xml.serializer.TreeWalker,8,1,0,5,66,0,2,3,5,0.257142857,623,0.8,2,0.0,0.5,0,0,76.25,1,0.75,1
xalan,2.7,xalan-2.7.csv,org.apache.xalan.xsltc.compiler.Expression,18,2,21,83,44,117,64,22,17,0.803921569,233,1.0,3,0.76056338,0.285714286,1,2,11.77777778,6,1.4444,1
xalan,2.7,xalan-2.7.csv,org.apache.xml.utils.res.XResources_it,2,4,0,2,4,1,0,2,2,2.0,315,0.0,0,0.976190476,1.0,0,0,156.5,1,0.5,1
xalan,2.7,xalan-2.7.csv,org.apache.xml.utils.res.XResources_ko,2,4,0,5,7,1,0,5,2,2.0,506,0.0,0,0.976190476,1.0,0,0,252.0,1,0.5,1
xalan,2.7,xalan-2.7.csv,org.apache.xml.serializer.utils.Messages,7,1,0,10,21,3,10,0,1,0.611111111,269,1.0,0,0.0,0.4,0,0,37.0,7,2.1429,1
xalan,2.7,xalan-2.7.csv,org.apache.xalan.xsltc.compiler.FunctionAvailableCall,7,4,0,19,38,7,0,19,5,0.458333333,272,1.0,1,0.941176471,0.285714286,3,13,37.28571429,12,3.2857,2
xalan,2.7,xalan-2.7.csv,org.apache.xalan.templates.DecimalFormatProperties,27,3,0,6,51,0,4,3,27,0.717948718,168,0.333333333,1,0.882882883,0.24691358,2,5,5.111111111,2,1.0,1
xalan,2.7,xalan-2.7.csv,org.apache.xalan.transformer.TransformSnapshotImpl,2,1,0,13,31,0,1,13,0,0.142857143,217,0.928571429,9,0.0,1.0,0,0,100.5,3,1.5,1
xalan,2.7,xalan-2.7.csv,org.apache.xalan.xsltc.compiler.Template,24,3,0,27,83,148,10,22,23,0.85770751,583,1.0,4,0.722891566,0.136363636,2,8,22.83333333,13,2.3333,1
xalan,2.7,xalan-2.7.csv,org.apache.xpath.compiler.OpMapVector,4,1,0,2,6,0,2,0,4,0.416666667,87,1.0,0,0.0,1.0,0,0,19.75,2,1.0,1
xalan,2.7,xalan-2.7.csv,org.apache.xml.utils.DefaultErrorHandler,14,1,0,10,36,49,7,3,14,0.538461538,304,0.0,0,0.0,0.265306122,0,0,20.57142857,11,1.8571,2
xalan,2.7,xalan-2.7.csv,org.apache.xalan.trace.SelectionEvent,1,1,1,8,2,0,4,4,1,2.0,28,0.0,4,0.0,1.0,0,0,21.0,0,0.0,1
xalan,2.7,xalan-2.7.csv,org.apache.xalan.xsltc.dom.CachedNodeListIterator,11,2,0,4,21,23,1,4,11,0.64,135,1.0,2,0.565217391,0.363636364,1,6,10.81818182,4,1.3636,1
xalan,2.7,xalan-2.7.csv,org.apache.xml.res.XMLErrorResources_ko,4,3,0,1,15,6,0,1,3,1.333333333,1166,0.0,0,0.926829268,0.333333333,0,0,271.25,2,1.0,2
xalan,2.7,xalan-2.7.csv,org.apache.xalan.xsltc.runtime.ErrorMessages_ja,2,3,0,0,3,1,0,0,2,2.0,229,0.0,0,0.974358974,1.0,0,0,113.5,1,0.5,2
xalan,2.7,xalan-2.7.csv,org.apache.xml.serializer.ToTextStream,25,3,0,8,51,190,2,6,23,2.0,393,0.0,0,0.875647668,0.373333333,2,16,14.72,1,0.96,2
xalan,2.7,xalan-2.7.csv,org.apache.xalan.xsltc.DOMCache,1,1,0,6,1,0,4,2,1,2.0,1,0.0,0,0.0,1.0,0,0,0.0,1,1.0,1
xalan,2.7,xalan-2.7.csv,org.apache.xpath.ExtensionsProvider,4,1,0,5,4,6,5,1,4,2.0,4,0.0,0,0.0,0.55,0,0,0.0,1,1.0,1
xalan,2.7,xalan-2.7.csv,org.apache.xalan.xsltc.compiler.util.StringStack,4,5,0,0,8,6,0,0,4,1.333333333,21,0.0,0,0.963855422,0.625,0,0,4.0,1,0.75,1
xalan,2.7,xalan-2.7.csv,org.apache.xalan.templates.XSLTVisitable,1,1,0,4,1,0,3,1,1,2.0,1,0.0,0,0.0,1.0,0,0,0.0,1,1.0,1
xalan,2.7,xalan-2.7.csv,org.apache.xalan.processor.ProcessorDecimalFormat,2,4,0,7,13,1,1,6,1,2.0,36,0.0,0,0.995260664,0.625,2,3,16.5,1,0.5,1
xalan,2.7,xalan-2.7.csv,org.apache.xalan.xsltc.runtime.ErrorMessages_it,2,3,0,0,3,1,0,0,2,2.0,229,0.0,0,0.974358974,1.0,0,0,113.5,1,0.5,2
xalan,2.7,xalan-2.7.csv,org.apache.xalan.xsltc.dom.SortingIterator,11,2,0,5,26,0,0,5,8,0.666666667,272,1.0,3,0.565217391,0.309090909,1,7,23.18181818,4,1.6364,1
xalan,2.7,xalan-2.7.csv,org.apache.xalan.trace.TraceListener,3,1,0,6,3,3,3,3,3,2.0,3,0.0,0,0.0,0.5,0,0,0.0,1,1.0,1
xalan,2.7,xalan-2.7.csv,org.apache.xml.utils.res.XResources_en,2,4,0,2,4,1,0,2,2,2.0,315,0.0,0,0.976190476,1.0,0,0,156.5,1,0.5,1
xalan,2.7,xalan-2.7.csv,org.apache.xml.dtm.DTMDOMException,2,5,0,3,3,1,3,0,2,2.0,13,0.0,0,1.0,0.833333333,0,0,5.0,0,0.0,1
xalan,2.7,xalan-2.7.csv,org.apache.xml.utils.res.XResources_es,2,4,0,2,4,1,0,2,2,2.0,315,0.0,0,0.976190476,1.0,0,0,156.5,1,0.5,1
xalan,2.7,xalan-2.7.csv,org.apache.xalan.templates.ElemCallTemplate,13,4,1,17,52,40,2,15,13,0.75,380,0.5,3,0.946902655,0.188034188,4,11,27.92307692,2,1.1538,1
xalan,2.7,xalan-2.7.csv,org.apache.xpath.XPathException,14,4,1,4,31,21,2,2,12,0.807692308,290,0.25,0,0.75,0.258928571,2,4,19.42857143,7,1.9286,1
xalan,2.7,xalan-2.7.csv,org.apache.xalan.xsltc.compiler.util.NodeType,22,2,0,42,54,199,13,32,20,0.571428571,466,1.0,0,0.622641509,0.215909091,2,4,20.13636364,7,1.4091,1
xalan,2.7,xalan-2.7.csv,org.apache.xalan.xsltc.trax.ObjectFactory,13,1,0,5,49,64,3,2,0,0.916666667,699,0.833333333,0,0.0,0.3125,0,0,52.30769231,16,2.4615,1
xalan,2.7,xalan-2.7.csv,org.apache.xalan.xsltc.dom.ForwardPositionIterator,7,2,0,3,19,0,0,3,7,0.0,64,1.0,1,0.684210526,0.428571429,1,5,8.0,1,0.8571,1
xalan,2.7,xalan-2.7.csv,org.apache.xalan.xsltc.compiler.util.ClassGenerator,10,3,4,124,15,27,120,5,10,0.902777778,88,1.0,2,0.8875,0.28,0,0,7.0,1,0.9,2
xalan,2.7,xalan-2.7.csv,org.apache.xalan.res.XSLTErrorResources_en,1,4,0,1,2,0,0,1,1,2.0,4,0.0,0,1.0,1.0,0,0,3.0,0,0.0,1
xalan,2.7,xalan-2.7.csv,org.apache.xalan.xsltc.util.JavaCupRedirect,2,1,0,1,17,1,0,1,2,2.0,127,1.0,0,0.0,0.5,0,0,62.0,6,3.0,1
xalan,2.7,xalan-2.7.csv,org.apache.xalan.xsltc.compiler.KeyPattern,1,6,0,1,2,0,0,1,1,2.0,6,0.0,0,1.0,1.0,0,0,5.0,0,0.0,1
xalan,2.7,xalan-2.7.csv,org.apache.xpath.axes.ChildTestIterator,7,6,5,12,15,1,7,6,5,0.75,76,0.5,1,0.962406015,0.342857143,2,5,9.571428571,2,1.0,1
xalan,2.7,xalan-2.7.csv,org.apache.xml.utils.res.XResourceBundleBase,3,3,0,0,4,3,0,0,3,2.0,6,0.0,0,0.95,0.833333333,0,0,1.0,1,0.6667,1
xalan,2.7,xalan-2.7.csv,org.apache.xalan.xsltc.runtime.ErrorMessages_pl,2,3,0,0,3,1,0,0,2,2.0,229,0.0,0,0.974358974,1.0,0,0,113.5,1,0.5,2
xalan,2.7,xalan-2.7.csv,org.apache.xml.dtm.SecuritySupport,11,1,1,2,20,53,2,1,0,0.9,90,1.0,0,0.0,0.4,0,0,7.090909091,2,0.9091,1
xalan,2.7,xalan-2.7.csv,org.apache.xalan.xsltc.dom.SingletonIterator,8,2,0,4,11,0,2,2,8,0.214285714,105,1.0,0,0.722222222,0.5,1,6,11.875,4,1.125,1
xalan,2.7,xalan-2.7.csv,org.apache.xml.dtm.DTMAxisIterator,12,1,0,83,12,66,83,0,12,1.090909091,13,0.0,0,0.0,0.416666667,0,0,0.0,1,1.0,1
xalan,2.7,xalan-2.7.csv,org.apache.xalan.lib.sql.QueryParameter,14,1,0,3,21,31,3,0,12,0.717948718,344,1.0,0,0.0,0.512820513,0,0,23.14285714,3,0.8571,1
xalan,2.7,xalan-2.7.csv,org.apache.xalan.xsltc.compiler.If,5,3,0,17,28,0,3,15,4,0.25,129,1.0,1,0.933333333,0.333333333,1,5,24.4,5,1.8,1
xalan,2.7,xalan-2.7.csv,org.apache.xalan.processor.WhitespaceInfoPaths,4,5,0,4,6,0,2,2,3,0.833333333,24,0.5,0,0.986486486,0.5,0,0,4.5,1,0.75,1
xalan,2.7,xalan-2.7.csv,org.apache.xml.utils.res.XResources_he,2,4,0,4,6,1,0,4,2,2.0,439,0.0,0,0.976190476,1.0,0,0,218.5,1,0.5,1
xalan,2.7,xalan-2.7.csv,org.apache.xml.serializer.SecuritySupport,11,1,1,3,20,53,3,1,0,0.9,90,1.0,0,0.0,0.4,0,0,7.090909091,2,0.9091,1
xalan,2.7,xalan-2.7.csv,org.apache.xml.serializer.utils.Utils,2,1,0,10,4,1,9,1,1,1.0,12,0.0,1,0.0,1.0,0,0,4.5,0,0.0,2
xalan,2.7,xalan-2.7.csv,org.apache.xml.utils.res.XResources_ja_JP_A,2,4,0,5,7,1,0,5,2,2.0,618,0.0,0,0.976190476,1.0,0,0,308.0,1,0.5,1
xalan,2.7,xalan-2.7.csv,org.apache.xml.utils.res.XResources_hy,2,4,0,4,6,1,0,4,2,2.0,633,0.0,0,0.976190476,1.0,0,0,315.5,1,0.5,1
xalan,2.7,xalan-2.7.csv,org.apache.xalan.templates.ElemValueOf,11,3,0,16,42,15,3,14,10,0.8,223,0.75,1,0.951456311,0.233766234,2,6,18.90909091,4,1.2727,1
xalan,2.7,xalan-2.7.csv,org.apache.xalan.xsltc.runtime.Parameter,2,1,0,2,3,0,2,0,2,0.0,29,0.0,0,0.0,0.875,0,0,12.0,0,0.0,1
xalan,2.7,xalan-2.7.csv,org.apache.xalan.xsltc.compiler.FlowList,7,1,0,29,17,0,26,3,7,0.0,155,1.0,0,0.0,0.464285714,0,0,21.0,4,1.8571,1
xalan,2.7,xalan-2.7.csv,org.apache.xpath.jaxp.XPathFactoryImpl,7,2,0,2,18,1,0,2,7,0.75,215,1.0,0,0.6,0.371428571,1,3,29.14285714,4,1.5714,1
xalan,2.7,xalan-2.7.csv,org.apache.xalan.lib.sql.ObjectFactory,13,1,0,3,49,64,1,2,0,0.916666667,699,0.833333333,0,0.0,0.3125,0,0,52.30769231,16,2.4615,1
xalan,2.7,xalan-2.7.csv,org.apache.xml.utils.res.XResources_ka,2,4,0,4,6,1,0,4,2,2.0,633,0.0,0,0.976190476,1.0,0,0,315.5,1,0.5,1
xalan,2.7,xalan-2.7.csv,org.apache.xalan.templates.ElemAttribute,9,5,0,10,29,36,2,8,6,1.125,158,0.0,0,0.963800905,0.314814815,4,10,16.44444444,16,3.0,1
xalan,2.7,xalan-2.7.csv,org.apache.xml.utils.StringVector,11,1,0,8,15,0,8,0,11,0.56,235,0.8,0,0.0,0.515151515,0,0,19.90909091,4,1.7273,1
xalan,2.7,xalan-2.7.csv,org.apache.xalan.xsltc.dom.DupFilterIterator,8,2,0,6,25,0,1,5,8,0.476190476,195,1.0,2,0.65,0.34375,1,5,22.625,6,1.625,2
xalan,2.7,xalan-2.7.csv,org.apache.xalan.res.XSLTErrorResources_sv,2,4,0,1,3,1,0,1,2,2.0,3764,0.0,0,0.976190476,1.0,0,0,1875.0,1,0.5,1
xalan,2.7,xalan-2.7.csv,org.apache.xalan.xsltc.compiler.FormatNumberCall,3,4,0,22,24,0,0,22,3,0.0,191,1.0,4,0.979591837,0.444444444,3,13,61.33333333,3,1.3333,1
xalan,2.7,xalan-2.7.csv,org.apache.xalan.xsltc.compiler.RelationalExpr,11,3,0,31,57,0,0,31,11,0.2,611,1.0,2,0.87654321,0.246753247,2,9,54.27272727,7,2.5455,1
xalan,2.7,xalan-2.7.csv,org.apache.xpath.axes.IteratorPool,4,1,0,4,13,0,2,2,4,0.555555556,77,0.666666667,1,0.0,0.75,0,0,17.5,2,1.0,2
xalan,2.7,xalan-2.7.csv,org.apache.xalan.res.XSLTErrorResources_tr,4,3,0,1,15,6,0,1,3,1.333333333,4270,0.0,0,0.926829268,0.333333333,0,0,1005.75,2,1.0,2
xalan,2.7,xalan-2.7.csv,org.apache.xalan.templates.ElemText,6,3,0,4,11,9,3,1,6,0.9,50,0.5,0,0.975124378,0.444444444,2,6,7.0,3,1.1667,1
xalan,2.7,xalan-2.7.csv,org.apache.xalan.xsltc.compiler.BooleanCall,3,4,0,8,11,0,0,8,3,0.0,51,1.0,1,0.979591837,0.444444444,3,13,15.66666667,2,1.0,1
xalan,2.7,xalan-2.7.csv,org.apache.xpath.XPathProcessorException,2,5,0,4,4,1,3,1,2,2.0,12,0.0,0,1.0,0.833333333,0,0,4.5,0,0.0,1
xalan,2.7,xalan-2.7.csv,org.apache.xalan.transformer.TransformerIdentityImpl,45,2,0,11,147,580,1,10,43,0.733333333,1264,0.8,2,0.232142857,0.14017094,0,0,26.75555556,3,1.0444,4
xalan,2.7,xalan-2.7.csv,org.apache.xml.utils.DOMHelper,27,1,1,12,88,341,7,5,24,0.888888889,1134,0.888888889,6,0.0,0.192307692,0,0,40.66666667,40,4.8889,1
xalan,2.7,xalan-2.7.csv,org.apache.xalan.xsltc.compiler.util.SlotAllocator,4,1,0,4,16,0,1,3,3,0.5,242,1.0,0,0.0,0.4375,0,0,58.5,6,3.0,1
xalan,2.7,xalan-2.7.csv,org.apache.xpath.compiler.OpMap,22,1,1,5,38,67,2,3,21,0.873015873,384,0.166666667,2,0.0,0.327272727,0,0,16.18181818,8,1.5455,2
xalan,2.7,xalan-2.7.csv,org.apache.xml.dtm.SecuritySupport12,9,2,0,9,23,36,9,9,0,2.0,82,0.0,0,0.529411765,0.444444444,0,0,8.111111111,1,0.8889,1
xalan,2.7,xalan-2.7.csv,org.apache.xalan.trace.TraceManager,18,1,0,45,41,0,30,16,17,0.294117647,438,1.0,1,0.0,0.163194444,0,0,23.22222222,4,2.3333,1
xalan,2.7,xalan-2.7.csv,org.apache.xalan.xsltc.dom.SAXImpl,81,6,0,58,233,3062,11,54,66,0.962931034,2220,1.0,5,0.721428571,0.129166667,3,8,26.04938272,10,2.037,2
xalan,2.7,xalan-2.7.csv,org.apache.xml.utils.res.XResources_de,2,4,0,2,4,1,0,2,2,2.0,315,0.0,0,0.976190476,1.0,0,0,156.5,1,0.5,1
xalan,2.7,xalan-2.7.csv,org.apache.xalan.res.XSLTErrorResources_ko,4,3,0,1,15,6,0,1,3,1.333333333,4270,0.0,0,0.926829268,0.333333333,0,0,1005.75,2,1.0,2
xalan,2.7,xalan-2.7.csv,org.apache.xml.utils.res.XResources_cy,2,4,0,5,7,1,0,5,2,2.0,608,0.0,0,0.976190476,1.0,0,0,303.0,1,0.5,1
xalan,2.7,xalan-2.7.csv,org.apache.xml.utils.StopParseException,1,4,0,3,2,0,3,0,0,2.0,6,0.0,0,1.0,1.0,0,0,4.0,0,0.0,1
xalan,2.7,xalan-2.7.csv,org.apache.xalan.xsltc.compiler.QName,10,1,0,57,18,17,57,0,10,0.777777778,106,1.0,0,0.0,0.4,1,1,9.1,2,1.0,3
xalan,2.7,xalan-2.7.csv,org.apache.xalan.templates.ElemCopyOf,9,3,0,21,46,6,1,20,8,0.75,219,0.0,1,0.960784314,0.238095238,2,6,23.11111111,2,1.0,1
xalan,2.7,xalan-2.7.csv,org.apache.xalan.xsltc.compiler.UseAttributeSets,4,3,0,19,31,0,5,15,4,0.833333333,132,1.0,0,0.949152542,0.416666667,1,4,31.5,4,2.0,1
xalan,2.7,xalan-2.7.csv,org.apache.xpath.functions.Function2Args,9,4,7,15,23,6,8,8,8,0.75,124,0.0,1,0.857142857,0.355555556,3,9,12.55555556,6,1.7778,1
xalan,2.7,xalan-2.7.csv,org.apache.xpath.objects.XBoolean,10,3,1,26,18,3,24,3,9,0.861111111,99,0.25,2,0.91025641,0.333333333,2,22,8.5,3,1.2,2
xalan,2.7,xalan-2.7.csv,org.apache.xpath.axes.UnionPathIterator,16,5,0,22,55,36,4,21,13,0.733333333,592,0.666666667,2,0.899280576,0.2,2,13,35.8125,9,2.5,2
xalan,2.7,xalan-2.7.csv,org.apache.xalan.xsltc.compiler.TestSeq,11,1,0,13,45,0,1,13,9,0.633333333,358,1.0,2,0.0,0.222222222,0,0,31.0,11,2.4545,1
xalan,2.7,xalan-2.7.csv,org.apache.xalan.xsltc.compiler.util.ErrorMessages_hu,2,3,0,0,3,1,0,0,2,2.0,1243,0.0,0,0.974358974,1.0,0,0,620.5,1,0.5,2
xalan,2.7,xalan-2.7.csv,org.apache.xml.utils.res.LongArrayWrapper,3,1,0,10,4,0,10,0,3,0.0,19,1.0,0,0.0,0.555555556,0,0,5.0,1,0.6667,1
xalan,2.7,xalan-2.7.csv,org.apache.xpath.operations.Quo,2,3,0,4,5,1,1,3,2,2.0,17,0.0,0,0.976190476,0.75,1,1,7.0,1,0.5,1
xalan,2.7,xalan-2.7.csv,org.apache.xpath.FoundIndex,1,4,0,0,2,0,0,0,1,2.0,5,0.0,0,1.0,1.0,0,0,3.0,0,0.0,1
xalan,2.7,xalan-2.7.csv,org.apache.xalan.xsltc.compiler.Include,5,3,0,15,40,4,1,15,4,0.5,224,1.0,1,0.9375,0.36,2,5,43.6,12,3.0,1
xalan,2.7,xalan-2.7.csv,org.apache.xalan.xsltc.trax.DOM2SAX,25,1,0,4,71,254,3,1,20,0.892857143,582,1.0,1,0.0,0.152727273,0,0,22.0,3,1.08,2
xalan,2.7,xalan-2.7.csv,org.apache.xalan.processor.StylesheetHandler,73,2,0,41,162,2302,22,22,38,0.943142361,1420,0.71875,6,0.191011236,0.106164384,1,1,18.01369863,7,1.3151,2
xalan,2.7,xalan-2.7.csv,org.apache.xalan.xsltc.compiler.RoundCall,2,4,0,10,10,1,0,10,2,2.0,30,0.0,0,0.989690722,0.6,2,4,14.0,1,0.5,1
xalan,2.7,xalan-2.7.csv,org.apache.xalan.xsltc.runtime.SecuritySupport,11,1,1,2,20,53,2,1,0,0.9,90,1.0,0,0.0,0.4,0,0,7.090909091,2,0.9091,1
xalan,2.7,xalan-2.7.csv,org.apache.xalan.trace.EndSelectionEvent,1,2,0,8,2,0,3,5,1,2.0,10,0.0,0,0.0,1.0,0,0,9.0,0,0.0,1
xalan,2.7,xalan-2.7.csv,org.apache.xalan.xsltc.compiler.util.ReferenceType,20,2,0,42,46,184,19,30,19,2.0,630,0.0,0,0.634615385,0.230769231,2,4,30.5,16,2.25,1
xalan,2.7,xalan-2.7.csv,org.apache.xalan.xsltc.trax.XSLTCSource,5,1,0,11,22,0,1,10,4,0.166666667,153,1.0,0,0.0,0.4,0,0,29.0,2,1.0,1
xalan,2.7,xalan-2.7.csv,org.apache.xalan.xsltc.cmdline.Transform,8,1,0,14,69,12,0,14,6,0.746031746,616,1.0,1,0.0,0.270833333,0,0,74.875,16,4.0,1
xalan,2.7,xalan-2.7.csv,org.apache.xalan.templates.VarNameCollector,5,2,0,5,12,0,1,4,4,0.0,34,0.0,0,0.75,0.4,0,0,5.6,1,0.8,1
xalan,2.7,xalan-2.7.csv,org.apache.xml.serializer.CharInfo,21,1,0,10,66,172,4,7,0,0.9,681,0.611111111,1,0.0,0.341666667,0,0,30.57142857,7,1.619,3
xalan,2.7,xalan-2.7.csv,org.apache.xml.utils.MutableAttrListImpl,5,2,0,1,18,10,1,0,5,1.25,108,0.0,0,0.888888889,0.6,1,2,20.4,4,1.8,1
xalan,2.7,xalan-2.7.csv,org.apache.xalan.xsltc.dom.ClonedNodeListIterator,10,2,0,3,15,5,1,3,10,0.555555556,65,1.0,1,0.590909091,0.35,1,6,5.3,2,1.0,1
xalan,2.7,xalan-2.7.csv,org.apache.xalan.xsltc.compiler.AttributeSet,8,3,0,26,58,6,3,25,7,0.80952381,314,1.0,3,0.895522388,0.3,2,5,37.5,9,2.5,2
xalan,2.7,xalan-2.7.csv,org.apache.xml.utils.FastStringBuffer,29,1,0,23,44,0,22,1,21,0.651785714,1651,0.0625,1,0.0,0.242063492,0,0,55.37931034,11,3.0,3
xalan,2.7,xalan-2.7.csv,org.apache.xpath.functions.FuncSubstringBefore,2,5,0,5,8,1,0,5,2,2.0,35,0.0,0,0.98245614,0.75,1,6,16.0,1,0.5,1
xalan,2.7,xalan-2.7.csv,org.apache.xalan.templates.OutputProperties,35,3,0,14,77,323,8,7,35,0.617647059,572,0.5,0,0.859649123,0.234920635,0,0,15.28571429,16,2.0286,1
xalan,2.7,xalan-2.7.csv,org.apache.xml.serializer.ToXMLSAXHandler,44,3,0,9,97,742,3,6,40,0.88372093,695,1.0,0,0.730263158,0.148601399,2,13,14.77272727,2,0.9545,2
xalan,2.7,xalan-2.7.csv,org.apache.xalan.templates.ElemEmpty,1,3,0,1,2,0,0,1,1,2.0,5,0.0,0,1.0,1.0,0,0,3.0,0,0.0,1
xalan,2.7,xalan-2.7.csv,org.apache.xalan.res.XSLTErrorResources_ja,4,3,0,1,15,6,0,1,3,1.333333333,4270,0.0,0,0.926829268,0.333333333,0,0,1005.75,2,1.0,2
xalan,2.7,xalan-2.7.csv,org.apache.xml.serializer.ElemDesc,5,1,0,6,9,0,5,1,1,1.194444444,85,0.296296296,1,0.0,0.733333333,0,0,10.6,3,1.6,1
xalan,2.7,xalan-2.7.csv,org.apache.xalan.res.XSLTErrorResources,4,3,2,18,15,6,18,0,3,1.333333333,4489,0.0,0,0.926829268,0.333333333,0,0,1057.75,2,1.0,1
xalan,2.7,xalan-2.7.csv,org.apache.xalan.xsltc.runtime.ErrorMessages_sk,2,3,0,0,3,1,0,0,2,2.0,229,0.0,0,0.974358974,1.0,0,0,113.5,1,0.5,2
xalan,2.7,xalan-2.7.csv,org.apache.xalan.res.XSLTErrorResources_it,4,3,0,1,15,6,0,1,3,1.333333333,4270,0.0,0,0.926829268,0.333333333,0,0,1005.75,2,1.0,2
xalan,2.7,xalan-2.7.csv,org.apache.xalan.xsltc.compiler.ValueOf,5,3,0,21,33,0,2,20,4,0.416666667,237,1.0,1,0.933333333,0.333333333,2,6,45.8,4,2.0,1
xalan,2.7,xalan-2.7.csv,org.apache.xalan.xsltc.compiler.FloorCall,2,4,0,10,10,1,0,10,2,2.0,26,0.0,0,0.989690722,0.6,2,4,12.0,1,0.5,1
xalan,2.7,xalan-2.7.csv,org.apache.xalan.templates.KeyDeclaration,11,3,0,11,19,35,7,6,11,0.875,86,0.75,3,0.951456311,0.272727273,2,6,6.454545455,1,0.9091,1
xalan,2.7,xalan-2.7.csv,org.apache.xalan.lib.sql.SecuritySupport12,9,2,0,9,23,36,9,9,0,2.0,82,0.0,0,0.529411765,0.444444444,0,0,8.111111111,1,0.8889,1
xalan,2.7,xalan-2.7.csv,org.apache.xml.utils.res.XResources_zh_CN,2,4,0,5,7,1,0,5,2,2.0,518,0.0,0,0.976190476,1.0,0,0,258.0,1,0.5,1
xalan,2.7,xalan-2.7.csv,org.apache.xml.serializer.utils.SerializerMessages_pt_BR,2,3,0,0,3,1,0,0,2,2.0,374,0.0,0,0.974358974,1.0,0,0,186.0,1,0.5,3
xalan,2.7,xalan-2.7.csv,org.apache.xpath.functions.FuncTranslate,2,6,0,5,12,1,0,5,2,2.0,71,0.0,0,0.984615385,0.75,1,6,34.0,1,0.5,1
xalan,2.7,xalan-2.7.csv,org.apache.xalan.xsltc.compiler.util.NumberType,3,2,2,5,4,3,4,1,3,2.0,10,0.0,0,0.942857143,1.0,0,0,2.333333333,1,0.6667,1
xalan,2.7,xalan-2.7.csv,org.apache.xalan.processor.ProcessorCharacters,5,4,0,9,31,2,2,7,4,0.5625,152,0.75,1,0.981308411,0.4,1,2,28.6,1,0.8,1
xalan,2.7,xalan-2.7.csv,org.apache.xalan.lib.sql.ConnectionPoolManager,6,1,0,3,16,0,1,2,4,0.0,62,1.0,0,0.0,0.6,0,0,9.166666667,3,1.3333,1
xalan,2.7,xalan-2.7.csv,org.apache.xalan.extensions.ExtensionNamespaceSupport,3,1,0,5,12,0,4,1,3,0.5,133,0.0,0,0.0,0.555555556,0,0,42.0,1,0.6667,1
xalan,2.7,xalan-2.7.csv,org.apache.xalan.lib.SecuritySupport,11,1,1,2,20,53,2,1,0,0.9,90,1.0,0,0.0,0.4,0,0,7.090909091,2,0.9091,1
xalan,2.7,xalan-2.7.csv,org.apache.xalan.xsltc.compiler.util.ErrorMessages_no,2,4,0,1,3,1,0,1,2,2.0,1009,0.0,0,0.975,1.0,0,0,503.5,1,0.5,1
xalan,2.7,xalan-2.7.csv,org.apache.xalan.xsltc.compiler.AncestorPattern,10,6,0,30,48,1,2,28,10,0.518518519,302,1.0,2,0.925233645,0.242857143,4,5,28.9,8,1.6,1
xalan,2.7,xalan-2.7.csv,org.apache.xml.serializer.utils.SerializerMessages_zh_CN,2,3,0,0,3,1,0,0,2,2.0,374,0.0,0,0.974358974,1.0,0,0,186.0,1,0.5,2
xalan,2.7,xalan-2.7.csv,org.apache.xpath.patterns.ContextMatchStepPattern,3,4,0,8,16,3,1,8,3,1.5,177,0.0,0,0.975903614,0.583333333,2,12,57.66666667,1,0.6667,1
xalan,2.7,xalan-2.7.csv,org.apache.xalan.templates.ElemExsltFuncResult,4,4,0,9,16,6,3,6,4,1.083333333,64,0.75,1,0.986363636,0.625,3,7,14.0,1,0.75,1
xalan,2.7,xalan-2.7.csv,org.apache.xml.utils.WrappedRuntimeException,3,4,0,36,5,0,36,0,3,0.75,23,0.5,0,0.944444444,0.666666667,0,0,6.0,1,0.3333,1
xalan,2.7,xalan-2.7.csv,org.apache.xalan.templates.ElemParam,6,4,0,18,22,15,7,11,6,1.1,88,0.0,0,0.981900452,0.375,3,8,13.33333333,1,0.6667,1
xalan,2.7,xalan-2.7.csv,org.apache.xpath.patterns.FunctionPattern,7,4,0,12,18,0,3,10,6,0.666666667,157,0.0,1,0.931034483,0.367346939,3,16,21.14285714,2,1.0,1
xalan,2.7,xalan-2.7.csv,org.apache.xpath.objects.XRTreeFrag,18,3,1,21,43,55,5,16,17,0.623529412,276,0.8,2,0.825581395,0.201388889,2,23,14.05555556,9,1.6111,2
xalan,2.7,xalan-2.7.csv,org.apache.xalan.xsltc.dom.CurrentNodeListIterator,13,2,0,6,31,14,0,6,12,0.583333333,268,1.0,4,0.541666667,0.307692308,1,8,19.07692308,3,1.4615,1
xalan,2.7,xalan-2.7.csv,org.apache.xpath.functions.FuncLang,2,4,0,6,15,1,0,6,2,2.0,74,0.0,0,0.979591837,0.75,1,6,35.5,1,0.5,1
xalan,2.7,xalan-2.7.csv,org.apache.xpath.functions.FuncUnparsedEntityURI,2,4,0,6,10,1,0,6,2,2.0,31,0.0,0,0.979591837,0.75,1,6,14.0,1,0.5,1
xalan,2.7,xalan-2.7.csv,org.apache.xalan.processor.XSLTAttributeDef,44,1,0,14,94,830,4,10,1,0.967009194,2030,0.162790698,2,0.0,0.328165375,0,0,44.15909091,19,1.5227,1
xalan,2.7,xalan-2.7.csv,org.apache.xalan.xsltc.dom.UnionIterator,9,2,0,6,25,0,1,5,8,0.513888889,445,1.0,2,0.619047619,0.361111111,1,6,47.44444444,6,3.1111,2
xalan,2.7,xalan-2.7.csv,org.apache.xml.dtm.ref.dom2dtm.DOM2DTM,39,4,0,18,119,617,1,18,30,0.870813397,1670,0.545454545,1,0.712121212,0.142857143,2,17,41.53846154,42,4.6667,2
xalan,2.7,xalan-2.7.csv,org.apache.xml.dtm.ref.DTMDocumentImpl,111,1,0,13,150,5301,0,13,97,0.944318182,1851,0.708333333,8,0.0,0.119886364,0,0,15.45945946,10,1.5315,1
xalan,2.7,xalan-2.7.csv,org.apache.xalan.xsltc.compiler.EqualityExpr,12,3,0,37,50,0,1,36,11,0.333333333,835,1.0,2,0.865853659,0.238095238,2,8,68.33333333,18,3.25,1
xalan,2.7,xalan-2.7.csv,org.apache.xalan.xsltc.runtime.Constants,0,1,0,1,0,0,1,0,0,2.0,14,0.0,0,0.0,0.0,0,0,0.0,0,0.0,1
xalan,2.7,xalan-2.7.csv,org.apache.xalan.xsltc.compiler.ParentPattern,8,6,0,26,43,0,1,25,8,0.285714286,253,1.0,2,0.933962264,0.25,4,5,30.375,8,1.75,2
xalan,2.7,xalan-2.7.csv,org.apache.xalan.xsltc.compiler.util.StringType,19,2,0,41,47,151,18,27,17,1.0,286,0.0,0,0.647058824,0.247368421,2,4,14.0,4,1.3158,1
xalan,2.7,xalan-2.7.csv,org.apache.xalan.xsltc.runtime.MessageHandler,2,1,1,3,4,1,3,0,2,2.0,9,0.0,0,0.0,0.75,0,0,3.5,1,0.5,1
xalan,2.7,xalan-2.7.csv,org.apache.xpath.objects.EqualComparator,3,2,0,3,5,3,1,2,0,2.0,18,0.0,0,0.5,0.555555556,0,0,5.0,2,1.0,0
xalan,2.7,xalan-2.7.csv,org.apache.xalan.xsltc.runtime.output.WriterOutputBuffer,6,1,0,1,16,0,0,1,5,0.733333333,88,1.0,0,0.0,0.333333333,0,0,13.16666667,1,0.6667,1
xalan,2.7,xalan-2.7.csv,org.apache.xml.serializer.SerializationHandler,10,1,0,48,10,45,42,6,10,2.0,10,0.0,0,0.0,0.242857143,0,0,0.0,1,1.0,2
xalan,2.7,xalan-2.7.csv,org.apache.xml.serializer.EmptySerializer,93,1,2,5,94,4278,2,3,87,1.010869565,388,1.0,0,0.0,0.09916368,0,0,3.161290323,1,0.9892,3
xalan,2.7,xalan-2.7.csv,org.apache.xml.dtm.ref.DTMAxisIteratorBase,14,1,20,22,21,53,20,2,12,0.794871795,166,1.0,0,0.0,0.404761905,0,0,10.42857143,5,1.4286,1
xalan,2.7,xalan-2.7.csv,org.apache.xalan.xsltc.compiler.LangCall,4,4,0,17,17,0,0,17,4,0.666666667,84,1.0,2,0.96969697,0.375,3,8,19.5,2,1.0,1
xalan,2.7,xalan-2.7.csv,org.apache.xalan.xsltc.compiler.util.ErrorMessages_ja,2,3,0,0,3,1,0,0,2,2.0,1243,0.0,0,0.974358974,1.0,0,0,620.5,1,0.5,2
xalan,2.7,xalan-2.7.csv,org.apache.xalan.templates.ElemUse,7,3,4,9,15,0,4,6,6,0.666666667,122,0.5,1,0.97029703,0.428571429,0,0,16.14285714,2,1.0,2
xalan,2.7,xalan-2.7.csv,org.apache.xpath.functions.Function3Args,9,5,4,12,23,6,5,8,8,0.75,125,0.0,1,0.875,0.355555556,4,15,12.66666667,6,1.7778,1
xalan,2.7,xalan-2.7.csv,org.apache.xpath.objects.XObjectFactory,3,1,0,13,19,3,1,13,3,2.0,207,0.0,0,0.0,0.444444444,0,0,68.0,11,5.3333,1
xalan,2.7,xalan-2.7.csv,org.apache.xalan.templates.TemplateList,21,1,0,18,73,102,3,17,9,0.725,942,0.75,4,0.0,0.180952381,0,0,43.47619048,19,3.1905,1
xalan,2.7,xalan-2.7.csv,org.apache.xml.dtm.DTMConfigurationException,6,5,0,2,11,15,1,1,6,1.2,35,0.0,0,1.0,0.625,0,0,4.666666667,0,0.0,1
xalan,2.7,xalan-2.7.csv,org.apache.xalan.xsltc.compiler.util.ErrorMessages_ko,2,3,0,0,3,1,0,0,2,2.0,1243,0.0,0,0.974358974,1.0,0,0,620.5,1,0.5,2
xalan,2.7,xalan-2.7.csv,org.apache.xpath.functions.FuncLast,5,3,0,8,12,8,1,7,5,0.875,60,0.5,0,0.904761905,0.4,1,6,10.6,2,1.0,1
xalan,2.7,xalan-2.7.csv,org.apache.xalan.xsltc.dom.SimpleResultTreeImpl,111,2,1,21,136,6045,5,18,110,0.968531469,842,0.769230769,3,0.470873786,0.144155844,0,0,6.468468468,4,1.1622,1
xalan,2.7,xalan-2.7.csv,org.apache.xml.serializer.ToSAXHandler,27,2,3,8,49,209,4,4,22,0.711538462,353,1.0,1,0.783783784,0.171717172,1,7,11.92592593,3,1.0,1
xalan,2.7,xalan-2.7.csv,org.apache.xpath.functions.FuncExtFunction,14,3,0,24,39,23,13,13,13,0.8,256,0.0,0,0.745098039,0.198412698,2,9,16.92857143,3,1.5,1
xalan,2.7,xalan-2.7.csv,org.apache.xpath.functions.FuncSum,2,4,0,8,11,1,0,8,2,2.0,45,0.0,0,0.979591837,0.75,1,6,21.0,1,0.5,1
xalan,2.7,xalan-2.7.csv,org.apache.xml.serializer.WriterToASCI,8,2,0,2,14,0,1,1,8,0.142857143,68,1.0,0,0.65,0.325,1,2,7.375,1,0.875,1
xalan,2.7,xalan-2.7.csv,org.apache.xalan.xsltc.compiler.util.ErrorMessages_tr,2,3,0,0,3,1,0,0,2,2.0,1243,0.0,0,0.974358974,1.0,0,0,620.5,1,0.5,2
xalan,2.7,xalan-2.7.csv,org.apache.xalan.xsltc.trax.TemplatesImpl,19,1,0,11,51,37,4,9,9,0.671296296,464,0.916666667,2,0.0,0.171717172,0,0,22.78947368,1,0.7895,1
xalan,2.7,xalan-2.7.csv,org.apache.xalan.xsltc.cmdline.getopt.GetOptsException,1,3,2,3,2,0,3,0,1,2.0,6,0.0,0,1.0,1.0,0,0,4.0,0,0.0,1
xalan,2.7,xalan-2.7.csv,org.apache.xalan.xsltc.dom.NodeCounter,16,1,3,7,42,106,4,3,7,0.805797101,856,0.826086957,3,0.0,0.237037037,0,0,51.0625,16,3.5625,1
xalan,2.7,xalan-2.7.csv,org.apache.xpath.functions.FuncExtElementAvailable,2,4,0,10,17,1,0,10,2,2.0,88,0.0,0,0.979591837,0.75,2,7,42.5,1,0.5,1
xalan,2.7,xalan-2.7.csv,org.apache.xml.dtm.DTMManager,21,1,2,52,28,190,44,10,19,0.985,112,0.4,1,0.0,0.1625,0,0,3.857142857,1,0.9048,1
xalan,2.7,xalan-2.7.csv,org.apache.xalan.xsltc.ProcessorVersion,3,1,0,0,9,1,0,0,2,0.5,44,1.0,0,0.0,0.5,0,0,12.66666667,2,0.6667,1
xalan,2.7,xalan-2.7.csv,org.apache.xalan.xsltc.cmdline.SecuritySupport,11,1,1,2,20,53,2,1,0,0.9,90,1.0,0,0.0,0.4,0,0,7.090909091,2,0.9091,1
xalan,2.7,xalan-2.7.csv,org.apache.xalan.xsltc.compiler.CopyOf,5,3,0,25,32,0,2,23,4,0.25,269,1.0,1,0.933333333,0.333333333,1,4,52.6,5,1.8,1
xalan,2.7,xalan-2.7.csv,org.apache.xalan.xsltc.compiler.Output,10,3,0,20,54,11,2,20,8,0.874074074,936,1.0,0,0.869565217,0.242857143,3,9,91.1,32,5.9,1
xalan,2.7,xalan-2.7.csv,org.apache.xpath.SourceTree,1,1,0,1,2,0,1,0,1,2.0,12,0.0,0,0.0,1.0,0,0,9.0,0,0.0,1
xalan,2.7,xalan-2.7.csv,org.apache.xalan.xsltc.compiler.util.CompareGenerator,11,5,0,16,23,37,3,13,10,0.916666667,141,1.0,0,0.93877551,0.225,2,5,10.72727273,2,0.9091,1
xalan,2.7,xalan-2.7.csv,org.apache.xpath.axes.ChildIterator,4,5,0,5,10,6,1,4,3,1.333333333,68,0.0,0,0.9765625,0.4375,1,6,15.75,4,1.5,1
xalan,2.7,xalan-2.7.csv,org.apache.xml.dtm.DTMIterator,25,1,0,50,25,300,49,2,25,1.041666667,28,0.0,0,0.0,0.34,0,0,0.0,1,1.0,1
xalan,2.7,xalan-2.7.csv,org.apache.xpath.Arg,15,1,0,3,21,0,1,2,15,0.628571429,158,1.0,2,0.0,0.311111111,0,0,9.2,2,0.8667,1
xalan,2.7,xalan-2.7.csv,org.apache.xalan.templates.AVTPartSimple,5,2,0,6,7,4,1,5,5,0.875,23,0.5,0,0.555555556,0.325,0,0,3.2,1,0.8,1
xalan,2.7,xalan-2.7.csv,org.apache.xalan.trace.GenerateEvent,5,1,0,4,6,0,4,1,5,0.6875,82,0.0,1,0.0,0.666666667,0,0,13.8,0,0.0,1
xalan,2.7,xalan-2.7.csv,org.apache.xml.utils.SuballocatedIntVector,20,1,0,15,22,8,15,0,13,0.552631579,901,1.0,0,0.0,0.875,0,0,43.55,8,2.95,1
xalan,2.7,xalan-2.7.csv,org.apache.xalan.extensions.SecuritySupport,11,1,1,2,20,53,2,1,0,0.9,90,1.0,0,0.0,0.4,0,0,7.090909091,2,0.9091,1
xalan,2.7,xalan-2.7.csv,org.apache.xml.utils.NSInfo,3,1,0,1,4,0,1,0,3,0.642857143,55,0.0,0,0.0,0.666666667,0,0,15.0,0,0.0,1
xalan,2.7,xalan-2.7.csv,org.apache.xalan.xsltc.compiler.FunctionCall,29,3,24,64,152,128,25,39,15,0.932653061,2586,0.857142857,4,0.731958763,0.114285714,3,11,86.96551724,20,3.2759,2
xalan,2.7,xalan-2.7.csv,org.apache.xalan.xsltc.compiler.ElementAvailableCall,5,4,0,17,19,10,0,17,5,2.0,85,0.0,0,0.96,0.333333333,3,12,16.0,2,1.2,1
xalan,2.7,xalan-2.7.csv,org.apache.xpath.axes.SelfIteratorNoPredicate,5,5,0,8,8,10,3,5,4,1.25,58,0.0,0,0.9765625,0.45,1,4,10.4,4,1.2,2
xalan,2.7,xalan-2.7.csv,org.apache.xalan.xsltc.dom.XSLTCDTMManager,9,3,0,22,44,36,11,12,8,1.1,346,0.8,0,0.813953488,0.444444444,1,5,36.88888889,18,3.0,1
xalan,2.7,xalan-2.7.csv,org.apache.xalan.xsltc.trax.SAX2DOM,22,1,0,2,56,139,1,1,22,0.682539683,432,1.0,0,0.0,0.266233766,0,0,18.36363636,9,1.7727,1
xalan,2.7,xalan-2.7.csv,org.apache.xalan.xsltc.dom.FilterIterator,9,2,0,4,24,0,0,4,9,0.625,109,1.0,2,0.619047619,0.288888889,1,6,10.77777778,3,1.2222,1
xalan,2.7,xalan-2.7.csv,org.apache.xalan.xsltc.compiler.RelativePathPattern,1,5,3,7,2,0,6,1,0,2.0,4,0.0,0,1.0,1.0,0,0,3.0,0,0.0,1
xalan,2.7,xalan-2.7.csv,org.apache.xpath.axes.AxesWalker,27,4,2,21,53,257,8,15,23,0.829059829,456,0.555555556,4,0.747572816,0.138888889,1,4,15.55555556,5,1.6667,1
xalan,2.7,xalan-2.7.csv,org.apache.xpath.objects.GreaterThanOrEqualComparator,3,2,0,3,5,3,1,2,0,2.0,24,0.0,0,0.5,0.555555556,0,0,7.0,2,1.3333,0
xalan,2.7,xalan-2.7.csv,org.apache.xalan.xsltc.dom.ObjectFactory,13,1,0,5,49,64,3,2,0,0.916666667,699,0.833333333,0,0.0,0.3125,0,0,52.30769231,16,2.4615,1
xalan,2.7,xalan-2.7.csv,org.apache.xpath.operations.Mod,3,3,0,7,7,3,2,5,3,1.5,26,0.0,0,0.953488372,0.555555556,1,1,7.333333333,1,0.6667,1
xalan,2.7,xalan-2.7.csv,org.apache.xalan.xsltc.compiler.VariableRef,2,4,0,17,25,1,1,16,2,2.0,137,0.0,0,0.987012987,0.625,2,3,67.5,9,4.5,2
xalan,2.7,xalan-2.7.csv,org.apache.xml.serializer.AttributesImplSerializer,7,2,0,6,29,0,6,0,6,0.666666667,235,1.0,0,0.8,0.428571429,1,2,32.0,3,2.1429,1
xalan,2.7,xalan-2.7.csv,org.apache.xpath.objects.XNodeSetForDOM,7,5,0,5,18,0,1,4,7,0.583333333,116,0.0,0,0.978417266,0.285714286,3,14,15.28571429,1,0.4286,2
xalan,2.7,xalan-2.7.csv,org.apache.xpath.compiler.PsuedoNames,1,1,0,0,2,0,0,0,1,2.0,10,0.0,0,0.0,1.0,0,0,3.0,0,0.0,1
xalan,2.7,xalan-2.7.csv,org.apache.xalan.transformer.TransformerHandlerImpl,36,1,0,8,102,0,1,8,33,0.848214286,931,0.9375,2,0.0,0.176623377,0,0,24.41666667,7,1.1944,1
xalan,2.7,xalan-2.7.csv,org.apache.xalan.extensions.XSLProcessorContext,7,1,0,25,49,5,5,20,7,0.733333333,321,1.0,4,0.0,0.392857143,0,0,44.14285714,1,0.8571,1
xalan,2.7,xalan-2.7.csv,org.apache.xpath.XPathVisitor,13,1,5,43,14,78,40,13,13,2.0,40,0.0,0,0.0,0.203296703,0,0,2.076923077,1,0.9231,1
xalan,2.7,xalan-2.7.csv,org.apache.xalan.templates.AVT,15,1,0,24,44,43,13,12,14,0.888888889,582,0.888888889,1,0.0,0.2,0,0,37.2,4,1.9333,2
xalan,2.7,xalan-2.7.csv,org.apache.xpath.functions.FuncFalse,3,3,0,4,4,3,0,4,3,1.5,10,0.0,0,0.95,0.5,1,6,2.0,1,0.6667,1
xalan,2.7,xalan-2.7.csv,org.apache.xalan.xsltc.compiler.LiteralElement,18,3,0,45,93,89,6,44,11,0.81372549,946,1.0,1,0.767123288,0.188888889,2,9,51.22222222,24,5.8333,3
xalan,2.7,xalan-2.7.csv,org.apache.xpath.NodeSetDTM,56,2,1,22,84,714,15,7,56,0.779220779,840,0.714285714,1,0.363636364,0.160714286,1,4,13.875,9,1.5714,1
xalan,2.7,xalan-2.7.csv,org.apache.xpath.compiler.Lexer,10,1,0,6,31,3,1,6,0,0.611111111,806,0.5,3,0.0,0.3125,0,0,79.0,11,2.8,2
xalan,2.7,xalan-2.7.csv,org.apache.xalan.templates.ElemExsltFunction,5,4,0,15,31,10,3,12,5,1.25,173,0.0,0,0.981900452,0.4,4,7,33.4,1,0.8,1
xalan,2.7,xalan-2.7.csv,org.apache.xalan.xsltc.trax.TrAXFilter,7,2,0,5,31,13,2,3,6,0.777777778,143,1.0,2,0.85,0.285714286,1,2,19.0,2,1.0,1
xalan,2.7,xalan-2.7.csv,org.apache.xml.utils.QName,28,1,0,54,49,268,50,4,28,0.641975309,742,0.666666667,0,0.0,0.285714286,1,1,25.28571429,9,1.4286,1
xalan,2.7,xalan-2.7.csv,org.apache.xml.serializer.SerializerFactory,3,1,0,13,17,3,6,7,1,1.0,132,1.0,0,0.0,0.5,0,0,42.66666667,6,2.0,1
xalan,2.7,xalan-2.7.csv,org.apache.xalan.xsltc.runtime.ErrorMessages_ca,2,3,0,0,3,1,0,0,2,2.0,229,0.0,0,0.974358974,1.0,0,0,113.5,1,0.5,2
xalan,2.7,xalan-2.7.csv,org.apache.xpath.res.XPATHErrorResources_pt_BR,4,3,0,1,15,6,0,1,3,1.333333333,2120,0.0,0,0.926829268,0.333333333,0,0,495.5,2,1.0,2
xalan,2.7,xalan-2.7.csv,org.apache.xml.utils.Context2,12,1,0,1,26,0,1,0,0,0.681818182,365,0.5,2,0.0,0.409090909,0,0,28.58333333,10,2.5,0
xalan,2.7,xalan-2.7.csv,org.apache.xalan.xsltc.compiler.AbsoluteLocationPath,7,3,0,24,34,0,1,23,7,0.0,168,1.0,1,0.934210526,0.285714286,2,7,22.85714286,2,1.1429,2
xalan,2.7,xalan-2.7.csv,org.apache.xpath.res.XPATHErrorResources_ja,4,3,0,1,15,6,0,1,3,1.333333333,2120,0.0,0,0.926829268,0.333333333,0,0,495.5,2,1.0,2
xalan,2.7,xalan-2.7.csv,org.apache.xalan.transformer.StackGuard,6,1,0,8,18,0,3,7,5,0.4,162,0.5,1,0.0,0.458333333,0,0,25.66666667,4,1.6667,1
xalan,2.7,xalan-2.7.csv,org.apache.xml.serializer.utils.SerializerMessages_ko,2,3,0,0,3,1,0,0,2,2.0,374,0.0,0,0.974358974,1.0,0,0,186.0,1,0.5,3
xalan,2.7,xalan-2.7.csv,org.apache.xml.serializer.Serializer,9,1,0,11,9,36,10,1,9,2.0,9,0.0,0,0.0,0.333333333,0,0,0.0,1,1.0,2
xalan,2.7,xalan-2.7.csv,org.apache.xpath.objects.XStringForFSB,31,4,0,10,59,117,1,10,29,0.606666667,831,0.4,0,0.802721088,0.150537634,4,20,25.64516129,14,2.9355,1
xalan,2.7,xalan-2.7.csv,org.apache.xml.dtm.ref.ChunkedIntArray,9,1,0,3,24,0,2,2,0,0.892857143,353,0.0,1,0.0,0.62962963,0,0,37.44444444,3,1.4444,1
xalan,2.7,xalan-2.7.csv,org.apache.xalan.Version,9,1,0,1,18,36,1,0,9,2.0,81,0.0,0,0.0,0.111111111,0,0,8.0,2,1.1111,1
xalan,2.7,xalan-2.7.csv,org.apache.xalan.xsltc.Translet,11,1,0,19,11,55,15,4,11,2.0,11,0.0,0,0.0,0.262626263,0,0,0.0,1,1.0,1
xalan,2.7,xalan-2.7.csv,org.apache.xpath.operations.VariableSafeAbsRef,2,3,0,9,11,1,1,8,2,2.0,40,0.0,0,0.97826087,0.666666667,1,1,18.5,1,0.5,1
xalan,2.7,xalan-2.7.csv,org.apache.xalan.xsltc.compiler.util.SecuritySupport,11,1,1,2,20,53,2,1,0,0.9,90,1.0,0,0.0,0.4,0,0,7.090909091,2,0.9091,1
xalan,2.7,xalan-2.7.csv,org.apache.xalan.templates.ElemAttributeSet,8,4,0,11,28,16,6,8,8,0.857142857,112,0.0,1,0.966507177,0.3,2,4,12.75,3,1.125,1
xalan,2.7,xalan-2.7.csv,org.apache.xalan.xsltc.compiler.BinOpExpr,8,3,0,14,38,0,0,14,7,0.80952381,255,0.444444444,2,0.922077922,0.265306122,2,8,29.75,3,1.375,1
xalan,2.7,xalan-2.7.csv,org.apache.xpath.functions.Function,9,2,7,19,15,36,13,8,8,1.125,52,0.0,0,0.789473684,0.285714286,1,7,4.666666667,2,1.1111,1
xalan,2.7,xalan-2.7.csv,org.apache.xpath.jaxp.JAXPVariableStack,2,2,0,7,12,0,2,5,2,0.0,59,1.0,0,0.954545455,0.625,0,0,28.0,1,0.5,2
xalan,2.7,xalan-2.7.csv,org.apache.xml.res.XMLErrorResources_sk,4,3,0,1,15,6,0,1,3,1.333333333,1166,0.0,0,0.926829268,0.333333333,0,0,271.25,2,1.0,2
xalan,2.7,xalan-2.7.csv,org.apache.xalan.transformer.CountersTable,5,3,0,7,23,8,3,5,2,1.0,199,0.333333333,1,0.904761905,0.44,0,0,38.2,2,1.2,1
xalan,2.7,xalan-2.7.csv,org.apache.xalan.xsltc.compiler.CallTemplate,8,3,0,23,59,2,2,22,6,0.619047619,392,1.0,2,0.888888889,0.270833333,1,6,47.625,10,3.5,2
xalan,2.7,xalan-2.7.csv,org.apache.xalan.xsltc.NodeIterator,10,1,0,1,10,45,1,0,10,1.111111111,11,0.0,0,0.0,0.4,0,0,0.0,1,1.0,1
xalan,2.7,xalan-2.7.csv,org.apache.xalan.xsltc.compiler.NameBase,5,4,3,17,21,0,3,14,5,0.25,149,1.0,2,0.96969697,0.366666667,3,14,28.4,4,1.2,1
xalan,2.7,xalan-2.7.csv,org.apache.xml.res.XMLErrorResources_ru,4,3,0,1,15,6,0,1,3,1.333333333,1166,0.0,0,0.926829268,0.333333333,0,0,271.25,2,1.0,2
xalan,2.7,xalan-2.7.csv,org.apache.xpath.res.XPATHErrorResources_zh_TW,4,3,0,1,15,6,0,1,3,1.333333333,2120,0.0,0,0.926829268,0.333333333,0,0,495.5,2,1.0,2
xalan,2.7,xalan-2.7.csv,org.apache.xalan.xsltc.runtime.output.TransletOutputHandlerFactory,14,1,0,13,33,43,4,9,14,0.834319527,300,0.769230769,0,0.0,0.205357143,0,0,19.5,2,1.0714,2
xalan,2.7,xalan-2.7.csv,org.apache.xml.serializer.utils.SerializerMessages_pl,2,3,0,0,3,1,0,0,2,2.0,374,0.0,0,0.974358974,1.0,0,0,186.0,1,0.5,3
xalan,2.7,xalan-2.7.csv,org.apache.xalan.templates.ElemExtensionCall,9,5,0,21,54,30,4,18,5,1.041666667,306,0.0,1,0.967611336,0.333333333,3,7,32.33333333,5,1.5556,1
xalan,2.7,xalan-2.7.csv,org.apache.xml.utils.res.XResources_zh_TW,2,4,0,5,7,1,0,5,2,2.0,518,0.0,0,0.976190476,1.0,0,0,258.0,1,0.5,1
xalan,2.7,xalan-2.7.csv,org.apache.xalan.xsltc.compiler.SecuritySupport,11,1,1,2,20,53,2,1,0,0.9,90,1.0,0,0.0,0.4,0,0,7.090909091,2,0.9091,1
xalan,2.7,xalan-2.7.csv,org.apache.xalan.lib.sql.JNDIConnectionPool,20,1,0,2,41,130,1,1,18,0.796992481,316,0.857142857,0,0.0,0.258333333,0,0,14.45,4,1.3,1
xalan,2.7,xalan-2.7.csv,org.apache.xml.utils.StringToIntTable,8,1,0,1,12,0,1,0,8,0.523809524,217,0.833333333,0,0.0,0.583333333,0,0,25.375,4,1.875,1
xalan,2.7,xalan-2.7.csv,org.apache.xpath.operations.Equals,3,3,0,6,7,3,1,5,3,1.5,41,0.0,0,0.953488372,0.555555556,2,2,12.33333333,1,0.6667,1
xalan,2.7,xalan-2.7.csv,org.apache.xml.res.XMLErrorResources_tr,4,3,0,1,15,6,0,1,3,1.333333333,1166,0.0,0,0.926829268,0.333333333,0,0,271.25,2,1.0,2
xalan,2.7,xalan-2.7.csv,org.apache.xalan.xsltc.compiler.LastCall,4,4,0,12,13,6,0,12,4,2.0,59,0.0,0,0.96969697,0.4375,2,4,13.75,3,1.25,1
xalan,2.7,xalan-2.7.csv,org.apache.xml.dtm.ref.CoroutineManager,6,1,0,4,17,0,3,1,6,0.7,183,0.0,0,0.0,0.722222222,0,0,28.5,7,1.8333,1
xalan,2.7,xalan-2.7.csv,org.apache.xpath.NodeSet,61,1,0,11,77,714,7,4,60,0.629166667,1486,0.875,0,0.0,0.219262295,0,0,23.2295082,9,2.2459,1
xalan,2.7,xalan-2.7.csv,org.apache.xpath.jaxp.JAXPPrefixResolver,5,1,0,3,18,8,2,1,5,1.0,107,0.5,0,0.0,0.45,0,0,20.0,12,3.0,1
xalan,2.7,xalan-2.7.csv,org.apache.xalan.xsltc.dom.NodeSortRecord,11,1,0,9,29,7,2,7,8,0.806666667,324,0.733333333,3,0.0,0.35,0,0,27.09090909,5,1.2727,1
xalan,2.7,xalan-2.7.csv,org.apache.xalan.xsltc.runtime.HashtableEntry,2,1,0,2,3,1,2,0,0,1.0,38,0.0,1,0.0,1.0,0,0,16.0,2,1.0,0
xalan,2.7,xalan-2.7.csv,org.apache.xml.utils.IntVector,20,1,1,5,22,0,5,0,20,0.342105263,497,1.0,0,0.0,0.6,0,0,23.65,4,1.75,1
xalan,2.7,xalan-2.7.csv,org.apache.xalan.templates.TemplateSubPatternAssociation,15,1,0,7,25,49,2,5,12,0.867346939,140,0.714285714,3,0.0,0.208333333,0,0,7.866666667,6,1.2667,1
xalan,2.7,xalan-2.7.csv,org.apache.xalan.xsltc.compiler.util.ErrorMessages_ca,2,3,0,0,3,1,0,0,2,2.0,1243,0.0,0,0.974358974,1.0,0,0,620.5,1,0.5,2
xalan,2.7,xalan-2.7.csv,org.apache.xalan.templates.AVTPartXPath,7,2,0,13,20,0,1,12,7,0.583333333,75,0.5,1,0.5,0.25974026,0,0,9.428571429,1,0.7143,1
xalan,2.7,xalan-2.7.csv,org.apache.xpath.operations.UnaryOperation,11,2,4,11,20,0,6,6,11,0.65,89,0.5,1,0.75,0.227272727,1,7,6.909090909,3,1.3636,1
xalan,2.7,xalan-2.7.csv,org.apache.xpath.objects.XObject,42,2,7,147,68,819,134,15,40,0.96097561,466,0.1,0,0.428571429,0.112244898,2,8,9.857142857,4,1.1667,2
xalan,2.7,xalan-2.7.csv,org.apache.xml.utils.SystemIDResolver,9,1,0,21,33,36,19,2,6,2.0,341,0.0,0,0.0,0.5,0,0,36.88888889,9,4.1111,1
xalan,2.7,xalan-2.7.csv,org.apache.xalan.xsltc.compiler.util.NamedMethodGenerator,4,5,0,9,9,6,2,7,4,1.333333333,41,1.0,0,0.978723404,0.4375,2,3,8.75,2,1.0,1
xalan,2.7,xalan-2.7.csv,org.apache.xml.dtm.ref.DTMStringPool,6,1,2,6,25,3,5,1,6,0.56,424,0.0,1,0.0,0.375,0,0,68.83333333,8,2.8333,1
xalan,2.7,xalan-2.7.csv,org.apache.xml.utils.DOMOrder,1,1,0,1,1,0,1,0,1,2.0,1,0.0,0,0.0,1.0,0,0,0.0,1,1.0,1
xalan,2.7,xalan-2.7.csv,org.apache.xml.serializer.EncodingInfo,8,1,0,7,14,26,5,3,3,0.952380952,150,0.333333333,1,0.0,0.5,0,0,17.375,6,1.875,1
xalan,2.7,xalan-2.7.csv,org.apache.xalan.xsltc.dom.EmptyFilter,2,1,0,1,3,1,0,1,2,2.0,7,0.0,0,0.0,0.75,0,0,2.5,1,0.5,1
xalan,2.7,xalan-2.7.csv,org.apache.xpath.functions.FuncCeiling,2,4,0,5,7,1,0,5,2,2.0,16,0.0,0,0.979591837,0.75,1,6,6.5,1,0.5,1
xalan,2.7,xalan-2.7.csv,org.apache.xalan.templates.AVTPart,6,1,2,7,7,15,3,4,6,1.2,13,0.0,0,0.0,0.361111111,0,0,1.0,1,0.8333,1
xalan,2.7,xalan-2.7.csv,org.apache.xalan.xsltc.runtime.Attributes,7,1,0,1,8,21,0,1,7,1.0,30,1.0,1,0.0,0.5,0,0,3.0,1,0.8571,1
xalan,2.7,xalan-2.7.csv,org.apache.xpath.compiler.XPathDumper,1,1,0,0,2,0,0,0,1,2.0,4,0.0,0,0.0,1.0,0,0,3.0,0,0.0,1
xalan,2.7,xalan-2.7.csv,org.apache.xalan.processor.XSLTElementDef,37,1,1,8,57,440,6,4,3,0.793209877,812,0.722222222,3,0.0,0.289189189,0,0,20.45945946,15,2.2162,1
xalan,2.7,xalan-2.7.csv,org.apache.xalan.xsltc.compiler.Pattern,4,3,2,17,5,6,12,6,4,2.0,7,0.0,0,0.959459459,0.4375,2,4,0.75,1,0.75,1
xalan,2.7,xalan-2.7.csv,org.apache.xml.dtm.ref.sax2dtm.SAX2DTM2,38,5,1,34,112,277,20,14,26,0.796068796,2407,1.0,2,0.826732673,0.204954955,2,33,61.76315789,20,3.5263,1
xalan,2.7,xalan-2.7.csv,org.apache.xml.serializer.utils.SerializerMessages_sv,2,3,0,0,3,1,0,0,2,2.0,231,0.0,0,0.974358974,1.0,0,0,114.5,1,0.5,1
xalan,2.7,xalan-2.7.csv,org.apache.xalan.templates.FuncKey,3,5,0,14,33,1,0,14,2,1.0,178,0.5,0,0.98245614,0.75,1,7,57.66666667,1,0.3333,1
xalan,2.7,xalan-2.7.csv,org.apache.xml.serializer.WriterToUTF8Buffered,9,2,0,2,15,0,1,1,9,0.625,788,1.0,0,0.619047619,0.311111111,1,2,85.88888889,1,0.8889,3
xalan,2.7,xalan-2.7.csv,org.apache.xalan.lib.sql.XConnection,40,1,0,19,123,340,2,19,33,0.733974359,1685,1.0,4,0.0,0.211363636,0,0,40.725,13,2.3,1
xalan,2.7,xalan-2.7.csv,org.apache.xalan.xsltc.compiler.Instruction,3,2,26,36,9,3,28,8,2,2.0,24,0.0,0,0.964285714,0.5,1,2,7.0,1,0.6667,1
xalan,2.7,xalan-2.7.csv,org.apache.xalan.transformer.NodeSorter,4,1,0,9,28,2,2,8,2,0.333333333,475,0.0,1,0.0,0.583333333,0,0,117.25,1,0.75,1
xalan,2.7,xalan-2.7.csv,org.apache.xpath.res.XPATHErrorResources_ca,4,3,0,1,15,6,0,1,3,1.333333333,2120,0.0,0,0.926829268,0.333333333,0,0,495.5,2,1.0,2
xalan,2.7,xalan-2.7.csv,org.apache.xalan.xsltc.trax.SmartTransformerFactoryImpl,21,3,0,4,49,0,0,4,19,0.635714286,529,1.0,0,0.5,0.220238095,1,2,23.85714286,5,1.1429,1
xalan,2.7,xalan-2.7.csv,org.apache.xalan.templates.XUnresolvedVariableSimple,4,3,0,6,15,6,1,5,4,1.333333333,40,0.0,0,0.959459459,0.5,2,12,8.75,1,0.75,1
xalan,2.7,xalan-2.7.csv,org.apache.xml.utils.ThreadControllerWrapper,4,1,0,3,8,0,2,1,3,0.333333333,23,1.0,1,0.0,0.416666667,0,0,4.5,1,0.5,1
xalan,2.7,xalan-2.7.csv,org.apache.xml.res.XMLErrorResources_zh_CN,4,3,0,1,15,6,0,1,3,1.333333333,1166,0.0,0,0.926829268,0.333333333,0,0,271.25,2,1.0,1
xalan,2.7,xalan-2.7.csv,org.apache.xpath.axes.ContextNodeList,12,1,0,1,12,66,1,0,12,2.0,12,0.0,0,0.0,0.444444444,0,0,0.0,1,1.0,1
xalan,2.7,xalan-2.7.csv,org.apache.xpath.res.XPATHErrorResources_de,4,3,0,1,15,6,0,1,3,1.333333333,2120,0.0,0,0.926829268,0.333333333,0,0,495.5,2,1.0,2
xalan,2.7,xalan-2.7.csv,org.apache.xalan.extensions.ExtensionHandlerJava,3,2,2,3,7,0,2,1,2,0.5,32,1.0,0,0.75,0.666666667,0,0,9.0,1,0.6667,1
xalan,2.7,xalan-2.7.csv,org.apache.xalan.xsltc.compiler.CurrentCall,2,4,0,7,6,1,0,7,2,2.0,13,0.0,0,0.989690722,0.625,2,4,5.5,1,0.5,1
xalan,2.7,xalan-2.7.csv,org.apache.xpath.axes.OneStepIteratorForward,6,7,1,8,16,0,3,6,4,0.7,95,0.5,0,0.97080292,0.4,4,10,14.5,3,1.1667,2
xalan,2.7,xalan-2.7.csv,org.apache.xpath.objects.XNull,8,5,0,4,10,28,1,3,8,1.142857143,32,0.0,0,0.951048951,0.416666667,3,19,2.875,2,1.0,1
xalan,2.7,xalan-2.7.csv,org.apache.xalan.xsltc.compiler.When,7,3,0,15,25,0,3,13,6,0.5,118,1.0,1,0.903225806,0.285714286,1,6,15.57142857,5,1.4286,1
xalan,2.7,xalan-2.7.csv,org.apache.xml.utils.ObjectStack,12,2,0,5,20,24,4,1,12,2.0,161,0.0,0,0.653846154,0.395833333,1,14,12.41666667,2,1.0,1
xalan,2.7,xalan-2.7.csv,org.apache.xpath.functions.FuncTrue,3,3,0,4,4,3,0,4,3,1.5,10,0.0,0,0.95,0.5,1,6,2.0,1,0.6667,1
xalan,2.7,xalan-2.7.csv,org.apache.xalan.templates.ElemForEach,19,3,1,24,85,91,5,20,17,0.805555556,502,0.5,2,0.91588785,0.127819549,2,6,25.10526316,4,1.2632,1
xalan,2.7,xalan-2.7.csv,org.apache.xalan.extensions.ExtensionHandlerJavaClass,7,3,0,13,53,1,1,12,6,0.7,911,0.4,0,0.571428571,0.349206349,2,6,128.4285714,8,2.1429,2
xalan,2.7,xalan-2.7.csv,org.apache.xml.utils.XMLReaderManager,5,1,0,4,22,6,4,0,3,0.958333333,136,1.0,1,0.0,0.5,0,0,25.0,3,1.0,1
xalan,2.7,xalan-2.7.csv,org.apache.xpath.res.XPATHErrorResources_es,4,3,0,1,15,6,0,1,3,1.333333333,2120,0.0,0,0.926829268,0.333333333,0,0,495.5,2,1.0,2
xalan,2.7,xalan-2.7.csv,org.apache.xpath.res.XPATHErrorResources_en,1,4,0,1,2,0,0,1,1,2.0,4,0.0,0,1.0,1.0,0,0,3.0,0,0.0,1
xalan,2.7,xalan-2.7.csv,org.apache.xalan.xsltc.dom.KeyIndex,20,2,0,9,39,34,2,7,20,0.778947368,399,1.0,4,0.40625,0.242857143,1,7,18.7,11,2.6,2
xalan,2.7,xalan-2.7.csv,org.apache.xalan.xsltc.compiler.util.ErrorMessages_es,2,3,0,0,3,1,0,0,2,2.0,1243,0.0,0,0.974358974,1.0,0,0,620.5,1,0.5,2
xalan,2.7,xalan-2.7.csv,org.apache.xalan.xsltc.dom.StepIterator,8,2,1,4,21,0,2,3,8,0.333333333,158,1.0,2,0.65,0.34375,1,5,18.375,3,1.5,1
xalan,2.7,xalan-2.7.csv,org.apache.xml.dtm.ref.NodeLocator,6,1,0,1,11,0,1,0,6,0.65,57,1.0,0,0.0,0.444444444,0,0,7.833333333,1,0.8333,1
xalan,2.7,xalan-2.7.csv,org.apache.xml.dtm.DTMFilter,2,1,0,6,2,1,6,0,2,2.0,17,0.0,0,0.0,1.0,0,0,0.0,1,1.0,1
xalan,2.7,xalan-2.7.csv,org.apache.xpath.domapi.XPathEvaluatorImpl,5,1,0,6,16,4,1,6,5,0.25,84,1.0,0,0.0,0.4,0,0,15.6,2,0.8,1
xalan,2.7,xalan-2.7.csv,org.apache.xalan.xsltc.compiler.NumberCall,3,4,0,11,15,3,0,11,3,2.0,59,0.0,0,0.979591837,0.444444444,3,13,18.66666667,3,1.3333,1
xalan,2.7,xalan-2.7.csv,org.apache.xalan.processor.ProcessorNamespaceAlias,2,4,0,6,18,1,1,5,1,2.0,92,0.0,0,0.995260664,0.625,3,4,44.5,1,0.5,1
xalan,2.7,xalan-2.7.csv,org.apache.xpath.axes.PathComponent,1,1,0,8,1,0,8,0,1,2.0,1,0.0,0,0.0,1.0,0,0,0.0,1,1.0,1
xalan,2.7,xalan-2.7.csv,org.apache.xalan.lib.ExsltSets,7,2,0,4,23,21,1,3,7,2.0,258,0.0,0,0.25,0.5,0,0,35.85714286,6,3.5714,2
xalan,2.7,xalan-2.7.csv,org.apache.xalan.xsltc.trax.OutputSettings,2,1,0,0,4,1,0,0,2,1.0,47,1.0,0,0.0,1.0,0,0,18.0,1,0.5,1
xalan,2.7,xalan-2.7.csv,org.apache.xml.utils.ListingErrorHandler,17,1,0,4,54,50,0,4,16,0.65625,569,1.0,0,0.0,0.196078431,0,0,32.23529412,14,1.8824,1
xalan,2.7,xalan-2.7.csv,org.apache.xml.dtm.DTMException,16,4,1,12,41,12,11,1,15,0.7,390,0.0,0,0.607142857,0.302083333,1,2,23.125,10,2.0625,1
xalan,2.7,xalan-2.7.csv,org.apache.xalan.extensions.ExtensionsTable,7,1,0,9,25,0,2,7,7,0.5,199,0.5,1,0.0,0.357142857,0,0,27.14285714,1,0.8571,2
xalan,2.7,xalan-2.7.csv,org.apache.xpath.functions.FuncNot,2,4,0,5,5,1,0,5,2,2.0,16,0.0,0,0.979591837,0.75,1,6,6.5,1,0.5,1
xalan,2.7,xalan-2.7.csv,org.apache.xalan.processor.ProcessorTemplate,2,5,0,6,8,1,1,5,0,2.0,20,0.0,0,0.995327103,0.666666667,1,1,8.5,1,0.5,1
xalan,2.7,xalan-2.7.csv,org.apache.xpath.functions.FuncSubstringAfter,2,5,0,6,8,1,0,6,2,2.0,35,0.0,0,0.98245614,0.75,1,6,16.0,1,0.5,1
xalan,2.7,xalan-2.7.csv,org.apache.xalan.xsltc.compiler.IdPattern,1,6,0,1,2,0,1,1,1,2.0,6,0.0,0,1.0,1.0,0,0,5.0,0,0.0,1
xalan,2.7,xalan-2.7.csv,org.apache.xalan.extensions.ExpressionContext,7,1,0,20,7,21,18,3,7,2.0,7,0.0,0,0.0,0.476190476,0,0,0.0,1,1.0,1
xalan,2.7,xalan-2.7.csv,org.apache.xalan.templates.ElemWhen,7,3,0,9,16,9,1,8,6,0.833333333,56,0.5,1,0.97029703,0.314285714,2,5,6.714285714,2,1.0,1
xalan,2.7,xalan-2.7.csv,org.apache.xalan.xsltc.dom.NodeIteratorBase,11,1,0,2,18,19,0,2,9,0.75,138,1.0,0,0.0,0.424242424,0,0,11.0,3,1.2727,1
xalan,2.7,xalan-2.7.csv,org.apache.xpath.XPath,18,1,0,63,65,81,49,14,17,0.950980392,560,0.25,2,0.0,0.222222222,0,0,29.44444444,2,0.8889,1
xalan,2.7,xalan-2.7.csv,org.apache.xml.dtm.ref.sax2dtm.SAX2DTM,76,4,2,24,192,2368,4,21,66,0.907096774,2505,0.967741935,11,0.562874251,0.135111111,2,20,31.55263158,13,2.2895,1
xalan,2.7,xalan-2.7.csv,org.apache.xpath.operations.Div,3,3,0,7,7,3,2,5,3,1.5,26,0.0,0,0.953488372,0.555555556,1,1,7.333333333,1,0.6667,1
xalan,2.7,xalan-2.7.csv,org.apache.xalan.xsltc.compiler.Sort,20,3,0,57,109,130,2,57,15,0.847953216,1543,1.0,4,0.746666667,0.236363636,1,4,75.7,11,2.5,2
xalan,2.7,xalan-2.7.csv,org.apache.xalan.templates.ElemElement,12,4,1,16,48,18,2,14,9,0.727272727,334,0.666666667,2,0.948356808,0.229166667,2,6,26.58333333,4,1.1667,1
xalan,2.7,xalan-2.7.csv,org.apache.xpath.axes.HasPositionalPredChecker,4,2,0,17,7,0,1,16,4,0.166666667,93,1.0,0,0.8,0.4,0,0,21.75,12,4.0,1
xalan,2.7,xalan-2.7.csv,org.apache.xalan.xsltc.compiler.util.NodeCounterGenerator,4,4,0,5,6,4,1,4,4,0.666666667,26,1.0,0,0.964285714,0.45,0,0,5.25,1,0.75,1
xalan,2.7,xalan-2.7.csv,org.apache.xpath.functions.WrongNumberArgsException,1,3,0,12,2,0,12,0,1,2.0,6,0.0,0,1.0,1.0,0,0,4.0,0,0.0,1
xalan,2.7,xalan-2.7.csv,org.apache.xalan.xsltc.compiler.TopLevelElement,5,2,10,24,17,10,14,10,4,2.0,56,0.0,0,0.931034483,0.44,1,4,10.2,1,0.8,2
xalan,2.7,xalan-2.7.csv,org.apache.xalan.xsltc.compiler.XslAttribute,6,3,0,39,72,0,3,37,5,0.52,550,1.0,2,0.918032787,0.305555556,2,10,89.83333333,30,7.5,2
xalan,2.7,xalan-2.7.csv,org.apache.xalan.lib.ObjectFactory,13,1,0,3,49,64,1,2,0,0.916666667,699,0.833333333,0,0.0,0.3125,0,0,52.30769231,16,2.4615,1
xalan,2.7,xalan-2.7.csv,org.apache.xalan.processor.ProcessorLRE,5,5,1,18,77,10,2,17,3,1.25,482,0.0,0,0.98156682,0.48,4,6,95.2,3,1.2,2
xalan,2.7,xalan-2.7.csv,org.apache.xpath.axes.FilterExprIterator,14,6,0,11,32,0,1,11,11,0.8,164,0.8,2,0.914285714,0.234693878,4,8,10.35714286,3,1.2143,1
xalan,2.7,xalan-2.7.csv,org.apache.xpath.res.XPATHMessages,5,2,1,6,13,4,5,1,4,0.875,115,1.0,0,0.666666667,0.5,0,0,21.6,7,2.6,1
xalan,2.7,xalan-2.7.csv,org.apache.xalan.lib.sql.SQLDocument,17,5,0,13,97,20,1,13,10,0.8125,1504,1.0,4,0.92195122,0.191176471,2,8,83.64705882,23,3.6471,1
xalan,2.7,xalan-2.7.csv,org.apache.xml.utils.ObjectVector,21,1,1,5,23,0,5,0,21,0.3375,516,1.0,0,0.0,0.5,0,0,23.38095238,4,1.7143,1
xalan,2.7,xalan-2.7.csv,org.apache.xalan.client.XSLTProcessorApplet,30,5,0,2,83,319,1,2,21,0.885057471,815,0.904761905,1,0.940206186,0.28,3,5,25.46666667,10,1.5,2
xalan,2.7,xalan-2.7.csv,org.apache.xalan.xslt.Process,7,1,0,10,115,21,0,10,2,2.0,2122,0.0,0,0.0,0.25,0,0,302.1428571,143,21.1429,2
xalan,2.7,xalan-2.7.csv,org.apache.xml.serializer.ExtendedLexicalHandler,1,1,0,1,1,0,1,0,1,2.0,1,0.0,0,0.0,1.0,0,0,0.0,1,1.0,1
xalan,2.7,xalan-2.7.csv,org.apache.xml.utils.NamespaceSupport2,11,2,0,3,26,0,2,2,11,0.55,127,0.5,1,0.583333333,0.409090909,1,3,10.36363636,3,1.3636,1
xalan,2.7,xalan-2.7.csv,org.apache.xml.serializer.XSLOutputAttributes,19,1,0,1,19,171,1,0,19,2.0,19,0.0,0,0.0,0.381578947,0,0,0.0,1,1.0,2
xalan,2.7,xalan-2.7.csv,org.apache.xalan.xsltc.compiler.AlternativePattern,8,4,0,15,27,0,1,14,8,0.142857143,135,1.0,2,0.925531915,0.270833333,2,3,15.625,2,1.0,1
xalan,2.7,xalan-2.7.csv,org.apache.xalan.lib.ExsltBase,3,1,4,5,14,3,4,1,1,2.0,62,0.0,0,0.0,0.5,0,0,19.66666667,4,1.6667,1
xalan,2.7,xalan-2.7.csv,org.apache.xalan.transformer.KeyManager,2,1,0,10,14,0,2,8,2,0.0,104,1.0,0,0.0,0.583333333,0,0,50.5,1,0.5,1
xalan,2.7,xalan-2.7.csv,org.apache.xalan.xsltc.compiler.Param,8,4,0,40,70,8,11,34,7,0.714285714,435,1.0,0,0.915662651,0.267857143,3,18,53.25,8,2.625,2
xalan,2.7,xalan-2.7.csv,org.apache.xml.serializer.SerializerConstants,0,1,0,1,0,0,1,0,0,2.0,15,0.0,0,0.0,0.0,0,0,0.0,0,0.0,2
xalan,2.7,xalan-2.7.csv,org.apache.xalan.xsltc.compiler.Otherwise,4,3,0,12,12,6,3,10,3,2.0,43,0.0,0,0.949152542,0.4,1,4,9.75,1,0.75,1
xalan,2.7,xalan-2.7.csv,org.apache.xpath.XPathVisitable,1,1,0,3,1,0,1,2,1,2.0,1,0.0,0,0.0,1.0,0,0,0.0,1,1.0,1
xalan,2.7,xalan-2.7.csv,org.apache.xpath.functions.FuncCount,2,4,0,6,8,1,0,6,2,2.0,24,0.0,0,0.979591837,0.75,1,6,10.5,1,0.5,1
xalan,2.7,xalan-2.7.csv,org.apache.xalan.res.XSLTErrorResources_cs,4,3,0,1,15,6,0,1,3,1.333333333,4270,0.0,0,0.926829268,0.333333333,0,0,1005.75,2,1.0,2
xalan,2.7,xalan-2.7.csv,org.apache.xalan.lib.ExsltDatetime,45,1,0,3,84,990,0,3,37,1.022727273,1526,0.0,0,0.0,0.172222222,0,0,32.71111111,10,1.6,2
xalan,2.7,xalan-2.7.csv,org.apache.xalan.templates.ElemTextLiteral,11,3,0,9,22,29,6,4,11,0.88,127,0.8,0,0.951456311,0.340909091,2,5,10.09090909,2,1.0,1
xalan,2.7,xalan-2.7.csv,org.apache.xalan.xsltc.dom.MatchingIterator,10,2,0,3,23,0,0,3,10,0.5,116,1.0,1,0.590909091,0.35,1,8,10.4,4,1.3,1
xalan,2.7,xalan-2.7.csv,org.apache.xalan.processor.ProcessorInclude,8,4,1,11,50,22,2,9,4,0.785714286,287,0.5,0,0.967741935,0.425,1,1,34.625,1,0.875,3
xalan,2.7,xalan-2.7.csv,org.apache.xalan.lib.ExsltCommon,3,1,0,6,6,3,0,6,3,2.0,41,0.0,0,0.0,0.444444444,0,0,12.66666667,6,2.3333,1
xalan,2.7,xalan-2.7.csv,org.apache.xalan.xsltc.compiler.ParentLocationPath,11,4,0,24,48,0,1,24,11,0.64,430,1.0,3,0.879518072,0.204545455,2,7,37.63636364,35,4.8182,2
xalan,2.7,xalan-2.7.csv,org.apache.xml.serializer.SerializerTraceWriter,10,2,0,3,20,0,1,2,8,0.311111111,532,1.0,1,0.590909091,0.283333333,1,2,51.7,2,1.0,1
xalan,2.7,xalan-2.7.csv,org.apache.xalan.xsltc.dom.MultiDOM,54,1,0,16,115,277,4,14,52,0.870283019,803,1.0,4,0.0,0.171296296,0,0,13.72222222,11,1.6111,1
xalan,2.7,xalan-2.7.csv,org.apache.xalan.serialize.SerializerFactory,2,1,0,4,5,1,0,4,1,2.0,15,0.0,0,0.0,0.5,0,0,6.5,1,0.5,1
xalan,2.7,xalan-2.7.csv,org.apache.xml.res.XMLErrorResources_de,4,3,0,1,15,6,0,1,3,1.333333333,1166,0.0,0,0.926829268,0.333333333,0,0,271.25,2,1.0,2
xalan,2.7,xalan-2.7.csv,org.apache.xalan.serialize.DOMSerializer,0,1,0,4,0,0,3,1,0,2.0,0,0.0,0,0.0,0.0,0,0,0.0,0,0.0,1
xalan,2.7,xalan-2.7.csv,org.apache.xml.utils.RawCharacterHandler,1,1,0,0,1,0,0,0,1,2.0,1,0.0,0,0.0,1.0,0,0,0.0,1,1.0,1
xalan,2.7,xalan-2.7.csv,org.apache.xml.utils.StringToStringTable,11,1,0,1,15,0,1,0,11,0.45,286,1.0,0,0.0,0.606060606,0,0,24.63636364,4,2.1818,1
xalan,2.7,xalan-2.7.csv,org.apache.xalan.xsltc.compiler.UnparsedEntityUriCall,3,4,0,15,14,0,0,15,3,0.0,63,1.0,1,0.979591837,0.444444444,3,13,19.66666667,1,0.6667,1
xalan,2.7,xalan-2.7.csv,org.apache.xalan.trace.TraceListenerEx3,2,1,0,4,2,1,2,2,2,2.0,2,0.0,0,0.0,1.0,0,0,0.0,1,1.0,1
xalan,2.7,xalan-2.7.csv,org.apache.xalan.xsltc.compiler.Copy,5,3,0,29,45,4,1,29,4,0.5,267,1.0,1,0.933333333,0.333333333,1,6,52.2,4,1.8,2
xalan,2.7,xalan-2.7.csv,org.apache.xalan.xsltc.dom.StripWhitespaceFilter,1,1,0,1,1,0,0,1,1,2.0,1,0.0,0,0.0,1.0,0,0,0.0,1,1.0,1
xalan,2.7,xalan-2.7.csv,org.apache.xalan.processor.TransformerFactoryImpl,23,3,0,15,74,113,4,12,21,0.876033058,899,0.545454545,0,0.476190476,0.202898551,1,2,37.60869565,19,1.7391,1
xalan,2.7,xalan-2.7.csv,org.apache.xml.utils.StringComparable,8,1,0,1,23,10,1,0,4,0.767857143,390,0.625,0,0.0,0.375,0,0,46.75,19,4.875,1
xalan,2.7,xalan-2.7.csv,org.apache.xalan.xsltc.compiler.util.SecuritySupport12,9,2,0,9,23,36,9,9,0,2.0,82,0.0,0,0.529411765,0.444444444,0,0,8.111111111,1,0.8889,1
xalan,2.7,xalan-2.7.csv,org.apache.xpath.ExpressionOwner,2,1,0,55,2,1,54,1,2,2.0,2,0.0,0,0.0,0.75,0,0,0.0,1,1.0,1
xalan,2.7,xalan-2.7.csv,org.apache.xalan.xsltc.compiler.DocumentCall,3,4,0,21,26,0,0,21,3,0.166666667,246,1.0,3,0.979591837,0.444444444,3,14,80.0,4,1.6667,1
xalan,2.7,xalan-2.7.csv,org.apache.xalan.xsltc.compiler.GenerateIdCall,2,4,0,10,12,1,0,10,2,2.0,39,0.0,0,0.989690722,0.6,2,4,18.5,2,1.0,1
xalan,2.7,xalan-2.7.csv,org.apache.xalan.xsltc.compiler.CastCall,3,4,0,17,19,1,0,17,3,0.5,107,1.0,1,0.979591837,0.444444444,3,14,34.0,1,0.6667,1
xalan,2.7,xalan-2.7.csv,org.apache.xalan.xsltc.compiler.ObjectFactory,13,1,0,5,49,64,3,2,0,0.916666667,699,0.833333333,0,0.0,0.3125,0,0,52.30769231,16,2.4615,1
xalan,2.7,xalan-2.7.csv,org.apache.xalan.templates.ElemWithParam,12,3,0,20,41,14,2,18,11,0.872727273,200,0.4,2,0.946859903,0.194444444,2,10,15.25,3,1.1667,1
xalan,2.7,xalan-2.7.csv,org.apache.xml.res.XMLErrorResources_fr,4,3,0,1,15,6,0,1,3,1.333333333,1166,0.0,0,0.926829268,0.333333333,0,0,271.25,2,1.0,2
xalan,2.7,xalan-2.7.csv,org.apache.xalan.xsltc.compiler.LogicalExpr,11,3,0,18,43,0,0,18,10,0.633333333,375,0.666666667,2,0.8875,0.257142857,2,9,32.54545455,8,2.4545,1
xalan,2.7,xalan-2.7.csv,org.apache.xml.serializer.utils.AttList,13,1,0,2,27,0,1,1,13,0.694444444,168,0.0,1,0.0,0.4,0,0,11.69230769,6,1.6923,1
xalan,2.7,xalan-2.7.csv,org.apache.xalan.transformer.KeyRefIterator,3,7,0,15,26,0,0,15,2,0.3,172,0.6,3,0.985185185,0.444444444,3,4,54.66666667,6,3.0,1
xalan,2.7,xalan-2.7.csv,org.apache.xalan.processor.ProcessorPreserveSpace,2,4,1,9,14,1,2,7,1,2.0,51,0.0,0,0.995260664,0.625,2,2,24.0,1,0.5,1
xalan,2.7,xalan-2.7.csv,org.apache.xpath.operations.Plus,3,3,0,7,7,3,2,5,3,1.5,26,0.0,0,0.953488372,0.555555556,1,1,7.333333333,1,0.6667,1
xalan,2.7,xalan-2.7.csv,org.apache.xalan.xsltc.util.IntegerArray,24,1,0,5,30,0,5,0,21,0.543478261,486,1.0,0,0.0,0.316666667,0,0,19.08333333,8,1.7083,1
xalan,2.7,xalan-2.7.csv,org.apache.xalan.xsltc.runtime.SecuritySupport12,9,2,0,9,23,36,9,9,0,2.0,82,0.0,0,0.529411765,0.444444444,0,0,8.111111111,1,0.8889,1
xalan,2.7,xalan-2.7.csv,org.apache.xalan.transformer.TreeWalker2Result,4,2,0,7,24,0,1,6,2,0.444444444,146,0.0,2,0.727272727,0.5625,1,4,34.75,1,0.75,1
xalan,2.7,xalan-2.7.csv,org.apache.xalan.xsltc.dom.AdaptiveResultTreeImpl,122,3,0,16,346,0,2,15,119,0.80755608,1640,1.0,3,0.63190184,0.13553719,1,18,12.3852459,2,1.7541,1
xalan,2.7,xalan-2.7.csv,org.apache.xml.utils.StringToStringTableVector,10,1,0,1,14,0,0,1,10,0.472222222,180,1.0,1,0.0,0.4,0,0,16.6,3,1.6,1
xalan,2.7,xalan-2.7.csv,org.apache.xml.serializer.utils.SerializerMessages_ca,2,3,0,0,3,1,0,0,2,2.0,426,0.0,0,0.974358974,1.0,0,0,212.0,1,0.5,3
xalan,2.7,xalan-2.7.csv,org.apache.xalan.xsltc.CollatorFactory,2,1,0,2,2,1,2,0,2,2.0,2,0.0,0,0.0,0.666666667,0,0,0.0,1,1.0,1
xalan,2.7,xalan-2.7.csv,org.apache.xpath.compiler.Keywords,6,1,0,2,11,7,2,0,1,1.172413793,300,0.396551724,0,0.0,0.5,0,0,39.33333333,1,0.6667,1
xalan,2.7,xalan-2.7.csv,org.apache.xml.res.XMLErrorResources_hu,4,3,0,1,15,6,0,1,3,1.333333333,1166,0.0,0,0.926829268,0.333333333,0,0,271.25,2,1.0,2
xalan,2.7,xalan-2.7.csv,org.apache.xpath.res.XPATHErrorResources_sv,2,4,0,1,3,1,0,1,2,2.0,1867,0.0,0,0.976190476,1.0,0,0,926.0,1,0.5,1
xalan,2.7,xalan-2.7.csv,org.apache.xalan.xsltc.compiler.ApplyImports,7,3,0,17,41,15,0,17,5,0.75,205,1.0,1,0.903225806,0.30952381,1,4,28.0,3,1.4286,2
xalan,2.7,xalan-2.7.csv,org.apache.xpath.functions.FunctionMultiArgs,9,6,1,9,24,6,2,8,8,0.75,219,0.0,1,0.888888889,0.355555556,5,22,23.11111111,7,2.3333,1
xalan,2.7,xalan-2.7.csv,org.apache.xml.serializer.utils.SerializerMessages_de,2,3,0,0,3,1,0,0,2,2.0,374,0.0,0,0.974358974,1.0,0,0,186.0,1,0.5,3
xalan,2.7,xalan-2.7.csv,org.apache.xml.serializer.ToHTMLStream,40,3,0,16,124,578,2,14,27,0.891025641,2858,0.875,4,0.816425121,0.166666667,3,32,70.25,3,1.125,7
xalan,2.7,xalan-2.7.csv,org.apache.xml.serializer.utils.SerializerMessages_cs,2,3,0,0,3,1,0,0,2,2.0,374,0.0,0,0.974358974,1.0,0,0,186.0,1,0.5,3
xalan,2.7,xalan-2.7.csv,org.apache.xalan.xsltc.trax.TransformerImpl,39,2,0,26,168,427,4,23,22,0.895833333,1749,1.0,7,0.26,0.122171946,0,0,43.23076923,20,2.641,3
xalan,2.7,xalan-2.7.csv,org.apache.xpath.patterns.StepPattern,31,3,2,23,79,239,12,13,26,0.783333333,1095,0.333333333,2,0.641975309,0.180107527,2,9,34.12903226,17,3.0645,1
xalan,2.7,xalan-2.7.csv,org.apache.xpath.functions.FuncId,3,4,0,11,27,3,0,11,2,1.5,170,0.0,0,0.96,0.476190476,1,7,55.33333333,8,3.0,1
xalan,2.7,xalan-2.7.csv,org.apache.xml.dtm.ref.sax2dtm.SAX2RTFDTM,9,5,0,11,32,8,2,9,8,0.821428571,443,0.142857143,6,0.954285714,0.26984127,2,20,46.66666667,10,2.8889,1
xalan,2.7,xalan-2.7.csv,org.apache.xalan.res.XSLTErrorResources_zh_CN,4,3,0,1,15,6,0,1,3,1.333333333,4270,0.0,0,0.926829268,0.333333333,0,0,1005.75,2,1.0,2
xalan,2.7,xalan-2.7.csv,org.apache.xalan.templates.Stylesheet,75,3,1,43,122,2607,33,17,71,0.968648649,1156,0.88,4,0.725925926,0.073043478,3,19,14.08,16,1.84,1
xalan,2.7,xalan-2.7.csv,org.apache.xalan.xsltc.dom.LoadDocument,7,1,0,19,48,21,0,19,3,1.166666667,393,1.0,0,0.0,0.469387755,0,0,55.0,1,0.8571,1
xalan,2.7,xalan-2.7.csv,org.apache.xalan.xsltc.compiler.AttributeValue,2,3,2,11,8,1,8,5,1,2.0,44,0.0,0,0.986111111,0.5,0,0,21.0,3,1.5,1
xalan,2.7,xalan-2.7.csv,org.apache.xalan.templates.WhiteSpaceInfo,4,4,1,9,8,4,7,4,4,1.0,31,0.5,0,0.99086758,0.45,0,0,6.25,1,0.5,1
xalan,2.7,xalan-2.7.csv,org.apache.xalan.xsltc.cmdline.getopt.GetOpt,5,1,0,6,36,0,3,5,5,0.65,330,1.0,2,0.0,0.466666667,0,0,64.0,3,1.6,1
xalan,2.7,xalan-2.7.csv,org.apache.xpath.res.XPATHErrorResources_tr,4,3,0,1,15,6,0,1,3,1.333333333,2120,0.0,0,0.926829268,0.333333333,0,0,495.5,2,1.0,2
xalan,2.7,xalan-2.7.csv,org.apache.xml.serializer.ToTextSAXHandler,41,3,0,4,56,784,2,2,41,2.0,223,0.0,0,0.74,0.155722326,2,9,4.43902439,1,0.9512,2
xalan,2.7,xalan-2.7.csv,org.apache.xml.res.XMLErrorResources_ja,4,3,0,1,15,6,0,1,3,1.333333333,1166,0.0,0,0.926829268,0.333333333,0,0,271.25,2,1.0,2
xalan,2.7,xalan-2.7.csv,org.apache.xml.utils.XMLChar,24,1,0,1,30,204,1,0,23,0.975845411,3239,0.111111111,0,0.0,0.25,0,0,133.5833333,17,4.0,1
xalan,2.7,xalan-2.7.csv,org.apache.xml.res.XMLErrorResources_cs,4,3,0,1,15,6,0,1,3,1.333333333,1166,0.0,0,0.926829268,0.333333333,0,0,271.25,2,1.0,2
xalan,2.7,xalan-2.7.csv,org.apache.xalan.processor.ProcessorText,3,5,0,7,10,3,1,6,2,1.5,41,0.0,0,0.990697674,0.583333333,2,4,12.33333333,1,0.6667,1
xalan,2.7,xalan-2.7.csv,org.apache.xalan.xsltc.runtime.ErrorMessages,2,3,0,0,3,1,0,0,2,2.0,320,0.0,0,0.974358974,1.0,0,0,159.0,1,0.5,1
xalan,2.7,xalan-2.7.csv,org.apache.xalan.xsltc.compiler.Comment,4,3,0,19,27,6,1,18,3,2.0,161,0.0,0,0.949152542,0.4,1,4,39.25,5,1.75,1
xalan,2.7,xalan-2.7.csv,org.apache.xalan.xsltc.compiler.Fallback,6,3,0,10,12,0,1,9,5,0.2,49,1.0,0,0.918032787,0.333333333,1,3,7.0,2,1.1667,1
xalan,2.7,xalan-2.7.csv,org.apache.xml.res.XMLErrorResources_ca,4,3,0,1,15,6,0,1,3,1.333333333,1166,0.0,0,0.926829268,0.333333333,0,0,271.25,2,1.0,2
xalan,2.7,xalan-2.7.csv,org.apache.xpath.res.XPATHErrorResources_zh_CN,4,3,0,1,15,6,0,1,3,1.333333333,2120,0.0,0,0.926829268,0.333333333,0,0,495.5,2,1.0,2
xalan,2.7,xalan-2.7.csv,org.apache.xalan.xsltc.compiler.PositionCall,3,4,0,13,12,3,1,12,3,2.0,56,0.0,0,0.979591837,0.5,2,4,17.66666667,3,1.3333,1
xalan,2.7,xalan-2.7.csv,org.apache.xalan.templates.ElemVariablePsuedo,3,4,0,8,9,1,1,7,3,1.0,27,0.0,1,0.99086758,0.555555556,0,0,7.333333333,1,0.6667,1
xalan,2.7,xalan-2.7.csv,org.apache.xalan.templates.XSLTVisitor,9,2,1,20,10,36,19,6,9,2.0,28,0.0,0,0.6,0.314814815,0,0,2.111111111,1,0.8889,1
xalan,2.7,xalan-2.7.csv,org.apache.xml.utils.SecuritySupport,11,1,1,2,20,53,2,1,0,0.9,90,1.0,0,0.0,0.4,0,0,7.090909091,2,0.9091,1
xalan,2.7,xalan-2.7.csv,org.apache.xml.serializer.TransformStateSetter,2,1,0,4,2,1,4,0,2,2.0,2,0.0,0,0.0,0.666666667,0,0,0.0,1,1.0,1
xalan,2.7,xalan-2.7.csv,org.apache.xpath.compiler.FunctionTable,8,1,0,6,22,0,5,1,3,1.046382189,931,0.090909091,0,0.0,0.464285714,0,0,105.75,3,1.5,1
xalan,2.7,xalan-2.7.csv,org.apache.xalan.processor.ProcessorGlobalVariableDecl,3,5,0,6,10,3,1,5,1,1.5,31,0.0,0,0.990697674,0.583333333,1,2,9.0,1,0.6667,1
xalan,2.7,xalan-2.7.csv,org.apache.xalan.xsltc.compiler.WithParam,10,3,0,24,46,19,1,23,9,0.666666667,250,1.0,2,0.861538462,0.2375,1,7,23.6,4,1.6,1
xalan,2.7,xalan-2.7.csv,org.apache.xpath.axes.WalkerFactory,51,1,0,25,114,1275,11,23,40,1.02,2140,0.0,0,0.0,0.181372549,0,0,40.45098039,18,3.3333,2
xalan,2.7,xalan-2.7.csv,org.apache.xpath.axes.SubContextList,2,1,0,7,2,1,7,1,2,2.0,2,0.0,0,0.0,1.0,0,0,0.0,1,1.0,1
xalan,2.7,xalan-2.7.csv,org.apache.xml.dtm.ref.DTMChildIterNodeList,4,2,0,3,8,0,1,2,3,0.333333333,62,1.0,1,0.5,0.583333333,0,0,14.0,4,1.5,1
xalan,2.7,xalan-2.7.csv,org.apache.xalan.xsltc.runtime.ErrorMessages_fr,2,3,0,0,3,1,0,0,2,2.0,229,0.0,0,0.974358974,1.0,0,0,113.5,1,0.5,2
xalan,2.7,xalan-2.7.csv,org.apache.xpath.objects.Comparator,3,1,6,8,4,3,7,1,0,2.0,6,0.0,0,0.0,0.555555556,0,0,1.0,1,0.6667,0
xalan,2.7,xalan-2.7.csv,org.apache.xalan.templates.ElemNumber,42,3,0,33,145,619,5,31,27,0.87398374,2405,0.916666667,10,0.830508475,0.136298422,2,7,55.97619048,26,2.0952,1
xalan,2.7,xalan-2.7.csv,org.apache.xpath.compiler.OpCodes,1,1,0,0,2,0,0,0,1,2.0,68,0.015625,0,0.0,1.0,0,0,3.0,0,0.0,1
xalan,2.7,xalan-2.7.csv,org.apache.xml.serializer.WriterChain,9,1,0,3,9,36,3,0,9,2.0,9,0.0,0,0.0,0.444444444,0,0,0.0,1,1.0,1
xalan,2.7,xalan-2.7.csv,org.apache.xpath.domapi.XPathStylesheetDOM3Exception,1,4,0,2,2,0,2,0,1,2.0,6,0.0,0,1.0,1.0,0,0,5.0,0,0.0,0
xalan,2.7,xalan-2.7.csv,org.apache.xml.dtm.ref.DTMSafeStringPool,5,2,0,1,15,10,0,1,5,2.0,305,0.0,0,0.5,0.35,2,5,60.0,8,2.2,1
xalan,2.7,xalan-2.7.csv,org.apache.xpath.compiler.XPathParser,59,1,0,14,101,0,3,12,5,0.706896552,3358,0.5,3,0.0,0.166101695,0,0,55.71186441,6,1.4915,1
xalan,2.7,xalan-2.7.csv,org.apache.xalan.xsltc.dom.DOMAdapter,58,1,0,12,117,0,5,7,54,0.840643275,611,1.0,3,0.0,0.194827586,0,0,9.327586207,3,1.3793,1
xalan,2.7,xalan-2.7.csv,org.apache.xml.dtm.ref.dom2dtm.DOM2DTMdefaultNamespaceDeclarationNode,49,1,0,3,69,1150,2,1,48,0.9375,451,0.0,0,0.0,0.191326531,0,0,8.081632653,18,1.7551,1
xalan,2.7,xalan-2.7.csv,org.apache.xml.utils.XMLCharacterRecognizer,5,1,0,7,10,10,7,0,5,2.0,85,0.0,0,0.0,0.2,0,0,16.0,5,3.0,1
xalan,2.7,xalan-2.7.csv,org.apache.xml.dtm.ref.DTMTreeWalker,10,1,1,6,41,0,3,3,7,0.333333333,437,0.666666667,1,0.0,0.475,0,0,42.4,1,0.8,1
xalan,2.7,xalan-2.7.csv,org.apache.xml.serializer.ElemContext,5,1,0,8,6,0,7,1,0,0.35,123,0.1,3,0.0,0.466666667,0,0,21.6,2,1.0,1
xalan,2.7,xalan-2.7.csv,org.apache.xml.utils.LocaleUtility,2,1,0,1,13,1,1,0,2,2.0,103,0.0,0,0.0,0.5,0,0,49.5,10,5.0,1
xalan,2.7,xalan-2.7.csv,org.apache.xalan.xsltc.dom.MultipleNodeCounter,4,2,1,6,21,0,1,6,4,0.333333333,196,1.0,1,0.823529412,0.5,1,4,47.75,16,4.5,1
xalan,2.7,xalan-2.7.csv,org.apache.xalan.xsltc.runtime.ErrorMessages_es,2,3,0,0,3,1,0,0,2,2.0,229,0.0,0,0.974358974,1.0,0,0,113.5,1,0.5,2
xalan,2.7,xalan-2.7.csv,org.apache.xml.serializer.ToXMLStream,17,3,0,12,83,66,2,10,13,0.875,694,0.5,1,0.918478261,0.325,3,31,39.70588235,6,1.2353,5
xalan,2.7,xalan-2.7.csv,org.apache.xml.utils.PrefixResolverDefault,5,1,1,4,22,8,3,1,5,0.75,122,0.0,0,0.0,0.6,0,0,23.2,13,3.2,1
xalan,2.7,xalan-2.7.csv,org.apache.xalan.lib.ExsltStrings,10,2,0,3,34,45,0,3,10,2.0,341,0.0,0,0.181818182,0.275,0,0,33.1,5,2.6,1
xalan,2.7,xalan-2.7.csv,org.apache.xalan.xsltc.compiler.SourceLoader,1,1,0,6,1,0,6,1,1,2.0,1,0.0,0,0.0,1.0,0,0,0.0,1,1.0,1
xalan,2.7,xalan-2.7.csv,org.apache.xml.utils.SuballocatedByteVector,18,1,0,0,20,3,0,0,10,0.329411765,830,1.0,0,0.0,0.685185185,0,0,44.83333333,8,3.1111,1
xalan,2.7,xalan-2.7.csv,org.apache.xpath.operations.Lte,2,3,0,4,4,1,1,3,2,2.0,14,0.0,0,0.976190476,0.75,1,1,5.5,1,0.5,1
xalan,2.7,xalan-2.7.csv,org.apache.xalan.xsltc.compiler.FilterParentPath,6,3,0,28,37,0,1,27,6,0.333333333,263,1.0,2,0.934210526,0.305555556,2,7,42.33333333,4,1.3333,3
xalan,2.7,xalan-2.7.csv,org.apache.xml.serializer.ToHTMLSAXHandler,42,3,0,6,69,759,2,4,40,0.914634146,399,1.0,0,0.735099338,0.146520147,3,14,8.452380952,2,0.9762,3
xalan,2.7,xalan-2.7.csv,org.apache.xml.utils.AttList,13,1,0,2,27,0,1,1,13,0.694444444,168,0.0,1,0.0,0.4,0,0,11.69230769,6,1.6923,1
xalan,2.7,xalan-2.7.csv,org.apache.xalan.xsltc.trax.TemplatesHandlerImpl,17,1,0,9,73,0,1,9,16,0.78125,345,1.0,3,0.0,0.22875817,0,0,18.94117647,1,0.9412,2
xalan,2.7,xalan-2.7.csv,org.apache.xml.serializer.NamespaceMappings,12,1,0,15,37,0,15,1,5,0.709090909,344,1.0,0,0.0,0.4375,0,0,27.25,5,2.0833,4
xalan,2.7,xalan-2.7.csv,org.apache.xalan.xsltc.compiler.XslElement,8,3,0,28,63,0,1,27,7,0.542857143,498,1.0,2,0.888888889,0.354166667,1,9,60.625,14,3.75,3
xalan,2.7,xalan-2.7.csv,org.apache.xml.dtm.ref.IncrementalSAXSource,5,1,0,6,5,10,6,0,5,2.0,5,0.0,0,0.0,0.333333333,0,0,0.0,1,1.0,1
xalan,2.7,xalan-2.7.csv,org.apache.xml.serializer.ToUnknownStream,83,2,0,11,178,0,1,10,76,0.843089431,1124,1.0,1,0.514792899,0.116465863,2,10,12.36144578,10,1.2048,2
xalan,2.7,xalan-2.7.csv,org.apache.xalan.xsltc.compiler.util.ResultTreeType,22,2,0,40,59,185,9,33,21,0.523809524,751,1.0,0,0.622641509,0.199300699,2,4,33.09090909,7,1.5909,2
xalan,2.7,xalan-2.7.csv,org.apache.xalan.xsltc.dom.SingleNodeCounter,5,2,1,5,18,2,1,5,4,0.625,142,0.5,1,0.823529412,0.5,1,4,27.0,14,3.2,1
xalan,2.7,xalan-2.7.csv,org.apache.xml.utils.SAXSourceLocator,8,2,0,17,29,0,17,0,8,0.714285714,120,0.0,0,0.666666667,0.34375,0,0,13.75,2,1.0,1
xalan,2.7,xalan-2.7.csv,org.apache.xalan.extensions.ExtensionHandlerGeneral,8,2,0,17,57,20,0,17,6,0.824175824,578,0.769230769,0,0.5,0.328571429,0,0,69.625,2,1.0,2
xalan,2.7,xalan-2.7.csv,org.apache.xalan.templates.ElemExtensionScript,6,3,0,2,7,3,1,1,6,0.8,34,0.666666667,0,0.975124378,0.666666667,1,2,4.166666667,1,0.8333,1
xalan,2.7,xalan-2.7.csv,org.apache.xpath.axes.WalkingIterator,17,5,1,17,41,0,8,11,16,0.645833333,282,0.666666667,2,0.892857143,0.165775401,2,9,15.41176471,7,1.8824,2
xalan,2.7,xalan-2.7.csv,org.apache.xml.serializer.utils.SerializerMessages_fr,2,3,0,0,3,1,0,0,2,2.0,374,0.0,0,0.974358974,1.0,0,0,186.0,1,0.5,3
xalan,2.7,xalan-2.7.csv,org.apache.xml.utils.res.CharArrayWrapper,3,1,0,20,4,0,20,0,3,0.0,19,1.0,0,0.0,0.555555556,0,0,5.0,1,0.6667,1
xalan,2.7,xalan-2.7.csv,org.apache.xml.utils.res.XResources_sv,2,4,0,2,4,1,0,2,2,2.0,315,0.0,0,0.976190476,1.0,0,0,156.5,1,0.5,1
xalan,2.7,xalan-2.7.csv,org.apache.xalan.xslt.ObjectFactory,13,1,0,4,49,64,2,2,0,0.916666667,699,0.833333333,0,0.0,0.3125,0,0,52.30769231,16,2.4615,1
xalan,2.7,xalan-2.7.csv,org.apache.xml.utils.UnImplNode,110,1,1,2,133,5985,1,1,110,0.990825688,820,1.0,0,0.0,0.190909091,0,0,6.409090909,18,1.3364,1
xalan,2.7,xalan-2.7.csv,org.apache.xpath.functions.FuncNamespace,2,5,0,5,11,1,0,5,2,2.0,66,0.0,0,0.982142857,0.75,3,8,31.5,1,0.5,1
xalan,2.7,xalan-2.7.csv,org.apache.xalan.xsltc.compiler.RelativeLocationPath,3,3,2,4,4,3,3,1,2,2.0,6,0.0,0,0.97260274,0.666666667,0,0,1.0,1,0.6667,1
xalan,2.7,xalan-2.7.csv,org.apache.xml.utils.StylesheetPIHandler,8,2,0,4,28,6,2,2,8,0.761904762,471,0.0,0,0.708333333,0.4375,1,1,57.125,2,1.0,1
xalan,2.7,xalan-2.7.csv,org.apache.xalan.res.XSLTErrorResources_ru,4,3,0,1,15,6,0,1,3,1.333333333,4270,0.0,0,0.926829268,0.333333333,0,0,1005.75,2,1.0,2
xalan,2.7,xalan-2.7.csv,org.apache.xpath.axes.NodeSequence,37,3,1,9,69,180,1,8,34,0.7,725,0.8,2,0.682692308,0.171171171,2,9,18.45945946,12,2.2973,2
xalan,2.7,xalan-2.7.csv,org.apache.xpath.functions.ObjectFactory,13,1,0,3,49,64,1,2,0,0.916666667,699,0.833333333,0,0.0,0.3125,0,0,52.30769231,16,2.4615,1
xalan,2.7,xalan-2.7.csv,org.apache.xalan.xsltc.compiler.util.ErrorMessages_pt_BR,2,3,0,0,3,1,0,0,2,2.0,1243,0.0,0,0.974358974,1.0,0,0,620.5,1,0.5,2
xalan,2.7,xalan-2.7.csv,org.apache.xalan.res.XSLTErrorResources_sk,4,3,0,1,15,6,0,1,3,1.333333333,4270,0.0,0,0.926829268,0.333333333,0,0,1005.75,2,1.0,2
xalan,2.7,xalan-2.7.csv,org.apache.xalan.extensions.SecuritySupport12,9,2,0,9,23,36,9,9,0,2.0,82,0.0,0,0.529411765,0.444444444,0,0,8.111111111,1,0.8889,1
xalan,2.7,xalan-2.7.csv,org.apache.xalan.xsltc.trax.DOM2TO,22,1,0,3,56,221,1,2,20,0.964285714,402,1.0,1,0.0,0.143939394,0,0,17.09090909,2,1.0,1
xalan,2.7,xalan-2.7.csv,org.apache.xalan.xsltc.runtime.ErrorMessages_no,2,3,0,0,3,1,0,0,2,2.0,190,0.0,0,0.974358974,1.0,0,0,94.0,1,0.5,1
xalan,2.7,xalan-2.7.csv,org.apache.xml.utils.res.XResources_el,2,4,0,5,7,1,0,5,2,2.0,600,0.0,0,0.976190476,1.0,0,0,299.0,1,0.5,1
xalan,2.7,xalan-2.7.csv,org.apache.xalan.xslt.SecuritySupport12,9,2,0,9,23,36,9,9,0,2.0,82,0.0,0,0.529411765,0.444444444,0,0,8.111111111,1,0.8889,1
xalan,2.7,xalan-2.7.csv,org.apache.xalan.xsltc.compiler.VariableRefBase,7,3,3,18,25,0,10,11,7,0.416666667,175,1.0,2,0.934210526,0.357142857,2,4,23.71428571,3,1.1429,2
xalan,2.7,xalan-2.7.csv,org.apache.xml.serializer.utils.DOM2Helper,4,1,0,2,10,6,2,0,3,2.0,39,0.0,0,0.0,0.875,0,0,8.75,2,1.25,1
xalan,2.7,xalan-2.7.csv,org.apache.xalan.res.XSLTErrorResources_es,4,3,0,1,15,6,0,1,3,1.333333333,4270,0.0,0,0.926829268,0.333333333,0,0,1005.75,2,1.0,2
xalan,2.7,xalan-2.7.csv,org.apache.xpath.operations.Gt,2,3,0,4,4,1,1,3,2,2.0,14,0.0,0,0.976190476,0.75,1,1,5.5,1,0.5,1
xalan,2.7,xalan-2.7.csv,org.apache.xalan.xsltc.dom.Filter,1,1,0,2,1,0,2,0,1,2.0,1,0.0,0,0.0,1.0,0,0,0.0,1,1.0,1
xalan,2.7,xalan-2.7.csv,org.apache.xpath.objects.XStringForChars,12,4,0,4,22,4,1,3,11,0.636363636,149,0.25,0,0.921875,0.25,3,15,11.08333333,2,1.0,1
xalan,2.7,xalan-2.7.csv,org.apache.xpath.axes.WalkingIteratorSorted,5,6,0,5,13,0,1,5,3,0.75,130,0.5,0,0.979020979,0.366666667,1,1,24.6,17,4.0,1
xalan,2.7,xalan-2.7.csv,org.apache.xalan.templates.NamespaceAlias,10,3,0,6,12,37,6,2,10,0.933333333,53,0.8,0,0.956097561,0.4,1,1,3.8,1,0.9,1
xalan,2.7,xalan-2.7.csv,org.apache.xml.utils.res.XResources_fr,2,4,0,2,4,1,0,2,2,2.0,315,0.0,0,0.976190476,1.0,0,0,156.5,1,0.5,1
xalan,2.7,xalan-2.7.csv,org.apache.xalan.xsltc.compiler.util.ErrorMsg,18,1,0,61,33,29,61,2,14,1.024159664,489,0.053571429,0,0.0,0.336134454,0,0,19.94444444,3,0.7222,3
xalan,2.7,xalan-2.7.csv,org.apache.xalan.transformer.TrAXFilter,8,2,0,4,38,0,1,3,7,0.5,183,1.0,1,0.829268293,0.25,1,6,21.625,2,1.125,1
xalan,2.7,xalan-2.7.csv,org.apache.xalan.res.XSLTErrorResources_zh_TW,4,3,0,1,15,6,0,1,3,1.333333333,4270,0.0,0,0.926829268,0.333333333,0,0,1005.75,2,1.0,2
xalan,2.7,xalan-2.7.csv,org.apache.xml.res.XMLMessages,8,1,1,26,22,20,26,0,6,1.0,179,1.0,0,0.0,0.314285714,0,0,20.75,7,1.875,1
xalan,2.7,xalan-2.7.csv,org.apache.xml.utils.XML11Char,17,1,0,20,26,46,19,1,16,0.96875,728,0.1,0,0.0,0.333333333,0,0,41.23529412,12,5.0588,1
xalan,2.7,xalan-2.7.csv,org.apache.xalan.xsltc.dom.DocumentCache,10,1,0,8,54,17,1,8,4,0.654320988,423,1.0,1,0.0,0.275,0,0,40.4,9,2.2,1
xalan,2.7,xalan-2.7.csv,org.apache.xpath.functions.SecuritySupport12,9,2,0,9,23,36,9,9,0,2.0,82,0.0,0,0.529411765,0.444444444,0,0,8.111111111,1,0.8889,1
xalan,2.7,xalan-2.7.csv,org.apache.xpath.objects.XNumber,13,3,0,40,36,22,36,5,12,0.75,331,0.0,0,0.865853659,0.182692308,2,22,24.30769231,13,2.4615,2
xalan,2.7,xalan-2.7.csv,org.apache.xpath.axes.RTFIterator,1,3,0,4,2,0,2,2,1,2.0,7,0.0,0,1.0,1.0,0,0,5.0,0,0.0,1
xalan,2.7,xalan-2.7.csv,org.apache.xalan.transformer.XalanTransformState,10,1,0,8,21,0,1,8,10,0.711111111,205,0.0,5,0.0,0.4,0,0,18.5,3,1.7,1
xalan,2.7,xalan-2.7.csv,org.apache.xalan.xsltc.compiler.util.IntType,28,3,0,46,64,374,8,40,26,1.0,426,0.0,0,0.564516129,0.181547619,1,3,14.17857143,10,1.6786,1
xalan,2.7,xalan-2.7.csv,org.apache.xalan.xsltc.compiler.util.NodeSetType,21,2,0,42,49,190,16,29,19,2.0,470,0.0,0,0.622641509,0.238095238,2,4,21.38095238,7,1.5714,1
xalan,2.7,xalan-2.7.csv,org.apache.xalan.xsltc.dom.SortSettings,7,1,0,3,8,9,2,1,0,0.833333333,52,1.0,1,0.0,0.285714286,0,0,5.571428571,1,0.8571,1
xalan,2.7,xalan-2.7.csv,org.apache.xalan.xsltc.compiler.CastExpr,9,3,0,57,49,0,34,24,8,0.583333333,536,1.0,2,0.91025641,0.3125,2,8,58.22222222,5,1.3333,1
xalan,2.7,xalan-2.7.csv,org.apache.xml.res.XMLErrorResources,4,3,2,18,15,6,18,0,3,1.333333333,1008,0.0,0,0.926829268,0.333333333,0,0,235.5,2,1.0,1
xalan,2.7,xalan-2.7.csv,org.apache.xml.utils.res.XResources_ja_JP_I,2,4,0,5,7,1,0,5,2,2.0,614,0.0,0,0.976190476,1.0,0,0,306.0,1,0.5,1
xalan,2.7,xalan-2.7.csv,org.apache.xpath.functions.FuncContains,2,5,0,5,7,1,0,5,2,2.0,37,0.0,0,0.98245614,0.75,1,6,17.0,1,0.5,1
xalan,2.7,xalan-2.7.csv,org.apache.xalan.xsltc.compiler.util.MethodType,14,2,0,10,29,0,8,2,14,0.269230769,332,1.0,1,0.785714286,0.410714286,1,1,22.57142857,6,1.6429,1
xalan,2.7,xalan-2.7.csv,org.apache.xalan.xsltc.compiler.IdKeyPattern,9,5,2,25,29,22,3,23,9,0.75,214,1.0,1,0.925233645,0.259259259,3,4,22.44444444,2,1.0,2
xalan,2.7,xalan-2.7.csv,org.apache.xml.serializer.utils.StringToIntTable,8,1,0,1,12,0,1,0,8,0.523809524,217,0.833333333,0,0.0,0.583333333,0,0,25.375,4,1.875,1
xalan,2.7,xalan-2.7.csv,org.apache.xpath.CachedXPathAPI,12,1,0,5,23,54,0,5,12,0.454545455,139,1.0,1,0.0,0.533333333,0,0,10.5,1,0.8333,2
xalan,2.7,xalan-2.7.csv,org.apache.xalan.xsltc.compiler.ForEach,6,3,0,28,55,3,2,27,5,0.6,318,1.0,2,0.918032787,0.361111111,1,6,51.66666667,9,2.6667,1
xalan,2.7,xalan-2.7.csv,org.apache.xalan.xsltc.runtime.ErrorMessages_ko,2,3,0,0,3,1,0,0,2,2.0,229,0.0,0,0.974358974,1.0,0,0,113.5,1,0.5,2
xalan,2.7,xalan-2.7.csv,org.apache.xpath.axes.ReverseAxesWalker,9,5,0,7,26,28,1,6,5,0.8125,202,0.5,1,0.927927928,0.416666667,2,8,21.22222222,7,2.4444,1
xalan,2.7,xalan-2.7.csv,org.apache.xalan.serialize.SerializerUtils,7,1,0,12,37,21,5,7,7,2.0,256,0.0,0,0.0,0.404761905,0,0,35.57142857,4,1.2857,1
xalan,2.7,xalan-2.7.csv,org.apache.xalan.xsltc.runtime.ErrorMessages_hu,2,3,0,0,3,1,0,0,2,2.0,229,0.0,0,0.974358974,1.0,0,0,113.5,1,0.5,2
xalan,2.7,xalan-2.7.csv,org.apache.xpath.functions.FuncQname,2,5,0,5,7,1,0,5,2,2.0,36,0.0,0,0.982142857,0.75,2,7,16.5,1,0.5,1
xalan,2.7,xalan-2.7.csv,org.apache.xalan.lib.sql.SQLQueryParser,13,1,0,6,46,8,2,5,9,0.716666667,528,0.7,0,0.0,0.221153846,0,0,38.84615385,35,4.0769,1
xalan,2.7,xalan-2.7.csv,org.apache.xalan.xsltc.DOM,44,1,0,38,44,946,34,5,44,1.023255814,52,0.0,0,0.0,0.237373737,0,0,0.0,1,1.0,1
xalan,2.7,xalan-2.7.csv,org.apache.xml.utils.Hashtree2Node,2,1,0,1,23,1,1,0,2,2.0,145,0.0,0,0.0,0.5,0,0,71.5,8,4.0,2
xalan,2.7,xalan-2.7.csv,org.apache.xalan.processor.ProcessorStylesheetElement,4,4,0,9,32,6,2,9,3,1.333333333,122,0.0,0,0.985915493,0.625,1,1,29.25,1,0.75,1
xalan,2.7,xalan-2.7.csv,org.apache.xalan.res.XSLTErrorResources_hu,4,3,0,1,15,6,0,1,3,1.333333333,4270,0.0,0,0.926829268,0.333333333,0,0,1005.75,2,1.0,2
xalan,2.7,xalan-2.7.csv,org.apache.xalan.xsltc.dom.CurrentNodeListFilter,1,1,0,3,1,0,1,2,1,2.0,1,0.0,0,0.0,1.0,0,0,0.0,1,1.0,1
xalan,2.7,xalan-2.7.csv,org.apache.xpath.operations.Minus,3,3,0,7,7,3,2,5,3,1.5,26,0.0,0,0.953488372,0.555555556,1,1,7.333333333,1,0.6667,1
xalan,2.7,xalan-2.7.csv,org.apache.xalan.xsltc.compiler.util.MatchGenerator,10,5,0,9,16,27,1,8,9,0.844444444,79,1.0,0,0.945205479,0.263888889,2,5,6.4,2,0.9,1
xalan,2.7,xalan-2.7.csv,org.apache.xpath.domapi.XPathNamespaceImpl,39,1,0,1,55,467,1,0,38,0.776315789,163,1.0,0,0.0,0.256410256,0,0,3.128205128,1,0.9744,1
xalan,2.7,xalan-2.7.csv,org.apache.xml.utils.ObjectFactory,13,1,0,3,49,64,1,2,0,0.916666667,699,0.833333333,0,0.0,0.3125,0,0,52.30769231,16,2.4615,1
xalan,2.7,xalan-2.7.csv,org.apache.xalan.xsltc.compiler.util.Util,20,1,0,53,45,188,51,2,19,0.947368421,326,1.0,0,0.0,0.236842105,0,0,15.25,5,1.95,1
xalan,2.7,xalan-2.7.csv,org.apache.xalan.xsltc.runtime.ErrorMessages_zh_CN,2,3,0,0,3,1,0,0,2,2.0,229,0.0,0,0.974358974,1.0,0,0,113.5,1,0.5,1
xalan,2.7,xalan-2.7.csv,org.apache.xalan.xsltc.compiler.util.AttributeSetMethodGenerator,8,5,0,11,15,18,1,10,7,0.961038961,120,1.0,0,0.958333333,0.476190476,1,2,12.625,1,0.75,1
xalan,2.7,xalan-2.7.csv,org.apache.xalan.xsltc.compiler.FilteredAbsoluteLocationPath,7,3,0,23,34,0,0,23,7,0.0,168,1.0,1,0.934210526,0.285714286,2,7,22.85714286,2,1.1429,2
xalan,2.7,xalan-2.7.csv,org.apache.xpath.functions.FuncCurrent,3,3,0,11,12,3,1,10,3,1.5,47,0.0,0,0.95,0.5,1,6,14.33333333,1,0.6667,1
xalan,2.7,xalan-2.7.csv,org.apache.xpath.jaxp.XPathImpl,20,1,0,11,55,106,1,10,12,0.723684211,589,1.0,1,0.0,0.215789474,0,0,28.05,6,1.3,2
xalan,2.7,xalan-2.7.csv,org.apache.xml.serializer.OutputPropertyUtils,3,1,0,3,7,3,3,0,3,2.0,33,0.0,0,0.0,0.555555556,0,0,10.0,3,1.6667,1
xalan,2.7,xalan-2.7.csv,org.apache.xalan.processor.XSLTElementProcessor,15,3,11,21,50,101,16,7,10,0.904761905,295,0.666666667,2,0.933333333,0.348148148,0,0,18.46666667,1,0.9333,2
xalan,2.7,xalan-2.7.csv,org.apache.xalan.templates.ElemPI,8,3,0,12,34,8,1,11,8,0.785714286,166,0.5,1,0.965517241,0.3,2,5,19.5,16,2.75,1
xalan,2.7,xalan-2.7.csv,org.apache.xml.dtm.ref.DTMDefaultBaseTraversers,3,2,1,31,30,3,22,29,3,2.0,224,0.0,0,0.989130435,0.761904762,0,0,73.66666667,5,1.6667,1
xalan,2.7,xalan-2.7.csv,org.apache.xalan.xsltc.compiler.Import,5,3,0,15,41,4,0,15,4,0.5,230,1.0,1,0.9375,0.36,2,5,44.8,12,3.0,1
xalan,2.7,xalan-2.7.csv,org.apache.xml.utils.NodeVector,30,1,1,9,33,0,9,0,30,0.544827586,934,0.8,0,0.0,0.4,0,0,29.96666667,5,2.1667,1
xalan,2.7,xalan-2.7.csv,org.apache.xml.dtm.DTMWSFilter,1,1,0,27,1,0,26,1,1,2.0,4,0.0,0,0.0,1.0,0,0,0.0,1,1.0,1
xalan,2.7,xalan-2.7.csv,org.apache.xml.dtm.ref.ExpandedNameTable,14,1,0,24,26,15,22,2,11,0.933110368,405,0.391304348,4,0.0,0.461538462,0,0,26.28571429,11,2.0714,1
xalan,2.7,xalan-2.7.csv,org.apache.xalan.processor.ProcessorStripSpace,2,5,0,8,14,1,1,7,1,2.0,51,0.0,0,0.995283019,0.625,2,2,24.0,1,0.5,1
xalan,2.7,xalan-2.7.csv,org.apache.xalan.xsltc.compiler.XSLTC,62,1,0,26,151,1523,22,8,55,0.90811044,1407,0.842105263,3,0.0,0.115207373,0,0,21.08064516,15,1.7258,3
xalan,2.7,xalan-2.7.csv,org.apache.xpath.axes.FilterExprWalker,18,5,0,19,48,13,5,15,16,0.8,245,0.8,2,0.858333333,0.185185185,4,14,12.33333333,3,1.3889,2
xalan,2.7,xalan-2.7.csv,org.apache.xml.serializer.utils.SystemIDResolver,9,1,0,3,33,36,1,2,6,2.0,341,0.0,0,0.0,0.5,0,0,36.88888889,9,4.1111,1
xalan,2.7,xalan-2.7.csv,org.apache.xalan.xsltc.compiler.util.ErrorMessages_it,2,3,0,0,3,1,0,0,2,2.0,1243,0.0,0,0.974358974,1.0,0,0,620.5,1,0.5,2
xalan,2.7,xalan-2.7.csv,org.apache.xalan.xsltc.compiler.SecuritySupport12,9,2,0,9,23,36,9,9,0,2.0,82,0.0,0,0.529411765,0.444444444,0,0,8.111111111,1,0.8889,1
xalan,2.7,xalan-2.7.csv,org.apache.xalan.lib.sql.PooledConnection,5,1,0,1,9,0,1,0,5,0.5,41,1.0,0,0.0,0.466666667,0,0,6.8,1,0.8,1
xalan,2.7,xalan-2.7.csv,org.apache.xalan.transformer.ResultNameSpace,1,1,0,0,2,0,0,0,1,2.0,16,0.0,1,0.0,1.0,0,0,12.0,0,0.0,1
xalan,2.7,xalan-2.7.csv,org.apache.xpath.operations.Gte,2,3,0,4,4,1,1,3,2,2.0,14,0.0,0,0.976190476,0.75,1,1,5.5,1,0.5,1
xalan,2.7,xalan-2.7.csv,org.apache.xml.dtm.ref.EmptyIterator,15,1,0,3,16,103,2,1,13,0.928571429,47,1.0,1,0.0,0.380952381,0,0,2.066666667,1,0.8667,1
xalan,2.7,xalan-2.7.csv,org.apache.xml.serializer.utils.URI,42,1,0,4,68,375,1,3,29,0.780487805,2063,1.0,0,0.0,0.226480836,0,0,47.83333333,33,3.1429,2
xalan,2.7,xalan-2.7.csv,org.apache.xalan.templates.XUnresolvedVariable,6,3,0,7,23,9,1,7,6,0.885714286,132,0.857142857,1,0.934210526,0.361111111,2,12,19.83333333,1,0.8333,1
xalan,2.7,xalan-2.7.csv,org.apache.xalan.lib.SecuritySupport12,9,2,0,9,23,36,9,9,0,2.0,82,0.0,0,0.529411765,0.444444444,0,0,8.111111111,1,0.8889,1
xalan,2.7,xalan-2.7.csv,org.apache.xml.dtm.ref.DTMNodeListBase,3,1,3,3,4,3,3,0,3,2.0,10,0.0,0,0.0,0.666666667,0,0,2.333333333,1,0.6667,1
xalan,2.7,xalan-2.7.csv,org.apache.xalan.xsltc.compiler.StartsWithCall,3,4,0,16,17,0,0,16,3,0.0,108,1.0,2,0.979591837,0.444444444,3,13,34.33333333,1,0.6667,1
xalan,2.7,xalan-2.7.csv,org.apache.xalan.transformer.Counter,3,1,0,5,8,0,1,4,0,0.833333333,84,0.0,2,0.0,0.466666667,0,0,25.0,4,2.0,1
xalan,2.7,xalan-2.7.csv,org.apache.xalan.res.XSLTErrorResources_fr,4,3,0,1,15,6,0,1,3,1.333333333,4270,0.0,0,0.926829268,0.333333333,0,0,1005.75,2,1.0,2
xalan,2.7,xalan-2.7.csv,org.apache.xalan.templates.Constants,1,2,0,1,2,0,0,1,1,2.0,338,0.0,0,0.0,1.0,0,0,3.0,0,0.0,1
xalan,2.7,xalan-2.7.csv,org.apache.xalan.templates.ElemFallback,5,3,0,6,13,10,3,3,5,1.25,47,0.0,0,0.98,0.7,2,4,8.2,1,0.8,1
xalan,2.7,xalan-2.7.csv,org.apache.xpath.objects.LessThanComparator,3,2,0,3,5,3,1,2,0,2.0,24,0.0,0,0.5,0.555555556,0,0,7.0,2,1.3333,0
xalan,2.7,xalan-2.7.csv,org.apache.xpath.operations.Number,3,3,0,7,8,3,2,5,3,1.5,24,0.0,0,0.952380952,0.555555556,1,1,6.666666667,1,0.6667,1
xalan,2.7,xalan-2.7.csv,org.apache.xml.utils.URI,42,1,0,3,68,375,1,2,29,0.799249531,2067,0.923076923,0,0.0,0.226480836,0,0,47.9047619,33,3.1429,2
xalan,2.7,xalan-2.7.csv,org.apache.xalan.xsltc.runtime.ErrorMessages_ru,2,3,0,0,3,1,0,0,2,2.0,229,0.0,0,0.974358974,1.0,0,0,113.5,1,0.5,2
xalan,2.7,xalan-2.7.csv,org.apache.xpath.operations.Mult,3,3,0,7,7,3,2,5,3,1.5,26,0.0,0,0.953488372,0.555555556,1,1,7.333333333,1,0.6667,1
xalan,2.7,xalan-2.7.csv,org.apache.xml.serializer.ToStream,79,2,3,23,196,1751,4,20,48,0.844230769,3344,0.8,4,0.527272727,0.150994575,2,14,41.07594937,14,1.8354,8
xalan,2.7,xalan-2.7.csv,org.apache.xpath.axes.BasicTestIterator,7,5,2,8,24,21,2,7,2,1.166666667,155,0.0,0,0.9765625,0.371428571,2,4,21.0,12,2.0,2
xalan,2.7,xalan-2.7.csv,org.apache.xalan.xsltc.compiler.UnsupportedElement,7,2,0,18,35,7,1,18,6,0.666666667,196,1.0,1,0.9,0.253968254,1,5,26.57142857,5,1.5714,1
xalan,2.7,xalan-2.7.csv,org.apache.xalan.xsltc.compiler.Closure,4,1,0,6,4,6,6,1,4,2.0,4,0.0,0,0.0,0.625,0,0,0.0,1,1.0,1
xalan,2.7,xalan-2.7.csv,org.apache.xalan.xsltc.dom.NthIterator,10,2,0,3,21,0,0,3,10,0.62962963,99,1.0,1,0.590909091,0.35,1,7,8.6,2,1.1,1
xalan,2.7,xalan-2.7.csv,org.apache.xalan.templates.StylesheetComposed,11,4,1,16,45,39,9,10,9,0.86,334,0.8,0,0.964285714,0.309090909,1,2,28.90909091,4,1.5455,1
xalan,2.7,xalan-2.7.csv,org.apache.xpath.jaxp.XPathExpressionImpl,14,1,0,10,44,67,1,9,6,0.548076923,384,0.625,2,0.0,0.261538462,0,0,25.85714286,6,1.1429,2
xalan,2.7,xalan-2.7.csv,org.apache.xpath.domapi.XPathNSResolverImpl,2,2,0,2,4,1,1,1,2,2.0,10,0.0,0,0.8,0.666666667,0,0,4.0,1,0.5,1
xalan,2.7,xalan-2.7.csv,org.apache.xpath.operations.And,3,3,0,6,7,1,1,5,3,1.5,43,0.0,0,0.953488372,0.833333333,1,6,13.0,1,0.6667,1
xalan,2.7,xalan-2.7.csv,org.apache.xalan.templates.ElemApplyImport,5,3,0,7,19,10,1,6,5,1.25,75,0.0,0,0.98,0.466666667,2,6,13.8,1,0.8,1
xalan,2.7,xalan-2.7.csv,org.apache.xpath.XPathContext,82,2,0,172,159,2501,156,22,79,0.939221273,1159,0.807692308,13,0.191919192,0.069844789,0,0,12.81707317,5,1.3171,2
xalan,2.7,xalan-2.7.csv,org.apache.xalan.extensions.ExtensionNamespacesManager,9,1,0,7,29,12,5,2,8,0.625,605,1.0,0,0.0,0.416666667,0,0,65.88888889,7,2.5556,2
xalan,2.7,xalan-2.7.csv,org.apache.xalan.xsltc.dom.ExtendedSAX,0,1,0,1,0,0,1,0,0,2.0,0,0.0,0,0.0,0.0,0,0,0.0,0,0.0,1
xalan,2.7,xalan-2.7.csv,org.apache.xalan.processor.XSLTSchema,6,2,0,27,47,3,5,25,2,0.7875,2717,0.03125,0,0.848484848,0.444444444,1,1,446.5,38,7.0,2
xalan,2.7,xalan-2.7.csv,org.apache.xalan.processor.ProcessorExsltFuncResult,2,5,0,8,8,1,1,7,2,2.0,58,0.0,0,0.995327103,0.625,1,1,27.5,1,0.5,1
xalan,2.7,xalan-2.7.csv,org.apache.xalan.processor.ProcessorTemplateElem,4,4,7,13,24,6,8,5,3,1.333333333,97,0.0,0,0.985915493,0.55,1,2,23.0,1,0.75,1
xalan,2.7,xalan-2.7.csv,org.apache.xalan.xsltc.trax.SecuritySupport12,9,2,0,9,23,36,9,9,0,2.0,82,0.0,0,0.529411765,0.444444444,0,0,8.111111111,1,0.8889,1
xalan,2.7,xalan-2.7.csv,org.apache.xalan.lib.sql.DefaultConnectionPool,19,1,0,6,50,51,1,5,16,0.763888889,404,1.0,0,0.0,0.218045113,0,0,19.84210526,2,1.2105,1
xalan,2.7,xalan-2.7.csv,org.apache.xalan.xsltc.compiler.util.ErrorMessages_zh_CN,2,3,0,0,3,1,0,0,2,2.0,1243,0.0,0,0.974358974,1.0,0,0,620.5,1,0.5,1
xalan,2.7,xalan-2.7.csv,org.apache.xalan.xsltc.compiler.util.TypeCheckError,7,3,0,89,13,0,88,2,7,0.444444444,99,0.0,2,0.85,0.371428571,1,2,12.71428571,3,0.7143,1
xalan,2.7,xalan-2.7.csv,org.apache.xalan.xsltc.compiler.NameCall,3,5,0,9,11,3,0,9,3,2.0,37,0.0,0,0.99,0.533333333,3,5,11.33333333,1,0.3333,1
xalan,2.7,xalan-2.7.csv,org.apache.xalan.xsltc.dom.NodeSortRecordFactory,6,1,0,9,17,9,1,8,4,0.685714286,188,1.0,2,0.0,0.5,0,0,29.16666667,1,0.5,1
xalan,2.7,xalan-2.7.csv,org.apache.xalan.xsltc.compiler.util.ErrorMessages_pl,2,3,0,0,3,1,0,0,2,2.0,1243,0.0,0,0.974358974,1.0,0,0,620.5,1,0.5,2
xalan,2.7,xalan-2.7.csv,org.apache.xml.utils.Constants,1,1,1,1,2,0,1,0,1,2.0,26,0.0,0,0.0,1.0,0,0,3.0,0,0.0,1
xalan,2.7,xalan-2.7.csv,org.apache.xml.dtm.ref.DTMDefaultBaseIterators,4,3,3,57,37,6,49,31,4,2.0,242,0.0,0,0.978723404,0.642857143,0,0,59.5,2,1.0,2
xalan,2.7,xalan-2.7.csv,org.apache.xalan.xsltc.compiler.StringLengthCall,2,4,0,11,13,1,0,11,2,2.0,44,0.0,0,0.989690722,0.6,2,4,21.0,2,1.0,1
xalan,2.7,xalan-2.7.csv,org.apache.xalan.xsltc.runtime.AttributeList,17,1,0,7,39,62,6,1,16,0.7578125,276,1.0,1,0.0,0.441176471,0,0,14.76470588,4,1.4706,1
xalan,2.7,xalan-2.7.csv,org.apache.xalan.templates.ElemApplyTemplates,9,5,0,23,83,20,2,22,9,0.833333333,538,0.666666667,1,0.965811966,0.311111111,5,10,58.44444444,1,0.8889,1
xalan,2.7,xalan-2.7.csv,org.apache.xalan.xsltc.compiler.LiteralExpr,8,3,0,18,18,4,7,11,5,0.571428571,75,1.0,0,0.922077922,0.325,2,8,8.125,1,0.75,1
xalan,2.7,xalan-2.7.csv,org.apache.xalan.xsltc.compiler.Text,14,3,0,22,46,5,8,17,10,0.653846154,414,1.0,0,0.823529412,0.224489796,2,6,28.28571429,14,2.5,1
xalan,2.7,xalan-2.7.csv,org.apache.xml.utils.BoolStack,14,1,0,4,17,0,4,0,13,0.384615385,165,1.0,0,0.0,0.404761905,0,0,10.57142857,2,1.2143,1
xalan,2.7,xalan-2.7.csv,org.apache.xml.utils.PrefixForUriEnumerator,3,1,0,1,9,0,1,1,2,0.0,67,1.0,1,0.0,0.5,0,0,20.0,3,1.6667,0
xalan,2.7,xalan-2.7.csv,org.apache.xpath.functions.FuncDoclocation,2,5,0,5,9,1,0,5,2,2.0,44,0.0,0,0.982142857,0.75,2,7,20.5,1,0.5,1
xalan,2.7,xalan-2.7.csv,org.apache.xalan.processor.ProcessorImport,3,5,0,2,4,3,1,1,1,1.5,11,0.0,0,0.990950226,1.0,1,1,2.333333333,1,0.6667,1
xalan,2.7,xalan-2.7.csv,org.apache.xalan.xsltc.dom.BitArray,17,1,0,2,24,0,2,0,16,0.716346154,623,0.769230769,0,0.0,0.291666667,0,0,34.88235294,10,2.2353,1
xalan,2.7,xalan-2.7.csv,org.apache.xalan.templates.ElemMessage,6,3,0,6,18,3,1,5,6,0.8,63,0.5,0,0.975124378,0.444444444,2,4,9.166666667,1,0.8333,1
xalan,2.7,xalan-2.7.csv,org.apache.xalan.xsltc.compiler.util.MethodGenerator,29,4,6,137,54,360,122,16,29,0.978316327,453,1.0,1,0.776,0.150470219,1,2,13.65517241,4,1.2759,4
xalan,2.7,xalan-2.7.csv,org.apache.xml.dtm.ref.DTMAxisIterNodeList,5,2,0,5,12,0,1,4,4,0.4375,119,1.0,3,0.4,0.4,0,0,22.0,7,2.2,1
xalan,2.7,xalan-2.7.csv,org.apache.xpath.functions.FuncBoolean,2,4,0,5,5,1,0,5,2,2.0,16,0.0,0,0.979591837,0.75,1,6,6.5,1,0.5,1
xalan,2.7,xalan-2.7.csv,org.apache.xpath.patterns.NodeTestFilter,1,1,0,1,1,0,0,1,1,2.0,1,0.0,0,0.0,1.0,0,0,0.0,1,1.0,1
xalan,2.7,xalan-2.7.csv,org.apache.xalan.xsltc.compiler.util.ErrorMessages_ru,2,3,0,0,3,1,0,0,2,2.0,1243,0.0,0,0.974358974,1.0,0,0,620.5,1,0.5,2
xalan,2.7,xalan-2.7.csv,org.apache.xalan.xsltc.compiler.NotCall,3,4,0,14,12,3,1,13,3,2.0,56,0.0,0,0.979591837,0.6,2,6,17.66666667,1,0.6667,1
xalan,2.7,xalan-2.7.csv,org.apache.xalan.extensions.ExpressionVisitor,2,2,0,9,11,0,1,8,2,0.0,53,1.0,1,0.923076923,0.625,0,0,25.0,4,2.0,1
xalan,2.7,xalan-2.7.csv,org.apache.xalan.xsltc.compiler.CompilerException,4,3,0,2,9,0,2,0,4,0.833333333,41,0.5,0,0.944444444,0.5,1,1,8.75,2,0.5,1
xalan,2.7,xalan-2.7.csv,org.apache.xalan.xsltc.compiler.Choose,3,3,0,25,37,3,3,23,2,2.0,245,0.0,0,0.965517241,0.5,2,4,80.66666667,15,5.3333,2
xalan,2.7,xalan-2.7.csv,org.apache.xalan.transformer.TransformState,7,1,0,6,7,21,3,3,7,2.0,7,0.0,0,0.0,1.0,0,0,0.0,1,1.0,1
xalan,2.7,xalan-2.7.csv,org.apache.xalan.xsltc.cmdline.ObjectFactory,13,1,0,3,49,64,1,2,0,0.916666667,699,0.833333333,0,0.0,0.3125,0,0,52.30769231,16,2.4615,1
xalan,2.7,xalan-2.7.csv,org.apache.xalan.xsltc.compiler.ProcessingInstructionPattern,7,7,0,23,40,1,0,23,7,0.583333333,297,1.0,0,0.951612903,0.314285714,5,11,41.14285714,4,1.5714,1
xalan,2.7,xalan-2.7.csv,org.apache.xalan.xsltc.runtime.ErrorMessages_tr,2,3,0,0,3,1,0,0,2,2.0,229,0.0,0,0.974358974,1.0,0,0,113.5,1,0.5,2
xalan,2.7,xalan-2.7.csv,org.apache.xpath.operations.NotEquals,2,3,0,4,4,1,1,3,2,2.0,14,0.0,0,0.976190476,0.75,1,1,5.5,1,0.5,1
xalan,2.7,xalan-2.7.csv,org.apache.xpath.axes.UnionChildIterator,4,7,0,9,17,0,1,8,4,0.666666667,145,0.5,0,0.977941176,0.5,3,4,34.75,9,3.5,1
xalan,2.7,xalan-2.7.csv,org.apache.xalan.transformer.QueuedEvents,7,1,0,2,10,13,0,2,2,0.861111111,99,0.75,2,0.0,0.571428571,0,0,11.42857143,1,0.8571,1
xalan,2.7,xalan-2.7.csv,org.apache.xalan.xsltc.dom.DOMWSFilter,2,1,0,11,12,0,4,7,2,0.4,116,1.0,4,0.0,0.625,0,0,54.5,9,4.5,1
xalan,2.7,xalan-2.7.csv,org.apache.xpath.functions.FuncNormalizeSpace,3,5,0,6,11,3,0,6,3,1.5,46,0.0,0,0.964912281,0.666666667,2,7,14.0,1,0.6667,1
xalan,2.7,xalan-2.7.csv,org.apache.xalan.xsltc.compiler.LocalNameCall,3,5,0,10,13,3,0,10,3,2.0,50,0.0,0,0.99,0.533333333,3,5,15.66666667,1,0.3333,1
xalan,2.7,xalan-2.7.csv,org.apache.xml.serializer.SecuritySupport12,9,2,0,9,23,36,9,9,0,2.0,82,0.0,0,0.529411765,0.444444444,0,0,8.111111111,1,0.8889,1
xalan,2.7,xalan-2.7.csv,org.apache.xalan.xsltc.runtime.ErrorMessages_pt_BR,2,3,0,0,3,1,0,0,2,2.0,229,0.0,0,0.974358974,1.0,0,0,113.5,1,0.5,2
xalan,2.7,xalan-2.7.csv,org.apache.xalan.xsltc.compiler.Key,6,3,0,37,56,0,1,36,5,0.55,586,1.0,4,0.923076923,0.361111111,2,5,96.0,5,1.6667,4
xalan,2.7,xalan-2.7.csv,org.apache.xalan.xsltc.runtime.AbstractTranslet,44,1,0,28,120,794,14,15,42,0.942857143,1110,0.571428571,7,0.0,0.146103896,0,0,23.43181818,12,2.1364,2
xalan,2.7,xalan-2.7.csv,org.apache.xpath.functions.FuncGenerateId,2,5,0,4,10,1,0,4,2,2.0,29,0.0,0,0.982142857,0.75,2,7,13.0,1,0.5,1
xalan,2.7,xalan-2.7.csv,org.apache.xml.dtm.DTMAxisTraverser,5,1,12,31,6,10,31,0,5,2.0,19,0.0,0,0.0,0.9,0,0,2.8,1,0.8,1
xalan,2.7,xalan-2.7.csv,org.apache.xpath.axes.AttributeIterator,3,7,0,4,6,3,1,3,1,1.5,32,0.0,0,0.985185185,0.555555556,3,5,9.333333333,2,1.0,1
xalan,2.7,xalan-2.7.csv,org.apache.xpath.objects.XBooleanStatic,2,4,0,4,5,0,2,3,2,1.0,26,0.5,0,0.987341772,0.666666667,2,3,11.0,2,1.0,1
xalan,2.7,xalan-2.7.csv,org.apache.xalan.transformer.TransformerClient,1,1,0,2,1,0,1,1,1,2.0,1,0.0,0,0.0,1.0,0,0,0.0,1,1.0,1
xalan,2.7,xalan-2.7.csv,org.apache.xpath.functions.FuncStartsWith,2,5,0,6,6,1,0,6,2,2.0,22,0.0,0,0.98245614,0.75,1,6,9.5,1,0.5,1
xalan,2.7,xalan-2.7.csv,org.apache.xalan.lib.sql.DTMDocument,96,4,2,15,198,0,2,13,66,0.919838057,2572,1.0,2,0.497354497,0.180871212,1,26,25.65625,11,2.0938,1
xalan,2.7,xalan-2.7.csv,org.apache.xpath.operations.String,2,3,0,5,4,1,1,4,2,2.0,10,0.0,0,0.975609756,0.75,1,1,3.5,1,0.5,1
xalan,2.7,xalan-2.7.csv,org.apache.xalan.xsltc.compiler.Predicate,23,3,0,57,107,69,4,55,22,0.804545455,948,0.9,4,0.76344086,0.204968944,2,8,39.7826087,10,2.8261,2
xalan,2.7,xalan-2.7.csv,org.apache.xml.utils.StringBufferPool,5,1,0,6,13,4,4,2,3,0.75,44,0.5,1,0.0,0.25,0,0,7.4,1,0.6,1
xalan,2.7,xalan-2.7.csv,org.apache.xalan.xsltc.trax.TransformerFactoryImpl,32,3,0,17,154,278,6,16,23,0.894540943,1835,0.615384615,0,0.392156863,0.142857143,1,2,55.53125,17,2.25,3
xalan,2.7,xalan-2.7.csv,org.apache.xalan.xsltc.compiler.RealExpr,4,3,0,11,14,0,0,11,4,0.333333333,44,1.0,0,0.959459459,0.4,2,7,9.75,1,0.75,1
xalan,2.7,xalan-2.7.csv,org.apache.xalan.extensions.XPathFunctionResolverImpl,3,1,0,4,23,3,0,4,2,2.0,183,0.0,0,0.0,0.5,0,0,60.0,14,7.0,1
xalan,2.7,xalan-2.7.csv,org.apache.xml.dtm.ref.DTMNamedNodeMap,9,1,0,3,18,16,2,2,9,0.625,184,0.0,1,0.0,0.4,0,0,19.11111111,7,2.2222,1
xalan,2.7,xalan-2.7.csv,org.apache.xml.serializer.SerializerBase,73,1,3,12,118,2162,3,9,52,0.933888889,1035,0.96,4,0.0,0.141552511,0,0,12.83561644,10,1.5068,6
xalan,2.7,xalan-2.7.csv,org.apache.xalan.xsltc.cmdline.getopt.MissingOptArgException,1,4,0,2,2,0,1,1,1,2.0,6,0.0,0,1.0,1.0,0,0,4.0,0,0.0,1
xalan,2.7,xalan-2.7.csv,org.apache.xml.serializer.OutputPropertiesFactory,7,1,0,11,41,15,7,5,2,1.030864198,413,0.62962963,0,0.0,0.291666667,0,0,54.14285714,10,2.5714,2
xalan,2.7,xalan-2.7.csv,org.apache.xpath.ExpressionNode,5,1,0,44,5,10,44,0,5,2.0,5,0.0,0,0.0,0.6,0,0,0.0,1,1.0,1
xalan,2.7,xalan-2.7.csv,org.apache.xpath.axes.LocPathIterator,52,4,8,37,84,1016,20,20,45,0.864253394,666,0.769230769,4,0.616,0.145104895,2,9,11.55769231,12,1.4231,1
xalan,2.7,xalan-2.7.csv,org.apache.xml.utils.SerializableLocatorImpl,10,1,0,0,15,37,0,0,10,0.844444444,65,0.8,0,0.0,0.375,0,0,5.0,1,0.8,1
xalan,2.7,xalan-2.7.csv,org.apache.xml.dtm.ref.CustomStringPool,4,2,0,1,15,0,0,1,4,0.833333333,62,0.0,0,0.571428571,0.5,1,4,14.0,3,1.5,1
xalan,2.7,xalan-2.7.csv,org.apache.xpath.SourceTreeManager,13,1,0,8,46,42,4,5,13,0.625,339,0.5,0,0.0,0.340659341,0,0,24.92307692,5,1.8462,1
xalan,2.7,xalan-2.7.csv,org.apache.xalan.xsltc.compiler.IllegalCharException,1,3,0,0,2,0,0,0,1,2.0,6,0.0,0,1.0,1.0,0,0,4.0,0,0.0,1
xalan,2.7,xalan-2.7.csv,org.apache.xml.dtm.ref.DTMNodeProxy,121,1,0,15,173,5684,8,7,118,0.909259259,1428,0.666666667,1,0.0,0.173333333,0,0,10.72727273,18,1.719,1
xalan,2.7,xalan-2.7.csv,org.apache.xalan.xsltc.compiler.Stylesheet,63,2,0,70,205,1711,28,54,48,0.958455523,2600,0.818181818,7,0.465517241,0.095238095,2,6,39.74603175,12,2.381,7
xalan,2.7,xalan-2.7.csv,org.apache.xalan.xsltc.compiler.SimpleAttributeValue,5,4,0,14,10,4,4,11,4,0.5,38,1.0,0,0.947368421,0.36,2,8,6.4,1,0.8,1
xalan,2.7,xalan-2.7.csv,org.apache.xml.serializer.utils.BoolStack,13,1,0,0,15,0,0,0,12,0.333333333,161,1.0,0,0.0,0.41025641,0,0,11.15384615,2,1.2308,1
xalan,2.7,xalan-2.7.csv,org.apache.xalan.xsltc.compiler.util.ErrorMessages_sk,2,3,0,0,3,1,0,0,2,2.0,1243,0.0,0,0.974358974,1.0,0,0,620.5,1,0.5,2
xalan,2.7,xalan-2.7.csv,org.apache.xalan.xsltc.compiler.Message,4,3,0,19,26,0,0,19,3,0.333333333,311,1.0,0,0.949152542,0.4,2,6,76.5,6,2.25,2
xalan,2.7,xalan-2.7.csv,org.apache.xalan.xsltc.compiler.util.VoidType,9,2,0,13,20,36,1,13,8,2.0,85,0.0,0,0.804878049,0.351851852,2,3,8.444444444,2,1.2222,1
xalan,2.7,xalan-2.7.csv,org.apache.xpath.functions.FuncNumber,2,5,0,4,5,1,0,4,2,2.0,13,0.0,0,0.982142857,0.75,2,7,5.0,1,0.5,1
xalan,2.7,xalan-2.7.csv,org.apache.xpath.patterns.UnionPattern,9,2,0,12,20,0,4,10,8,0.625,213,0.5,1,0.789473684,0.197530864,1,7,22.44444444,7,2.4444,1
xalan,2.7,xalan-2.7.csv,org.apache.xalan.transformer.KeyTable,8,1,0,16,44,8,2,15,4,0.607142857,268,1.0,1,0.0,0.321428571,0,0,32.0,5,2.0,1
xalan,2.7,xalan-2.7.csv,org.apache.xalan.xsltc.runtime.ErrorMessages_zh_TW,2,3,0,0,3,1,0,0,2,2.0,229,0.0,0,0.974358974,1.0,0,0,113.5,1,0.5,2
xalan,2.7,xalan-2.7.csv,org.apache.xalan.xsltc.compiler.FilterExpr,7,3,0,24,41,0,0,24,6,0.083333333,276,1.0,1,0.922077922,0.306122449,2,9,38.14285714,3,1.5714,3
xalan,2.7,xalan-2.7.csv,org.apache.xpath.operations.Operation,12,2,14,22,23,0,17,7,12,0.606060606,150,0.666666667,2,0.731707317,0.21875,1,7,11.25,5,1.5833,1
xalan,2.7,xalan-2.7.csv,org.apache.xalan.xsltc.runtime.BasisLibrary,72,1,0,36,199,2540,20,19,66,1.005868545,2627,0.277777778,0,0.0,0.10024855,0,0,34.98611111,49,4.125,3
xalan,2.7,xalan-2.7.csv,org.apache.xpath.objects.XString,49,3,2,42,100,1176,33,12,46,1.010416667,641,0.0,1,0.606837607,0.122222222,3,21,12.04081633,16,1.6735,1
xalan,2.7,xalan-2.7.csv,org.apache.xalan.xsltc.StripFilter,1,1,0,11,1,0,11,1,1,2.0,1,0.0,0,0.0,1.0,0,0,0.0,1,1.0,1
xalan,2.7,xalan-2.7.csv,org.apache.xalan.serialize.Serializer,9,1,0,3,9,36,2,1,9,2.0,9,0.0,0,0.0,0.333333333,0,0,0.0,1,1.0,1
xalan,2.7,xalan-2.7.csv,org.apache.xalan.xsltc.runtime.ErrorMessages_cs,2,3,0,0,3,1,0,0,2,2.0,229,0.0,0,0.974358974,1.0,0,0,113.5,1,0.5,2
xalan,2.7,xalan-2.7.csv,org.apache.xml.utils.XMLStringFactoryDefault,6,2,0,4,10,13,0,4,5,0.8,41,1.0,1,0.5,0.4,0,0,5.666666667,1,0.6667,1
xalan,2.7,xalan-2.7.csv,org.apache.xml.dtm.ref.CoroutineParser,8,1,0,1,8,28,0,1,8,2.0,8,0.0,0,0.0,0.28125,0,0,0.0,1,1.0,1
xalan,2.7,xalan-2.7.csv,org.apache.xpath.operations.Variable,16,2,1,26,49,50,8,19,16,0.8,320,0.666666667,1,0.666666667,0.1875,2,10,18.625,10,2.3125,1
xalan,2.7,xalan-2.7.csv,org.apache.xpath.res.XPATHErrorResources_hu,4,3,0,1,15,6,0,1,3,1.333333333,2120,0.0,0,0.926829268,0.333333333,0,0,495.5,2,1.0,2
xalan,2.7,xalan-2.7.csv,org.apache.xalan.xsltc.runtime.StringValueHandler,8,2,0,2,19,0,1,1,8,0.657142857,183,1.0,0,0.932692308,0.35,0,0,21.25,5,1.625,1
xalan,2.7,xalan-2.7.csv,org.apache.xml.serializer.utils.SerializerMessages,2,3,1,1,3,1,1,0,2,2.0,465,0.0,0,0.974358974,1.0,0,0,231.5,1,0.5,2
xalan,2.7,xalan-2.7.csv,org.apache.xalan.xsltc.compiler.util.Type,36,1,10,113,60,622,104,20,34,0.99047619,367,0.0,16,0.0,0.2,0,0,8.694444444,5,1.1667,1
xalan,2.7,xalan-2.7.csv,org.apache.xml.utils.DOMBuilder,33,1,0,4,74,274,2,2,31,0.642857143,580,0.714285714,0,0.0,0.193939394,0,0,16.36363636,5,1.0606,2
xalan,2.7,xalan-2.7.csv,org.apache.xalan.xsltc.compiler.util.TestGenerator,13,5,0,12,20,54,3,9,12,0.9,119,1.0,0,0.926174497,0.21875,2,5,7.384615385,2,0.9231,1
xalan,2.7,xalan-2.7.csv,org.apache.xml.dtm.ref.DTMManagerDefault,17,2,1,26,82,84,7,22,17,0.794642857,843,0.857142857,3,0.542857143,0.196078431,1,1,48.17647059,37,4.6471,1
xalan,2.7,xalan-2.7.csv,org.apache.xalan.processor.ProcessorUnknown,1,6,0,2,2,0,1,1,1,2.0,5,0.0,0,1.0,1.0,0,0,3.0,0,0.0,1
xalan,2.7,xalan-2.7.csv,org.apache.xml.res.XMLErrorResources_pl,4,3,0,1,15,6,0,1,3,1.333333333,1166,0.0,0,0.926829268,0.333333333,0,0,271.25,2,1.0,2
xalan,2.7,xalan-2.7.csv,org.apache.xml.utils.ElemDesc,4,1,0,0,10,0,0,0,0,1.266666667,90,0.0,0,0.0,0.833333333,0,0,15.25,4,2.0,1
xalan,2.7,xalan-2.7.csv,org.apache.xpath.objects.XMLStringFactoryImpl,7,2,0,8,11,19,4,6,6,0.833333333,39,1.0,1,0.444444444,0.333333333,0,0,4.428571429,1,0.7143,1
xalan,2.7,xalan-2.7.csv,org.apache.xpath.functions.SecuritySupport,11,1,1,3,20,53,3,1,0,0.9,90,1.0,0,0.0,0.4,0,0,7.090909091,2,0.9091,1
xalan,2.7,xalan-2.7.csv,org.apache.xalan.trace.ExtensionEvent,3,1,0,6,4,0,5,1,3,0.5625,65,0.0,1,0.0,0.571428571,0,0,18.0,0,0.0,1
xalan,2.7,xalan-2.7.csv,org.apache.xalan.xsltc.compiler.util.ObjectType,17,2,0,30,51,86,8,23,14,0.729166667,257,0.666666667,0,0.6875,0.22875817,2,3,13.94117647,2,1.1176,1
xalan,2.7,xalan-2.7.csv,org.apache.xml.serializer.utils.SerializerMessages_ru,2,3,0,0,3,1,0,0,2,2.0,374,0.0,0,0.974358974,1.0,0,0,186.0,1,0.5,3
xalan,2.7,xalan-2.7.csv,org.apache.xpath.objects.GreaterThanComparator,3,2,0,3,5,3,1,2,0,2.0,24,0.0,0,0.5,0.555555556,0,0,7.0,2,1.3333,0
xalan,2.7,xalan-2.7.csv,org.apache.xalan.xsltc.compiler.util.ErrorMessages_zh_TW,2,3,0,0,3,1,0,0,2,2.0,1243,0.0,0,0.974358974,1.0,0,0,620.5,1,0.5,2
xalan,2.7,xalan-2.7.csv,org.apache.xml.utils.PrefixResolver,4,1,0,71,4,6,71,0,4,2.0,4,0.0,0,0.0,0.583333333,0,0,0.0,1,1.0,1
xalan,2.7,xalan-2.7.csv,org.apache.xalan.extensions.ExtensionHandlerJavaPackage,7,3,0,13,56,9,0,13,6,1.0,901,0.0,0,0.571428571,0.349206349,2,5,127.4285714,7,1.8571,2
xalan,2.7,xalan-2.7.csv,org.apache.xml.utils.XMLStringFactory,5,1,2,21,6,10,19,2,5,2.0,8,0.0,0,0.0,0.4,0,0,0.6,1,0.8,1
xalan,2.7,xalan-2.7.csv,org.apache.xalan.templates.ElemComment,5,3,0,5,18,10,1,4,5,1.25,75,0.0,0,0.98,0.466666667,2,6,13.8,16,3.8,1
xalan,2.7,xalan-2.7.csv,org.apache.xpath.res.XPATHErrorResources,4,3,2,18,15,6,18,0,3,1.333333333,2395,0.0,0,0.926829268,0.333333333,0,0,560.5,2,1.0,1
xalan,2.7,xalan-2.7.csv,org.apache.xpath.axes.MatchPatternIterator,6,5,0,11,25,3,1,11,4,0.84,253,0.8,2,0.961538462,0.4,1,6,40.33333333,11,3.3333,2
xalan,2.7,xalan-2.7.csv,org.apache.xalan.xsltc.compiler.util.BooleanType,21,2,0,49,56,208,17,36,19,0.95,317,0.0,0,0.622641509,0.216450216,1,2,14.04761905,4,1.4762,1
xalan,2.7,xalan-2.7.csv,org.apache.xalan.xsltc.compiler.Constants,0,1,0,6,0,0,5,1,0,2.0,218,0.0,0,0.0,0.0,0,0,0.0,0,0.0,5
xalan,2.7,xalan-2.7.csv,org.apache.xalan.templates.RedundentExprEliminator,39,3,0,27,128,669,1,27,8,0.952631579,1730,0.1,2,0.350877193,0.189473684,0,0,43.1025641,12,3.4615,1
xalan,2.7,xalan-2.7.csv,org.apache.xml.utils.TreeWalker,10,1,0,8,65,0,3,5,7,0.305555556,611,0.75,1,0.0,0.44,0,0,59.7,1,0.7,2
xalan,2.7,xalan-2.7.csv,org.apache.xalan.lib.sql.SQLErrorDocument,5,5,0,4,18,0,1,3,3,0.616666667,353,1.0,0,0.989528796,0.485714286,1,1,66.6,2,0.6,1
xalan,2.7,xalan-2.7.csv,org.apache.xml.res.XMLErrorResources_sv,2,4,0,1,3,1,0,1,2,2.0,870,0.0,0,0.976190476,1.0,0,0,432.0,1,0.5,1
xalan,2.7,xalan-2.7.csv,org.apache.xalan.xsltc.compiler.ProcessingInstruction,4,3,0,26,38,0,1,25,3,0.333333333,221,1.0,1,0.949152542,0.4,2,6,53.75,5,2.0,2
xalan,2.7,xalan-2.7.csv,org.apache.xalan.processor.ProcessorStylesheetDoc,1,4,0,3,2,0,2,1,1,2.0,5,0.0,0,1.0,1.0,0,0,3.0,0,0.0,1
xalan,2.7,xalan-2.7.csv,org.apache.xalan.templates.ElemTemplateElement,87,2,29,95,125,3307,84,17,77,0.931007752,1275,0.733333333,3,0.558974359,0.09127789,1,12,13.48275862,7,1.4483,2
xalan,2.7,xalan-2.7.csv,org.apache.xml.utils.IntStack,12,2,0,11,20,24,10,1,12,2.0,153,0.0,0,0.64,0.527777778,1,14,11.75,2,1.0,1
xalan,2.7,xalan-2.7.csv,org.apache.xalan.extensions.ExtensionNamespaceContext,4,1,0,2,9,6,1,2,4,1.333333333,167,0.0,0,0.0,0.875,0,0,37.25,12,6.0,1
xalan,2.7,xalan-2.7.csv,org.apache.xalan.lib.sql.ConnectionPool,14,1,0,5,14,91,5,0,14,2.0,14,0.0,0,0.0,0.273809524,0,0,0.0,1,1.0,1
xalan,2.7,xalan-2.7.csv,org.apache.xalan.xsltc.trax.SecuritySupport,11,1,1,2,20,53,2,1,0,0.9,90,1.0,0,0.0,0.4,0,0,7.090909091,2,0.9091,1
xalan,2.7,xalan-2.7.csv,org.apache.xpath.functions.FuncStringLength,2,5,0,5,6,1,0,5,2,2.0,15,0.0,0,0.982142857,0.75,2,7,6.0,1,0.5,1
xalan,2.7,xalan-2.7.csv,org.apache.xalan.xsltc.compiler.Parser,77,1,0,97,208,2634,86,24,59,0.938157895,3324,1.0,9,0.0,0.092857143,0,0,41.77922078,13,2.2468,3
xalan,2.7,xalan-2.7.csv,org.apache.xalan.xsltc.compiler.Mode,29,1,0,42,151,274,4,40,10,0.839285714,3138,1.0,7,0.0,0.163793103,0,0,106.5172414,41,6.069,2
xalan,2.7,xalan-2.7.csv,org.apache.xalan.lib.ExsltDynamic,7,2,0,16,43,21,1,15,7,1.166666667,682,0.0,0,0.25,0.642857143,0,0,96.28571429,1,0.8571,1
xalan,2.7,xalan-2.7.csv,org.apache.xml.utils.SecuritySupport12,9,2,0,9,23,36,9,9,0,2.0,82,0.0,0,0.529411765,0.444444444,0,0,8.111111111,1,0.8889,1
xalan,2.7,xalan-2.7.csv,org.apache.xalan.lib.ExsltMath,20,2,0,2,48,188,0,2,19,0.947368421,312,1.0,0,0.1,0.25,0,0,14.25,10,2.15,1
xalan,2.7,xalan-2.7.csv,org.apache.xalan.xsltc.DOMEnhancedForDTM,9,1,0,9,9,36,8,1,9,2.0,9,0.0,0,0.0,0.4,0,0,0.0,1,1.0,1
xalan,2.7,xalan-2.7.csv,org.apache.xalan.xsltc.compiler.util.ErrorMessages,2,3,1,1,3,1,1,0,2,2.0,1360,0.0,0,0.974358974,1.0,0,0,679.0,1,0.5,2
xalan,2.7,xalan-2.7.csv,org.apache.xalan.xsltc.compiler.KeyCall,4,4,0,32,45,0,0,32,3,0.083333333,534,1.0,4,0.96969697,0.458333333,3,7,131.5,8,2.5,4
xalan,2.7,xalan-2.7.csv,org.apache.xalan.processor.ProcessorGlobalParamDecl,3,5,0,6,10,3,1,5,1,1.5,31,0.0,0,0.990697674,0.583333333,1,2,9.0,1,0.6667,1
xalan,2.7,xalan-2.7.csv,org.apache.xalan.xsltc.compiler.util.ErrorMessages_cs,2,3,0,0,3,1,0,0,2,2.0,1243,0.0,0,0.974358974,1.0,0,0,620.5,1,0.5,2
xalan,2.7,xalan-2.7.csv,org.apache.xml.serializer.utils.SerializerMessages_zh_TW,2,3,0,0,3,1,0,0,2,2.0,374,0.0,0,0.974358974,1.0,0,0,186.0,1,0.5,3
xalan,2.7,xalan-2.7.csv,org.apache.xpath.axes.DescendantIterator,9,5,0,11,43,0,2,9,8,0.71875,420,0.75,1,0.946969697,0.277777778,4,12,45.22222222,15,3.0,2
xalan,2.7,xalan-2.7.csv,org.apache.xml.utils.WrongParserException,1,4,0,0,2,0,0,0,1,2.0,6,0.0,0,1.0,1.0,0,0,4.0,0,0.0,1
xalan,2.7,xalan-2.7.csv,org.apache.xpath.res.XPATHErrorResources_it,4,3,0,1,15,6,0,1,3,1.333333333,2120,0.0,0,0.926829268,0.333333333,0,0,495.5,2,1.0,2
xalan,2.7,xalan-2.7.csv,org.apache.xalan.xsltc.compiler.AbsolutePathPattern,8,5,0,29,45,0,1,29,8,0.142857143,241,1.0,1,0.933962264,0.270833333,4,5,29.0,6,1.875,2
xalan,2.7,xalan-2.7.csv,org.apache.xml.serializer.DOMSerializer,1,1,0,8,1,0,8,0,1,2.0,1,0.0,0,0.0,1.0,0,0,0.0,1,1.0,1
xalan,2.7,xalan-2.7.csv,org.apache.xalan.xsltc.compiler.Number,15,3,0,54,104,23,2,53,9,0.798319328,1314,1.0,8,0.811594203,0.214285714,2,3,85.46666667,14,3.1333,2
xalan,2.7,xalan-2.7.csv,org.apache.xpath.res.XPATHErrorResources_ko,4,3,0,1,15,6,0,1,3,1.333333333,2120,0.0,0,0.926829268,0.333333333,0,0,495.5,2,1.0,2
xalan,2.7,xalan-2.7.csv,org.apache.xpath.axes.FilterExprIteratorSimple,16,5,0,16,44,8,4,13,14,0.813333333,261,0.8,2,0.899280576,0.18125,3,10,15.0,4,1.4375,1
xalan,2.7,xalan-2.7.csv,org.apache.xalan.transformer.MsgMgr,12,1,0,12,20,46,11,2,12,0.0,176,1.0,1,0.0,0.489583333,0,0,13.58333333,1,0.9167,1
xalan,2.7,xalan-2.7.csv,org.apache.xalan.transformer.NumeratorFormatter,4,1,0,3,11,4,1,3,0,1.095238095,357,0.428571429,3,0.0,0.428571429,0,0,86.5,7,3.5,1
xalan,2.7,xalan-2.7.csv,org.apache.xalan.xsltc.compiler.ArgumentList,2,1,0,1,7,0,0,1,2,0.0,35,1.0,2,0.0,0.666666667,0,0,15.5,2,1.0,1
xalan,2.7,xalan-2.7.csv,org.apache.xalan.xsltc.compiler.StringCall,3,4,0,13,17,3,0,13,3,2.0,75,0.0,0,0.979591837,0.444444444,3,13,24.0,3,1.3333,1
xalan,2.7,xalan-2.7.csv,org.apache.xalan.extensions.MethodResolver,13,1,0,11,70,66,2,9,6,0.952898551,2002,0.347826087,7,0.0,0.266666667,0,0,151.2307692,14,3.2308,1
xalan,2.7,xalan-2.7.csv,org.apache.xml.utils.res.IntArrayWrapper,3,1,0,13,4,0,13,0,3,0.0,19,1.0,0,0.0,0.555555556,0,0,5.0,1,0.6667,1
xalan,2.7,xalan-2.7.csv,org.apache.xalan.xsltc.runtime.Node,1,1,0,1,2,0,1,0,1,2.0,12,0.0,0,0.0,1.0,0,0,9.0,0,0.0,1
xalan,2.7,xalan-2.7.csv,org.apache.xalan.xsltc.runtime.ObjectFactory,13,1,0,3,49,64,1,2,0,0.916666667,699,0.833333333,0,0.0,0.3125,0,0,52.30769231,16,2.4615,1
xalan,2.7,xalan-2.7.csv,org.apache.xalan.templates.StylesheetRoot,60,5,0,54,131,1584,46,24,44,0.952683616,1057,0.916666667,11,0.828402367,0.076811594,3,6,16.21666667,10,1.5,2
xalan,2.7,xalan-2.7.csv,org.apache.xpath.domapi.XPathResultImpl,17,1,0,5,43,54,1,4,10,0.741071429,647,1.0,2,0.0,0.218487395,0,0,36.64705882,5,1.5294,1
xalan,2.7,xalan-2.7.csv,org.apache.xpath.res.XPATHErrorResources_cs,4,3,0,1,15,6,0,1,3,1.333333333,2120,0.0,0,0.926829268,0.333333333,0,0,495.5,2,1.0,2
xalan,2.7,xalan-2.7.csv,org.apache.xml.dtm.ref.ObjectFactory,13,1,0,3,49,64,1,2,0,0.916666667,699,0.833333333,0,0.0,0.3125,0,0,52.30769231,16,2.4615,1
xalan,2.7,xalan-2.7.csv,org.apache.xalan.xsltc.compiler.BooleanExpr,7,3,0,17,16,1,1,16,7,0.333333333,70,1.0,0,0.922077922,0.371428571,2,8,8.857142857,2,1.1429,1
xalan,2.7,xalan-2.7.csv,org.apache.xalan.templates.AbsPathChecker,4,2,0,8,6,0,1,7,4,0.0,37,1.0,0,0.8,0.45,0,0,8.0,3,1.25,1
xalan,2.7,xalan-2.7.csv,org.apache.xml.dtm.ref.SecuritySupport,11,1,1,2,20,53,2,1,0,0.9,90,1.0,0,0.0,0.4,0,0,7.090909091,2,0.9091,1
xalan,2.7,xalan-2.7.csv,org.apache.xalan.xsltc.trax.Util,5,1,0,6,36,10,2,4,5,2.0,210,0.0,0,0.0,0.3,0,0,41.0,1,0.8,1
xalan,2.7,xalan-2.7.csv,org.apache.xalan.xsltc.compiler.util.NodeSortRecordGenerator,3,4,0,5,5,1,1,4,3,1.0,25,1.0,0,0.975903614,0.466666667,0,0,6.666666667,1,0.6667,1
xalan,2.7,xalan-2.7.csv,org.apache.xml.serializer.Version,9,1,0,0,18,36,0,0,9,2.0,81,0.0,0,0.0,0.111111111,0,0,8.0,2,1.1111,1
xalan,2.7,xalan-2.7.csv,org.apache.xalan.xsltc.compiler.CeilingCall,2,4,0,10,10,1,0,10,2,2.0,31,0.0,0,0.989690722,0.6,2,5,14.5,1,0.5,1
xalan,2.7,xalan-2.7.csv,org.apache.xml.dtm.ref.SecuritySupport12,9,2,0,9,23,36,9,9,0,2.0,82,0.0,0,0.529411765,0.444444444,0,0,8.111111111,1,0.8889,1
xalan,2.7,xalan-2.7.csv,org.apache.xalan.templates.ElemOtherwise,3,3,0,1,4,3,0,1,3,1.5,11,0.0,0,0.98989899,1.0,2,4,2.333333333,1,0.6667,1
xalan,2.7,xalan-2.7.csv,org.apache.xpath.domapi.XPathExpressionImpl,2,1,0,7,16,0,1,6,1,0.0,134,1.0,1,0.0,0.583333333,0,0,65.0,1,0.5,2
xalan,2.7,xalan-2.7.csv,org.apache.xalan.trace.TraceListenerEx,1,1,0,4,1,0,2,2,1,2.0,1,0.0,0,0.0,1.0,0,0,0.0,1,1.0,1
xalan,2.7,xalan-2.7.csv,org.apache.xalan.xsltc.compiler.util.ErrorMessages_fr,2,3,0,0,3,1,0,0,2,2.0,1243,0.0,0,0.974358974,1.0,0,0,620.5,1,0.5,2
xalan,2.7,xalan-2.7.csv,org.apache.xpath.functions.FuncPosition,5,3,0,9,17,8,1,8,5,0.875,93,0.5,0,0.904761905,0.4,1,6,17.2,8,2.4,1
xalan,2.7,xalan-2.7.csv,org.apache.xml.dtm.DTM,67,1,0,96,67,2211,93,4,67,1.015151515,83,0.0,0,0.0,0.242537313,0,0,0.0,1,1.0,1
xalan,2.7,xalan-2.7.csv,org.apache.xalan.xsltc.cmdline.getopt.IllegalArgumentException,1,4,0,2,2,0,1,1,1,2.0,6,0.0,0,1.0,1.0,0,0,4.0,0,0.0,1
xalan,2.7,xalan-2.7.csv,org.apache.xalan.xsltc.runtime.output.OutputBuffer,4,1,0,2,4,6,2,0,4,2.0,4,0.0,0,0.0,0.4,0,0,0.0,1,1.0,1
xalan,2.7,xalan-2.7.csv,org.apache.xalan.templates.ElemCopy,4,4,0,10,26,6,1,9,4,1.333333333,128,0.0,0,0.985365854,0.625,2,4,30.75,1,0.75,1
xalan,2.7,xalan-2.7.csv,org.apache.xalan.extensions.ExtensionHandler,7,1,3,15,11,21,9,6,5,1.0,29,1.0,0,0.0,0.349206349,0,0,2.857142857,1,0.8571,1
xalan,2.7,xalan-2.7.csv,org.apache.xml.serializer.utils.MsgKey,1,1,0,0,2,0,0,0,1,2.0,40,0.0,0,0.0,1.0,0,0,3.0,0,0.0,2
xalan,2.7,xalan-2.7.csv,org.apache.xalan.xsltc.compiler.StepPattern,20,6,1,53,101,50,8,46,13,0.831578947,1191,1.0,1,0.838983051,0.225,3,8,58.05,8,2.6,2
xalan,2.7,xalan-2.7.csv,org.apache.xml.utils.res.StringArrayWrapper,3,1,0,13,4,0,13,0,3,0.0,19,1.0,0,0.0,0.555555556,0,0,5.0,1,0.6667,1
xalan,2.7,xalan-2.7.csv,org.apache.xalan.extensions.ExtensionHandlerExsltFunction,9,2,0,16,32,28,0,16,7,0.625,228,1.0,2,0.461538462,0.325,1,1,24.0,8,2.2222,2
xalan,2.7,xalan-2.7.csv,org.apache.xalan.transformer.NodeSortKey,1,1,0,6,10,0,3,4,0,2.0,80,0.0,3,0.0,1.0,0,0,71.0,0,0.0,1
xalan,2.7,xalan-2.7.csv,org.apache.xalan.xsltc.compiler.util.ErrorMessages_de,2,3,0,0,3,1,0,0,2,2.0,1243,0.0,0,0.974358974,1.0,0,0,620.5,1,0.5,2
xalan,2.7,xalan-2.7.csv,org.apache.xalan.xsltc.compiler.util.MultiHashtable,3,3,0,2,11,3,2,0,3,1.5,62,0.0,0,0.95,0.833333333,1,2,19.33333333,5,2.3333,1
xalan,2.7,xalan-2.7.csv,org.apache.xpath.objects.LessThanOrEqualComparator,3,2,0,3,5,3,1,2,0,2.0,24,0.0,0,0.5,0.555555556,0,0,7.0,2,1.3333,0
xalan,2.7,xalan-2.7.csv,org.apache.xpath.res.XPATHErrorResources_fr,4,3,0,1,15,6,0,1,3,1.333333333,2120,0.0,0,0.926829268,0.333333333,0,0,495.5,2,1.0,2
xalan,2.7,xalan-2.7.csv,org.apache.xalan.templates.FuncDocument,8,5,0,15,66,28,0,15,6,1.142857143,552,0.0,0,0.888888889,0.475,3,8,67.875,1,0.875,2
xalan,2.7,xalan-2.7.csv,org.apache.xpath.functions.FuncRound,2,4,0,5,7,1,0,5,2,2.0,44,0.0,0,0.979591837,0.75,1,6,20.5,1,0.5,1
xalan,2.7,xalan-2.7.csv,org.apache.xalan.transformer.XalanProperties,1,1,0,0,2,0,0,0,1,2.0,5,0.0,0,0.0,1.0,0,0,3.0,0,0.0,1
xalan,2.7,xalan-2.7.csv,org.apache.xalan.templates.XMLNSDecl,4,1,0,2,5,0,2,0,4,0.833333333,29,0.75,0,0.0,0.5,0,0,5.25,1,0.75,1
xalan,2.7,xalan-2.7.csv,org.apache.xpath.functions.FuncSystemProperty,3,4,0,9,26,3,0,9,3,1.5,188,0.0,0,0.96,0.5,2,8,61.0,1,0.6667,1
xalan,2.7,xalan-2.7.csv,org.apache.xalan.xsltc.cmdline.Compile,4,1,0,4,39,4,0,4,3,0.333333333,214,1.0,0,0.0,0.333333333,0,0,51.75,9,2.75,1
xalan,2.7,xalan-2.7.csv,org.apache.xalan.transformer.XSLInfiniteLoopException,2,1,0,0,3,1,0,0,1,2.0,7,0.0,0,0.0,1.0,0,0,2.5,1,0.5,1
xalan,2.7,xalan-2.7.csv,org.apache.xalan.xsltc.compiler.ContainsCall,5,4,0,18,22,4,0,18,5,0.25,126,1.0,2,0.96,0.4,3,14,23.8,1,0.8,1
xalan,2.7,xalan-2.7.csv,org.apache.xalan.xsltc.dom.CollatorFactoryBase,4,1,0,1,9,4,0,1,3,0.666666667,29,0.0,0,0.0,0.555555556,0,0,5.75,2,0.75,1
xalan,2.7,xalan-2.7.csv,org.apache.xml.serializer.SerializerTrace,6,1,0,12,6,15,12,0,6,1.2,18,0.0,0,0.0,0.533333333,0,0,0.0,1,1.0,1
xalan,2.7,xalan-2.7.csv,org.apache.xml.serializer.utils.SerializerMessages_tr,2,3,0,0,3,1,0,0,2,2.0,374,0.0,0,0.974358974,1.0,0,0,186.0,1,0.5,3
xalan,2.7,xalan-2.7.csv,org.apache.xalan.xsltc.dom.AbsoluteIterator,8,2,0,3,21,0,1,3,8,0.0,85,1.0,1,0.65,0.34375,1,5,9.5,2,1.0,1
xalan,2.7,xalan-2.7.csv,org.apache.xalan.xsltc.compiler.NamespaceUriCall,3,5,0,9,11,3,0,9,3,2.0,37,0.0,0,0.99,0.533333333,3,5,11.33333333,1,0.3333,1
xalan,2.7,xalan-2.7.csv,org.apache.xpath.objects.DTMXRTreeFrag,7,1,0,3,9,0,2,2,5,0.611111111,61,1.0,2,0.0,0.357142857,1,1,7.285714286,3,1.1429,1
xalan,2.7,xalan-2.7.csv,org.apache.xalan.xsltc.runtime.output.StringOutputBuffer,5,1,0,1,11,0,0,1,5,0.0,41,1.0,0,0.0,0.36,0,0,7.0,1,0.8,1
xalan,2.7,xalan-2.7.csv,org.apache.xpath.functions.FuncString,2,5,0,5,4,1,0,5,2,2.0,11,0.0,0,0.982142857,0.75,2,7,4.0,1,0.5,1
xalan,2.7,xalan-2.7.csv,org.apache.xalan.transformer.SerializerSwitcher,4,1,0,5,21,6,1,4,3,2.0,153,0.0,0,0.0,0.4,0,0,37.25,1,0.75,1
xalan,2.7,xalan-2.7.csv,org.apache.xalan.lib.sql.ObjectArray,7,1,0,3,19,0,3,1,6,0.25,432,1.0,1,0.0,0.464285714,0,0,60.14285714,3,1.4286,1
xalan,2.7,xalan-2.7.csv,org.apache.xalan.xsltc.dom.SecuritySupport12,9,2,0,9,23,36,9,9,0,2.0,82,0.0,0,0.529411765,0.444444444,0,0,8.111111111,1,0.8889,1
xalan,2.7,xalan-2.7.csv,org.apache.xalan.xslt.EnvironmentCheck,20,1,0,2,74,178,1,1,5,0.973684211,2239,0.166666667,0,0.0,0.245614035,0,0,110.35,9,3.65,1
xalan,2.7,xalan-2.7.csv,org.apache.xalan.xsltc.dom.DOMBuilder,0,1,0,4,0,0,3,1,0,2.0,0,0.0,0,0.0,0.0,0,0,0.0,0,0.0,1
xalan,2.7,xalan-2.7.csv,org.apache.xml.dtm.ref.DTMDefaultBase,93,1,1,16,138,4050,4,13,68,0.928743961,2310,0.777777778,14,0.0,0.173835125,0,0,23.5483871,15,2.4731,2
xalan,2.7,xalan-2.7.csv,org.apache.xml.res.XMLErrorResources_zh_TW,4,3,0,1,15,6,0,1,3,1.333333333,1166,0.0,0,0.926829268,0.333333333,0,0,271.25,2,1.0,2
xalan,2.7,xalan-2.7.csv,org.apache.xalan.templates.FuncFormatNumb,5,6,0,12,35,10,0,12,4,1.25,184,0.0,0,0.941176471,0.4,2,8,35.6,1,0.8,1
xalan,2.7,xalan-2.7.csv,org.apache.xalan.extensions.XPathFunctionImpl,3,1,0,3,8,1,1,2,2,0.5,52,1.0,1,0.0,0.5,0,0,15.66666667,3,1.3333,1
xalan,2.7,xalan-2.7.csv,org.apache.xpath.Expression,31,1,6,102,56,435,94,9,30,0.916666667,276,0.5,1,0.0,0.190615836,0,0,7.838709677,3,1.2903,1
xalan,2.7,xalan-2.7.csv,org.apache.xpath.functions.FuncSubstring,4,6,0,8,16,6,0,8,3,1.333333333,114,0.0,0,0.955223881,0.5,2,8,27.25,1,0.75,1
xalan,2.7,xalan-2.7.csv,org.apache.xalan.xsltc.compiler.AttributeValueTemplate,5,4,0,23,46,10,5,19,4,1.25,379,0.0,0,0.947368421,0.371428571,2,7,73.8,16,4.6,1
xalan,2.7,xalan-2.7.csv,org.apache.xalan.xsltc.compiler.util.NodeSortRecordFactGenerator,2,4,0,3,3,1,1,2,2,2.0,13,0.0,0,0.987804878,0.6,0,0,5.5,1,0.5,1
xalan,2.7,xalan-2.7.csv,org.apache.xml.dtm.ref.DTMNodeList,5,2,0,6,15,0,3,3,4,0.25,72,1.0,1,0.4,0.466666667,0,0,13.2,3,1.2,1
xalan,2.7,xalan-2.7.csv,org.apache.xalan.xsltc.compiler.LiteralAttribute,8,3,0,20,36,0,2,19,6,0.428571429,211,1.0,1,0.888888889,0.25,1,4,25.125,9,2.75,1
xalan,2.7,xalan-2.7.csv,org.apache.xalan.processor.ProcessorOutputElem,14,4,0,9,40,0,1,8,13,0.576923077,175,0.5,1,0.941704036,0.295918367,2,3,11.35714286,1,0.9286,1
xalan,2.7,xalan-2.7.csv,org.apache.xalan.xsltc.compiler.UnionPathExpr,6,3,0,20,37,0,1,20,5,0.5,288,1.0,3,0.934210526,0.285714286,2,8,46.33333333,7,2.5,1
xalan,2.7,xalan-2.7.csv,org.apache.xalan.xsltc.compiler.Attribute,3,3,0,4,14,1,0,4,2,0.5,37,1.0,1,0.965517241,0.555555556,1,4,11.0,1,0.6667,1
xalan,2.7,xalan-2.7.csv,org.apache.xml.utils.XMLString,37,1,0,47,37,666,47,0,37,2.0,37,0.0,0,0.0,0.191891892,1,1,0.0,1,1.0,1
xalan,2.7,xalan-2.7.csv,org.apache.xalan.res.XSLTErrorResources_ca,4,3,0,1,15,6,0,1,3,1.333333333,4270,0.0,0,0.926829268,0.333333333,0,0,1005.75,2,1.0,2
xalan,2.7,xalan-2.7.csv,org.apache.xml.utils.NodeConsumer,1,1,0,3,1,0,3,0,1,2.0,1,0.0,0,0.0,1.0,0,0,0.0,1,1.0,1
xalan,2.7,xalan-2.7.csv,org.apache.xpath.functions.FuncLocalPart,2,5,0,5,9,1,0,5,2,2.0,43,0.0,0,0.982142857,0.75,3,8,20.0,1,0.5,1
xalan,2.7,xalan-2.7.csv,org.apache.xml.res.XMLErrorResources_pt_BR,4,3,0,1,15,6,0,1,3,1.333333333,1166,0.0,0,0.926829268,0.333333333,0,0,271.25,2,1.0,2
xalan,2.7,xalan-2.7.csv,org.apache.xalan.res.XSLTErrorResources_pt_BR,4,3,0,1,15,6,0,1,3,1.333333333,4270,0.0,0,0.926829268,0.333333333,0,0,1005.75,2,1.0,2
xalan,2.7,xalan-2.7.csv,org.apache.xalan.transformer.KeyIterator,4,8,0,9,15,2,2,7,3,0.666666667,98,0.666666667,1,0.978571429,0.4375,2,2,22.75,4,1.5,1
xalan,2.7,xalan-2.7.csv,org.apache.xpath.operations.Neg,3,3,0,6,7,3,1,5,3,1.5,20,0.0,0,0.952380952,0.555555556,1,1,5.333333333,1,0.6667,1
xalan,2.7,xalan-2.7.csv,org.apache.xml.dtm.ref.DTMNodeIterator,9,1,0,11,19,0,7,4,9,0.5,106,1.0,1,0.0,0.555555556,0,0,10.55555556,3,1.1111,1
xalan,2.7,xalan-2.7.csv,org.apache.xpath.functions.FuncFloor,2,4,0,5,7,1,0,5,2,2.0,16,0.0,0,0.979591837,0.75,1,6,6.5,1,0.5,1
xalan,2.7,xalan-2.7.csv,org.apache.xalan.res.XSLTErrorResources_de,4,3,0,1,15,6,0,1,3,1.333333333,4270,0.0,0,0.926829268,0.333333333,0,0,1005.75,2,1.0,2
xalan,2.7,xalan-2.7.csv,org.apache.xalan.lib.sql.SecuritySupport,11,1,1,2,20,53,2,1,0,0.9,90,1.0,0,0.0,0.4,0,0,7.090909091,2,0.9091,1
xalan,2.7,xalan-2.7.csv,org.apache.xalan.xsltc.cmdline.SecuritySupport12,9,2,0,9,23,36,9,9,0,2.0,82,0.0,0,0.529411765,0.444444444,0,0,8.111111111,1,0.8889,1
xalan,2.7,xalan-2.7.csv,org.apache.xpath.VariableStack,22,1,1,28,42,0,21,9,21,0.734693878,477,0.285714286,2,0.0,0.365079365,0,0,20.36363636,3,1.0,2
xalan,2.7,xalan-2.7.csv,org.apache.xpath.axes.OneStepIterator,14,7,0,12,41,7,3,10,10,0.58974359,333,0.666666667,1,0.917241379,0.273809524,4,18,22.57142857,12,2.7143,2
xalan,2.7,xalan-2.7.csv,org.apache.xml.serializer.Encodings,13,1,0,11,44,60,7,4,2,0.930555556,447,0.833333333,1,0.0,0.25,0,0,32.92307692,12,3.2308,4
xalan,2.7,xalan-2.7.csv,org.apache.xalan.xsltc.trax.TransformerHandlerImpl,29,1,0,15,78,114,2,14,29,0.854166667,505,1.0,3,0.0,0.237068966,0,0,16.0,2,1.0,1
xalan,2.7,xalan-2.7.csv,org.apache.xml.serializer.Method,1,1,0,0,2,0,0,0,0,2.0,9,0.0,0,0.0,1.0,0,0,3.0,0,0.0,1
xalan,2.7,xalan-2.7.csv,org.apache.xalan.xslt.SecuritySupport,11,1,1,2,20,53,2,1,0,0.9,90,1.0,0,0.0,0.4,0,0,7.090909091,2,0.9091,1
xalan,2.7,xalan-2.7.csv,org.apache.xalan.xsltc.runtime.Operators,4,1,0,3,5,2,3,0,3,1.166666667,78,0.25,0,0.0,0.5,0,0,16.5,1,0.5,1
xalan,2.7,xalan-2.7.csv,org.apache.xalan.trace.TraceListenerEx2,1,1,0,4,1,0,2,2,1,2.0,1,0.0,0,0.0,1.0,0,0,0.0,1,1.0,1
xalan,2.7,xalan-2.7.csv,org.apache.xalan.xsltc.dom.AnyNodeCounter,4,2,1,5,13,4,1,5,4,2.0,96,0.0,0,0.823529412,0.5,1,4,23.0,10,3.0,1
xalan,2.7,xalan-2.7.csv,org.apache.xalan.xsltc.compiler.util.RtMethodGenerator,5,5,0,7,8,6,0,7,5,0.916666667,41,1.0,0,0.971830986,0.325,1,2,6.6,1,0.8,1
xalan,2.7,xalan-2.7.csv,org.apache.xpath.WhitespaceStrippingElementMatcher,2,1,0,2,2,1,1,1,2,2.0,2,0.0,0,0.0,0.666666667,0,0,0.0,1,1.0,1
xalan,2.7,xalan-2.7.csv,org.apache.xalan.xsltc.compiler.UnaryOpExpr,7,3,0,13,30,0,0,13,7,0.0,106,1.0,1,0.922077922,0.285714286,2,8,14.0,1,0.8571,1
xalan,2.7,xalan-2.7.csv,org.apache.xalan.xsltc.compiler.util.ObjectFactory,13,1,0,3,49,64,1,2,0,0.916666667,699,0.833333333,0,0.0,0.3125,0,0,52.30769231,16,2.4615,1
xalan,2.7,xalan-2.7.csv,org.apache.xalan.xsltc.compiler.DecimalFormatting,5,3,0,24,36,2,2,23,4,1.0,537,1.0,1,0.9375,0.4,3,7,105.8,17,4.8,1
xalan,2.7,xalan-2.7.csv,org.apache.xml.serializer.utils.SerializerMessages_en,1,4,0,1,2,0,0,1,1,2.0,4,0.0,0,1.0,1.0,0,0,3.0,0,0.0,1
xalan,2.7,xalan-2.7.csv,org.apache.xalan.res.XSLMessages,4,3,0,74,7,0,73,1,3,0.833333333,40,1.0,0,0.818181818,0.555555556,0,0,8.5,3,1.5,1
xalan,2.7,xalan-2.7.csv,org.apache.xalan.xsltc.runtime.CallFunction,10,1,0,1,62,39,0,1,3,0.844444444,678,0.0,0,0.0,0.177777778,0,0,65.8,13,6.4,1
xalan,2.7,xalan-2.7.csv,org.apache.xml.dtm.ref.IncrementalSAXSource_Filter,42,1,0,10,90,335,6,5,39,0.667917448,877,0.923076923,1,0.0,0.125396825,0,0,19.57142857,6,1.2857,1
xalan,2.7,xalan-2.7.csv,org.apache.xalan.trace.TracerEvent,3,1,0,7,15,3,4,3,3,1.0,183,0.0,3,0.0,0.388888889,0,0,58.66666667,5,3.3333,1
xalan,2.7,xalan-2.7.csv,org.apache.xalan.processor.ProcessorKey,3,4,0,10,34,3,1,9,1,1.5,170,0.0,0,0.990566038,0.666666667,1,1,55.33333333,1,0.6667,2
xalan,2.7,xalan-2.7.csv,org.apache.xml.res.XMLErrorResources_en,1,4,0,1,2,0,0,1,1,2.0,4,0.0,0,1.0,1.0,0,0,3.0,0,0.0,1
xalan,2.7,xalan-2.7.csv,org.apache.xpath.objects.XRTreeFragSelectWrapper,10,4,0,9,19,43,1,8,10,1.111111111,88,0.0,0,0.905263158,0.28,3,22,7.7,1,0.9,1
xalan,2.7,xalan-2.7.csv,org.apache.xpath.functions.FunctionOneArg,11,3,15,22,20,0,15,7,10,0.7,114,0.0,1,0.791666667,0.345454545,2,4,9.181818182,6,1.5455,1
xalan,2.7,xalan-2.7.csv,org.apache.xpath.res.XPATHErrorResources_pl,4,3,0,1,15,6,0,1,3,1.333333333,2120,0.0,0,0.926829268,0.333333333,0,0,495.5,2,1.0,2
xalan,2.7,xalan-2.7.csv,org.apache.xpath.compiler.Compiler,48,2,0,59,113,1064,22,41,15,0.617021277,1203,0.714285714,2,0.318181818,0.160392799,1,1,23.91666667,12,1.2083,1
xalan,2.7,xalan-2.7.csv,org.apache.xml.utils.XMLStringDefault,38,1,0,4,68,0,3,1,38,0.081081081,267,1.0,0,0.0,0.192105263,1,1,6.0,2,1.0,1
xalan,2.7,xalan-2.7.csv,org.apache.xml.serializer.utils.SerializerMessages_es,2,3,0,0,3,1,0,0,2,2.0,374,0.0,0,0.974358974,1.0,0,0,186.0,1,0.5,3
xalan,2.7,xalan-2.7.csv,org.apache.xml.res.XMLErrorResources_es,4,3,0,1,15,6,0,1,3,1.333333333,1166,0.0,0,0.926829268,0.333333333,0,0,271.25,2,1.0,2
xalan,2.7,xalan-2.7.csv,org.apache.xalan.xsltc.compiler.IntExpr,4,3,0,11,14,0,0,11,4,0.333333333,44,1.0,0,0.959459459,0.4,2,7,9.75,1,0.75,1
xalan,2.7,xalan-2.7.csv,org.apache.xalan.processor.ProcessorExsltFunction,6,5,0,27,27,15,1,26,4,1.2,230,0.0,0,0.97706422,0.533333333,2,4,37.16666667,7,1.8333,1
xalan,2.7,xalan-2.7.csv,org.apache.xalan.templates.ElemChoose,6,3,0,9,27,15,0,9,6,1.2,167,0.0,0,0.975124378,0.444444444,2,6,26.66666667,4,1.3333,1
xalan,2.7,xalan-2.7.csv,org.apache.xml.dtm.ref.IncrementalSAXSource_Xerces,14,1,0,9,53,27,0,9,10,0.596153846,752,0.15,0,0.0,0.162393162,0,0,51.28571429,9,1.5,1
xalan,2.7,xalan-2.7.csv,org.apache.xpath.res.XPATHErrorResources_sk,4,3,0,1,15,6,0,1,3,1.333333333,2120,0.0,0,0.926829268,0.333333333,0,0,495.5,2,1.0,2
xalan,2.7,xalan-2.7.csv,org.apache.xalan.xsltc.compiler.ParameterRef,3,4,0,19,32,0,1,18,3,0.5,161,0.0,1,0.974358974,0.5,2,3,52.33333333,8,3.0,2
xalan,2.7,xalan-2.7.csv,org.apache.xpath.functions.FuncExtFunctionAvailable,3,4,0,10,16,0,2,8,3,0.75,93,0.5,1,0.96,0.555555556,2,7,29.33333333,1,0.6667,1
xalan,2.7,xalan-2.7.csv,org.apache.xml.serializer.ObjectFactory,13,1,0,5,49,64,3,2,0,0.916666667,699,0.833333333,0,0.0,0.3125,0,0,52.30769231,16,2.4615,1
xalan,2.7,xalan-2.7.csv,org.apache.xalan.xsltc.compiler.TransletOutput,5,3,0,22,38,0,0,22,4,0.5,205,1.0,1,0.933333333,0.333333333,2,7,39.6,6,2.0,1
xalan,2.7,xalan-2.7.csv,org.apache.xalan.lib.Extensions,12,1,0,13,56,66,1,12,9,0.909090909,338,0.0,0,0.0,0.208333333,0,0,27.0,5,2.0,1
xalan,2.7,xalan-2.7.csv,org.apache.xml.dtm.Axis,5,1,0,8,6,2,8,0,4,1.195652174,189,0.086956522,0,0.0,0.375,0,0,32.2,1,0.6,1
xalan,2.7,xalan-2.7.csv,org.apache.xpath.jaxp.JAXPExtensionsProvider,6,1,0,8,25,0,2,6,6,0.3,275,1.0,0,0.0,0.380952381,0,0,44.5,1,0.6667,1
xalan,2.7,xalan-2.7.csv,org.apache.xpath.res.XPATHErrorResources_ru,4,3,0,1,15,6,0,1,3,1.333333333,2120,0.0,0,0.926829268,0.333333333,0,0,495.5,2,1.0,2
xalan,2.7,xalan-2.7.csv,org.apache.xpath.functions.FuncConcat,4,7,0,7,13,6,0,7,3,1.333333333,82,0.0,0,0.96,0.5,3,8,19.25,1,0.75,1
xalan,2.7,xalan-2.7.csv,org.apache.xml.serializer.utils.SerializerMessages_hu,2,3,0,0,3,1,0,0,2,2.0,374,0.0,0,0.974358974,1.0,0,0,186.0,1,0.5,3
xalan,2.7,xalan-2.7.csv,org.apache.xalan.transformer.TransformSnapshot,0,1,0,2,0,0,2,0,0,2.0,0,0.0,0,0.0,0.0,0,0,0.0,0,0.0,1
xalan,2.7,xalan-2.7.csv,org.apache.xpath.functions.FunctionDef1Arg,8,4,9,18,21,8,9,9,4,1.142857143,111,0.0,0,0.872727273,0.5,2,5,12.75,2,1.125,1
xalan,2.7,xalan-2.7.csv,org.apache.xalan.templates.ElemSort,15,3,0,7,26,53,2,5,15,0.833333333,165,0.833333333,5,0.933333333,0.293333333,2,6,9.6,2,1.0,1
xalan,2.7,xalan-2.7.csv,org.apache.xalan.templates.ElemExtensionDecl,14,3,0,10,42,27,1,9,14,0.769230769,291,0.75,2,0.937799043,0.25,3,4,19.5,2,1.0714,1
xalan,2.7,xalan-2.7.csv,org.apache.xalan.processor.ProcessorAttributeSet,3,4,0,7,19,3,1,6,2,1.5,55,0.0,0,0.990566038,0.666666667,2,3,17.0,1,0.6667,1
xalan,2.7,xalan-2.7.csv,org.apache.xml.serializer.utils.SerializerMessages_it,2,3,0,0,3,1,0,0,2,2.0,374,0.0,0,0.974358974,1.0,0,0,186.0,1,0.5,3
xalan,2.7,xalan-2.7.csv,org.apache.xalan.xsltc.dom.FilteredStepIterator,2,3,0,3,6,0,0,3,2,0.0,28,1.0,1,0.952380952,0.666666667,1,2,12.5,3,1.5,1
xalan,2.7,xalan-2.7.csv,org.apache.xalan.xsltc.compiler.NamespaceAlias,4,3,0,8,8,6,1,7,3,1.0,30,1.0,0,0.952380952,0.4,2,4,6.0,1,0.75,1
xalan,2.7,xalan-2.7.csv,org.apache.xml.res.XMLErrorResources_it,4,3,0,1,15,6,0,1,3,1.333333333,1166,0.0,0,0.926829268,0.333333333,0,0,271.25,2,1.0,2
xalan,2.7,xalan-2.7.csv,org.apache.xml.serializer.utils.WrappedRuntimeException,3,4,0,5,5,0,5,0,3,0.75,23,0.5,0,0.944444444,0.666666667,0,0,6.0,1,0.3333,1
xalan,2.7,xalan-2.7.csv,org.apache.xml.serializer.utils.SerializerMessages_ja,2,3,0,0,3,1,0,0,2,2.0,374,0.0,0,0.974358974,1.0,0,0,186.0,1,0.5,3
xalan,2.7,xalan-2.7.csv,org.apache.xalan.templates.ElemLiteralResult,38,4,2,21,98,527,8,15,33,0.914004914,807,0.909090909,2,0.845188285,0.150717703,3,19,19.94736842,10,2.0,3
xalan,2.7,xalan-2.7.csv,org.apache.xalan.templates.ElemVariable,23,3,3,34,78,161,18,22,20,0.863636364,422,0.666666667,2,0.903225806,0.169565217,2,16,17.08695652,4,1.1304,1
xalan,2.7,xalan-2.7.csv,org.apache.xml.serializer.ExtendedContentHandler,19,1,0,2,19,171,1,1,19,1.055555556,22,0.0,0,0.0,0.308270677,0,0,0.0,1,1.0,1
xalan,2.7,xalan-2.7.csv,org.apache.xalan.transformer.DecimalToRoman,1,1,0,2,2,0,2,0,1,2.0,20,0.0,0,0.0,1.0,0,0,15.0,0,0.0,1
xalan,2.7,xalan-2.7.csv,org.apache.xml.utils.res.XResources_ja_JP_HA,2,4,0,5,7,1,0,5,2,2.0,618,0.0,0,0.976190476,1.0,0,0,308.0,1,0.5,1
xalan,2.7,xalan-2.7.csv,org.apache.xalan.xsltc.dom.SecuritySupport,11,1,1,2,20,53,2,1,0,0.9,90,1.0,0,0.0,0.4,0,0,7.090909091,2,0.9091,1
xalan,2.7,xalan-2.7.csv,org.apache.xalan.templates.ElemUnknown,5,5,0,5,16,8,0,5,3,1.25,86,0.0,0,0.983539095,0.7,2,3,16.0,3,1.2,1
xalan,2.7,xalan-2.7.csv,org.apache.xml.utils.res.XResources_ja_JP_HI,2,4,0,5,7,1,0,5,2,2.0,614,0.0,0,0.976190476,1.0,0,0,306.0,1,0.5,1
xalan,2.7,xalan-2.7.csv,org.apache.xpath.XPathAPI,10,1,0,5,21,45,0,5,10,2.0,116,0.0,0,0.0,0.5,0,0,10.6,1,0.9,2
xalan,2.7,xalan-2.7.csv,org.apache.xalan.xsltc.compiler.SymbolTable,25,1,0,90,48,214,88,9,24,0.891666667,494,1.0,1,0.0,0.185454545,0,0,18.36,5,2.2,4
